arcade_addr,name,ps2_file,stage,grade,shape,const_sim,call_sim
06005DA8,Zoomf_Init,Source/Game/bg.c,calls,medium,0.15,,
06005E44,Frame_Up,Source/Game/bg.c,calls,medium,0.2,,
06005E62,Frame_Down,Source/Game/bg.c,calls,medium,0.2,,
060061D0,Com_Initialize,Source/Game/Com_Pl.c,table,high,0.99,,1.0
0600643C,Com_Free,Source/Game/Com_Pl.c,table,high,0.93,,1.0
0600653C,Com_Before_Follow,Source/Game/Com_Pl.c,table,high,1.0,,1.0
06006610,Com_Before_Passive,Source/Game/Com_Pl.c,table,high,0.99,,1.0
060066E8,Com_Guard,Source/Game/Com_Pl.c,table,high,0.66,,0.78
060067EC,Check_Hamari,Source/Game/Com_Pl.c,order-align,high,0.76,,1.0
06006914,Com_Guard_VS_Shell,Source/Game/Com_Pl.c,table,high,0.99,,1.0
060069C6,Check_No12_Shell_Guard,Source/Game/Com_Pl.c,calls,medium,0.38,,
060069F6,Check_Guard_Type,Source/Game/Com_Pl.c,calls,medium,1.0,,
06006A90,Ck_Exit_Guard,Source/Game/Com_Pl.c,order,medium,0.49,,0.67
06006B80,Ck_Exit_Guard_Sub,Source/Game/Com_Pl.c,order,medium,1.0,,
06006C22,Com_Active,Source/Game/Com_Pl.c,table,high,0.56,,1.0
06006C72,Com_Follow,Source/Game/Com_Pl.c,table,high,0.56,,1.0
06006CE0,Com_Passive,Source/Game/Com_Pl.c,table,high,0.56,,1.0
06006D30,Com_VS_Shell,Source/Game/Com_Pl.c,table,high,0.56,,1.0
06006D80,Com_Damage,Source/Game/Com_Pl.c,table,medium,0.36,,0.67
06006E00,Damage_1st,Source/Game/Com_Pl.c,order-align,medium,0.24,,0.77
06007682,Damage_7th,Source/Game/Com_Pl.c,order-align,low,0.96,,0.25
0600775A,Exit_Damage_Sub,Source/Game/Com_Pl.c,calls,high,0.5,,0.8
0600777C,Check_Damage,Source/Game/Com_Pl.c,calls,high,0.89,,1.0
06007818,Com_Float,Source/Game/Com_Pl.c,table,high,0.88,,1.0
06007A1E,Com_Flip,Source/Game/Com_Pl.c,table,high,0.92,,1.0
06007A6C,Flip_Zero,Source/Game/Com_Pl.c,order,medium,0.28,,0.67
06007B10,Check_Flip_GO,Source/Game/Com_Pl.c,order,medium,1.0,,0.67
06007BC6,Flip_1st,Source/Game/Com_Pl.c,order,medium,0.27,,
06007D28,Flip_3rd,Source/Game/Com_Pl.c,order,medium,0.39,,0.33
06007DE4,Flip_4th,Source/Game/Com_Pl.c,order,low,0.45,,0.0
06007E44,SetShellFlipLever,Source/Game/Com_Pl.c,order,low,0.24,,0.0
06007EE8,Check_Shell_Flip,Source/Game/Com_Pl.c,order-align,high,0.05,,1.0
06007F64,Check_Flip,Source/Game/Com_Pl.c,calls,medium,1.0,,
06008048,Check_Flip_Attack,Source/Game/Com_Pl.c,order-align,high,0.54,,1.0
06008126,Com_Caught,Source/Game/Com_Pl.c,table,medium,0.23,0.0,0.67
0600826C,Decide_Exit_Catch,Source/Game/Com_Pl.c,order-align,high,0.46,,1.0
060082D6,Com_Rapid_Sub,Source/Game/Com_Pl.c,order,medium,0.57,,
0600831A,Check_Caught,Source/Game/Com_Pl.c,calls,high,0.98,,1.0
060083A0,Com_Catch,Source/Game/Com_Pl.c,table,medium,0.29,,0.67
0600846A,Be_Catch,Source/Game/Com_Pl.c,calls,medium,0.39,,
060084A4,Com_Wait_Lie,Source/Game/Com_Pl.c,table,medium,0.43,,0.67
060084EC,Command_Attack_SP,Source/Game/Com_Pl.c,order-align,high,1.0,,1.0
06008778,Next_Be_Float,Source/Game/Com_Pl.c,order-align,high,0.52,,0.8
060087E4,Clear_Com_Flag,Source/Game/Com_Pl.c,calls,medium,0.84,,
060088D4,Check_At_Count,Source/Game/Com_Pl.c,order,medium,0.81,,
0600899A,Shift_Resume_Lv,Source/Game/Com_Pl.c,order,medium,0.71,,
06008A08,Check_Store_Lv,Source/Game/Com_Pl.c,order,medium,0.46,,0.67
06008ABC,Store_LR_Sub,Source/Game/Com_Pl.c,order,medium,1.0,,
06008BB0,Setup_Bullet_Counter,Source/Game/Com_Pl.c,calls,high,0.99,,1.0
06008BF0,Pattern_Insurance,Source/Game/Com_Pl.c,calls,medium,0.53,,
06008C24,End_Pattern,Source/Game/Com_Sub.c,calls,medium,0.07,,
06008C30,Turn_Over_On,Source/Game/Com_Sub.c,calls,medium,0.84,,
06008C56,Only_Shot,Source/Game/Com_Sub.c,order,medium,0.72,,
06008C74,Lever_On,Source/Game/Com_Sub.c,calls,medium,0.99,,
06008CF8,Lever_Off,Source/Game/Com_Sub.c,calls,medium,0.92,,
06008D22,Pierce_On,Source/Game/Com_Sub.c,calls,medium,0.74,,
06008DC2,Setup_DENJIN_LEVEL,Source/Game/Com_Sub.c,calls,high,0.99,,0.8
06008E22,Push_Shot,Source/Game/Com_Sub.c,calls,high,1.0,,0.89
06008F5C,Check_Exit_DENJIN,Source/Game/Com_Sub.c,calls,high,0.98,,1.0
06009100,Keep_Away,Source/Game/Com_Sub.c,calls,high,0.59,,0.8
060091C0,Setup_KA_Jump,Source/Game/Com_Sub.c,calls,medium,0.58,,
06009232,Setup_KA_Walk,Source/Game/Com_Sub.c,calls,medium,0.64,,
06009242,Search_Back_Term,Source/Game/Com_Sub.c,calls,medium,0.45,,0.67
060092EA,Approach_Walk,Source/Game/Com_Sub.c,calls,high,0.99,,0.89
0600942C,Check_Arrival,Source/Game/Com_Sub.c,calls,medium,0.92,,
060095E0,Walk,Source/Game/Com_Sub.c,calls,medium,1.0,,0.67
06009746,Forced_Guard,Source/Game/Com_Sub.c,calls,medium,0.83,,0.5
060097B2,Provoke,Source/Game/Com_Sub.c,calls,medium,0.52,0.0,0.67
060098C6,Normal_Attack,Source/Game/Com_Sub.c,calls,high,1.0,,0.91
06009A64,Normal_Attack_SP,Source/Game/Com_Sub.c,calls,high,0.99,,1.0
06009BD4,Adjust_Attack,Source/Game/Com_Sub.c,calls,high,0.6,,0.91
06009D36,Check_Squat,Source/Game/Com_Sub.c,order,medium,0.76,,
06009D4C,Check_Start_Normal_Attack,Source/Game/Com_Sub.c,calls,medium,0.84,,
06009D98,Lever_Attack,Source/Game/Com_Sub.c,calls,high,0.97,,0.93
06009E96,Lever_Attack_SP,Source/Game/Com_Sub.c,calls,high,0.98,,0.92
0600A046,Check_Start_Lever_Attack,Source/Game/Com_Sub.c,calls,medium,0.82,,
0600A07E,SA_Term,Source/Game/Com_Sub.c,calls,medium,0.12,,0.73
0600A3B0,DENJIN_Check,Source/Game/Com_Sub.c,order,medium,0.6,,
0600A3E2,YAGYOU_Check,Source/Game/Com_Sub.c,order,medium,0.94,,
0600A422,SA_Range_Check,Source/Game/Com_Sub.c,order,medium,0.98,,
0600A4AE,Check_SA,Source/Game/Com_Sub.c,calls,high,1.0,,1.0
0600A522,Check_EX,Source/Game/Com_Sub.c,calls,high,1.0,,1.0
0600A5C0,Check_SA_Full,Source/Game/Com_Sub.c,calls,high,0.99,,1.0
0600A67C,Branch_Unit_Area,Source/Game/Com_Sub.c,calls,high,0.95,,1.0
0600A708,Com_Random_Select,Source/Game/Com_Sub.c,calls,high,1.0,,0.8
0600A79A,Branch_Wait_Area,Source/Game/Com_Sub.c,calls,medium,1.0,,
0600A88A,Wait,Source/Game/Com_Sub.c,calls,high,0.92,,1.0
0600A960,Look,Source/Game/Com_Sub.c,calls,high,0.96,,1.0
0600AA6C,Keep_Status,Source/Game/Com_Sub.c,calls,medium,1.0,,0.67
0600ABC0,VS_Jump_Guard,Source/Game/Com_Sub.c,calls,high,1.0,,1.0
0600AC74,Wait_Lie,Source/Game/Com_Sub.c,calls,high,0.98,,0.8
0600ADA0,Wait_Get_Up,Source/Game/Com_Sub.c,calls,high,0.99,,0.8
0600AEA2,Check_Wait_Term,Source/Game/Com_Sub.c,calls,medium,0.92,,
0600AF10,Wait_Attack_Complete,Source/Game/Com_Sub.c,calls,high,0.99,,0.8
0600B016,Check_Exit_Guard,Source/Game/Com_Sub.c,calls,medium,1.0,,
0600B066,Short_Range_Attack,Source/Game/Com_Sub.c,calls,high,0.99,0.0,1.0
0600B19C,EM_Term,Source/Game/Com_Sub.c,calls,high,0.63,,0.93
0600B30E,SHELL_Term,Source/Game/Com_Sub.c,calls,high,0.97,,1.0
0600B466,Check_Term_Sub_Air,Source/Game/Com_Sub.c,order,medium,0.31,,
0600B4AC,Check_Term_Sub,Source/Game/Com_Sub.c,calls,medium,0.51,,
0600B4DE,Correct_Unit_PL,Source/Game/Com_Sub.c,order,medium,0.52,,
0600B4F0,Check_Term_Sub_Y,Source/Game/Com_Sub.c,calls,medium,1.0,,
0600B558,Jump,Source/Game/Com_Sub.c,calls,medium,0.43,,0.77
0600B6F6,Hi_Jump,Source/Game/Com_Sub.c,calls,high,0.47,,0.86
0600B93C,Check_Start_Hi_Jump,Source/Game/Com_Sub.c,order,medium,0.82,,
0600B974,Check_Air_Guard,Source/Game/Com_Sub.c,calls,medium,0.32,,0.5
0600BC46,Jump_Attack,Source/Game/Com_Sub.c,calls,high,0.71,0.67,0.92
0600BE70,Jump_Attack_Term,Source/Game/Com_Sub.c,calls,high,0.76,0.67,0.95
0600C164,Check_SP_Jump_Attack,Source/Game/Com_Sub.c,calls,medium,0.89,,
0600C196,Check_VS_Air_Attack,Source/Game/Com_Sub.c,calls,high,0.9,1.0,0.86
0600C324,Hi_Jump_Attack,Source/Game/Com_Sub.c,calls,high,0.76,0.67,0.94
0600C67C,Hi_Jump_Attack_Term,Source/Game/Com_Sub.c,calls,high,0.65,0.67,0.93
0600CABC,Check_Term_ABS_Distance,Source/Game/Com_Sub.c,calls,medium,0.74,,
0600CB34,Check_Com_Add_Y,Source/Game/Com_Sub.c,calls,medium,0.53,,
0600CB8E,ORO_JA_Term,Source/Game/Com_Sub.c,calls,high,0.76,0.67,0.96
0600CF54,ORO_HJA_Term,Source/Game/Com_Sub.c,calls,high,0.79,0.5,0.96
0600D390,Command_Attack,Source/Game/Com_Sub.c,calls,high,0.98,1.0,0.94
0600D7DE,Check_Resume_Lever,Source/Game/Com_Sub.c,order-align,medium,0.81,,
0600D874,J_Command_Attack,Source/Game/Com_Sub.c,calls,high,0.75,0.67,0.9
0600DB36,Rapid_Command_Attack,Source/Game/Com_Sub.c,calls,high,0.99,1.0,0.91
0600DDB8,Check_Rapid,Source/Game/Com_Sub.c,calls,high,0.53,1.0,1.0
0600DE3C,Setup_Rapid_End_Term,Source/Game/Com_Sub.c,calls,high,0.36,1.0,
0600DEA4,Rapid_Sub,Source/Game/Com_Sub.c,calls,high,0.71,,1.0
0600E014,Check_Rapid_End,Source/Game/Com_Sub.c,calls,medium,0.96,,
0600E108,Check_Start_Command_Attack,Source/Game/Com_Sub.c,calls,medium,0.92,,
0600E1AA,ORO_JCA_Term,Source/Game/Com_Sub.c,calls,high,0.77,1.0,0.96
0600E54A,ORO_HJCA_Term,Source/Game/Com_Sub.c,calls,high,0.65,0.5,0.94
0600E93E,Jump_Command_Attack_Term,Source/Game/Com_Sub.c,calls,high,0.44,0.5,0.88
0600EC72,Hi_Jump_Command_Attack_Term,Source/Game/Com_Sub.c,calls,high,0.47,0.5,0.89
0600EFB8,Check_Landed,Source/Game/Com_Sub.c,calls,high,0.95,,1.0
0600F09E,Check_Dash_Hit,Source/Game/Com_Sub.c,calls,high,0.97,,1.0
0600F15A,Setup_Front_or_Back,Source/Game/Com_Sub.c,calls,medium,0.57,,
0600F184,Check_Hit_Shell,Source/Game/Com_Sub.c,calls,medium,0.44,,
0600F1DC,Jump_Init,Source/Game/Com_Sub.c,calls,high,0.79,,1.0
0600F254,Command_Type_00,Source/Game/Com_Sub.c,calls,high,0.88,1.0,1.0
0600F4C0,Command_Type_06,Source/Game/Com_Sub.c,calls,high,0.93,,1.0
0600F574,Command_Type_01,Source/Game/Com_Sub.c,calls,high,0.94,,1.0
0600F6EE,Setup_Command_01,Source/Game/Com_Sub.c,calls,medium,0.99,,
0600F756,Check_Store_Lever,Source/Game/Com_Sub.c,calls,medium,0.3,,0.67
0600F7E2,Check_Store_Direction,Source/Game/Com_Sub.c,order,medium,1.0,,
0600F87E,Select_Combo_Speed,Source/Game/Com_Sub.c,calls,high,0.46,,1.0
0600F93C,Select_Reflection_Time,Source/Game/Com_Sub.c,order-align,high,0.33,,1.0
0600F9D2,Setup_Lv04,Source/Game/Com_Sub.c,order-align,medium,0.96,,
0600FA14,Setup_Lv08,Source/Game/Com_Sub.c,calls,medium,0.89,,
0600FA84,Setup_Lv10,Source/Game/Com_Sub.c,order,medium,0.98,,
0600FAC4,Setup_Lv18,Source/Game/Com_Sub.c,order,medium,0.96,,
0600FB06,Setup_VS_Catch_Data,Source/Game/Com_Sub.c,order,high,0.44,,1.0
0600FB74,Setup_LP_Data,Source/Game/Com_Sub.c,calls,high,0.5,,1.0
0600FBCA,Setup_WT_Data,Source/Game/Com_Sub.c,calls,medium,0.5,,0.67
0600FC20,Ck_Distance_Height,Source/Game/Com_Sub.c,order-align,medium,0.98,,
0600FC6A,Ck_Area,Source/Game/Com_Sub.c,order-align,medium,0.83,,
0600FCAC,Ck_Area_Shell,Source/Game/Com_Sub.c,order-align,medium,0.83,,
0600FCEE,Ck_Distance_Lv,Source/Game/Com_Sub.c,calls,medium,0.52,,
0600FD36,Ck_Distance_LvJ,Source/Game/Com_Sub.c,calls,medium,0.52,,
0600FD7E,Next_End,Source/Game/Com_Sub.c,calls,high,0.98,,1.0
0600FE10,Next_Another_Menu,Source/Game/Com_Sub.c,calls,medium,0.92,,
0600FE80,Reaction_Sub,Source/Game/Com_Sub.c,calls,low,0.01,0.0,0.0
060102F0,Get_Meoshi_Data,Source/Game/Com_Sub.c,calls,high,1.0,,1.0
06010350,Reaction_Exit_Sub,Source/Game/Com_Sub.c,calls,medium,0.93,,
0601047C,Check_First_Menu,Source/Game/Com_Sub.c,calls,high,0.96,,1.0
060104B4,Select_Active,Source/Game/Com_Sub.c,calls,high,0.32,,1.0
060107A6,Check_SA_Active,Source/Game/Com_Sub.c,order-align,medium,0.88,,
06010918,Decide_Follow_Menu,Source/Game/Com_Sub.c,calls,high,0.86,,1.0
060109AC,Select_Passive,Source/Game/Com_Sub.c,order,high,0.92,1.0,1.0
06010CD8,Devide_Level,Source/Game/Com_Sub.c,order,high,0.98,,1.0
06010D18,Setup_Random,Source/Game/Com_Sub.c,order,medium,0.91,,0.5
06010D8C,Check_Dramatic,Source/Game/Com_Sub.c,order,medium,0.96,,
06010DEA,Check_Passive,Source/Game/Com_Sub.c,calls,high,0.34,,0.82
06010F4C,Check_Guard,Source/Game/Com_Sub.c,calls,high,0.39,,0.89
060110E0,Check_Makoto,Source/Game/Com_Sub.c,order-align,medium,0.77,,
0601111A,Check_Flip_Term,Source/Game/Com_Sub.c,order-align,high,0.32,,1.0
060111F0,Flip_Term_Correct,Source/Game/Com_Sub.c,order-align,high,0.81,,1.0
06011248,Next_Be_Guard,Source/Game/Com_Sub.c,order-align,high,0.99,,1.0
060112BC,Check_Flip_Tech,Source/Game/Com_Sub.c,order-align,high,0.72,1.0,
06011324,Next_Be_Flip,Source/Game/Com_Sub.c,calls,medium,0.5,,0.5
06011414,Check_Diagonal_Shell,Source/Game/Com_Sub.c,calls,high,0.61,,0.91
06011500,Check_Ignore_Shell2,Source/Game/Com_Sub.c,calls,high,0.71,0.5,
0601156A,Check_Shell,Source/Game/Com_Sub.c,order-align,high,0.63,,1.0
06011704,Check_Ignore_Shell,Source/Game/Com_Sub.c,order-align,high,0.71,0.5,
0601176E,Compute_Hit_Time,Source/Game/Com_Sub.c,calls,medium,0.38,,0.67
060117B0,Decide_Shell_Guard,Source/Game/Com_Sub.c,order-align,high,0.26,,1.0
06011866,Guard_or_Jump_VS_Shell,Source/Game/Com_Sub.c,calls,medium,0.7,,0.33
06011A60,Check_Behind,Source/Game/Com_Sub.c,calls,medium,0.85,,
06011B76,Setup_Lever_LR,Source/Game/Com_Sub.c,calls,low,1.0,,0.0
06011C10,Check_Exit_Term,Source/Game/Com_Sub.c,calls,high,1.0,,1.0
06011C4C,VS_Jump_Term,Source/Game/Com_Sub.c,calls,high,0.2,1.0,0.29
06011D5E,Exit_Term_0000,Source/Game/Com_Sub.c,table,high,0.64,,
06011DA6,Exit_Term_0001,Source/Game/Com_Sub.c,table,medium,0.07,,
06011DAA,Exit_Term_0002,Source/Game/Com_Sub.c,table,high,0.64,,
06011DC6,Exit_Term_0003,Source/Game/Com_Sub.c,table,high,0.98,,1.0
06011E52,Exit_Term_0004,Source/Game/Com_Sub.c,table,high,0.85,,1.0
06011EB2,Exit_Term_0005,Source/Game/Com_Sub.c,table,high,0.85,,1.0
06011F12,Exit_Term_0006,Source/Game/Com_Sub.c,table,high,0.85,,1.0
06011F72,Exit_Term_0007,Source/Game/Com_Sub.c,table,high,0.91,,1.0
06011FF8,Exit_Term_0008,Source/Game/Com_Sub.c,table,high,0.91,,
06012064,Check_Drop_Term,Source/Game/Com_Sub.c,calls,medium,0.64,,
06012084,Check_SHINRYU,Source/Game/Com_Sub.c,calls,medium,0.89,,
060120CA,Check_BOSS,Source/Game/Com_Sub.c,calls,high,0.82,,1.0
06012164,Check_BOSS_EX,Source/Game/Com_Sub.c,calls,high,0.82,,1.0
060121D4,ETC_Term,Source/Game/Com_Sub.c,calls,high,0.94,,1.0
06012270,ETC_Term_0000,Source/Game/Com_Sub.c,table,high,0.97,,1.0
06012292,ETC_Term_0001,Source/Game/Com_Sub.c,table,high,0.95,,
060122F4,ETC_Term_0002,Source/Game/Com_Sub.c,table,high,0.86,,
06012316,ETC_Term_0003,Source/Game/Com_Sub.c,table,high,0.72,,
06012338,ETC_Term_0004,Source/Game/Com_Sub.c,table,high,0.89,,
0601236A,ETC_Term_0005,Source/Game/Com_Sub.c,table,high,0.78,,
0601238E,ETC_Term_0006,Source/Game/Com_Sub.c,table,high,0.97,,
06012410,ETC_Term_0007,Source/Game/Com_Sub.c,table,high,0.64,,
0601242C,ETC_Term_0008,Source/Game/Com_Sub.c,table,high,0.64,,
06012448,ETC_Term_0009,Source/Game/Com_Sub.c,table,high,0.64,,
060125B4,KEN_vs,Source/Game/Ck_Pass.c,table,high,0.73,1.0,1.0
060128FA,HUGO_vs,Source/Game/Ck_Pass.c,table,high,0.83,1.0,1.0
06012BA4,GILL_vs,Source/Game/Ck_Pass.c,table,high,0.82,1.0,1.0
06012EA0,Check_Special_Technique,Source/Game/Ck_Pass.c,calls,high,0.86,1.0,1.0
06012FB0,Check_Attack_Direction,Source/Game/Ck_Pass.c,calls,medium,0.74,,
06013034,Check_VS_Jump,Source/Game/Ck_Pass.c,calls,high,0.98,1.0,1.0
06013212,Check_Rolling,Source/Game/Ck_Pass.c,calls,high,0.87,,1.0
06013252,Check_Personal_Action,Source/Game/Ck_Pass.c,calls,high,0.7,1.0,
06013280,Check_Specific_Term,Source/Game/Ck_Pass.c,calls,medium,0.61,,
060132D8,Check_Dash,Source/Game/Ck_Pass.c,calls,medium,0.59,,
06013306,Check_Limited_Attack,Source/Game/Ck_Pass.c,calls,medium,0.34,,
06013426,Check_Limited_Jump_Attack,Source/Game/Ck_Pass.c,order-align,medium,0.97,,
06013460,Check_Stand,Source/Game/Ck_Pass.c,calls,high,0.87,,1.0
060134CC,Setup_Next_Stand_Timer,Source/Game/Ck_Pass.c,calls,low,0.75,,0.0
060135DE,Check_VS_Squat,Source/Game/Ck_Pass.c,calls,high,0.9,,1.0
060136A4,Setup_Next_Squat_Timer,Source/Game/Ck_Pass.c,calls,medium,0.97,,0.67
060136C6,Check_Thrown,Source/Game/Ck_Pass.c,order-align,high,0.96,,1.0
0601373A,Check_Catch,Source/Game/Ck_Pass.c,order-align,medium,0.84,,
06013864,Check_Lie,Source/Game/Ck_Pass.c,order-align,high,0.53,,0.86
060138AE,Check_Faint,Source/Game/Ck_Pass.c,order,medium,0.51,,
060138E0,Check_Blow_Off,Source/Game/Ck_Pass.c,calls,medium,0.94,,
06013930,Check_After_Attack,Source/Game/Ck_Pass.c,calls,medium,0.95,,
06013A18,Check_F_Cross_Chop,Source/Game/Ck_Pass.c,calls,medium,0.8,,
06013A86,Check_PL_Unit_AS,Source/Game/Ck_Pass.c,calls,medium,0.76,,
06013A9C,VS_GILL_AS,Source/Game/Ck_Pass.c,table-align,high,0.95,,1.0
06013AEE,VS_ALEX_AS,Source/Game/Ck_Pass.c,table-align,high,0.77,,1.0
06013B8A,VS_RYU_AS,Source/Game/Ck_Pass.c,table-align,high,0.91,,1.0
06013C1A,VS_YUN_AS,Source/Game/Ck_Pass.c,table-align,high,0.92,,1.0
06013C88,VS_DUDLEY_AS,Source/Game/Ck_Pass.c,table-align,high,0.91,,1.0
06013D30,VS_NECRO_AS,Source/Game/Ck_Pass.c,table-align,medium,0.01,,
06013D34,VS_HUGO_AS,Source/Game/Ck_Pass.c,table-align,high,0.91,,1.0
06013DDC,VS_IBUKI_AS,Source/Game/Ck_Pass.c,table-align,high,0.94,,1.0
06013E30,VS_ELENA_AS,Source/Game/Ck_Pass.c,table-align,high,0.92,,1.0
06013EBE,VS_ORO_AS,Source/Game/Ck_Pass.c,table-align,high,0.93,,1.0
06013EF4,VS_KEN_AS,Source/Game/Ck_Pass.c,table-align,high,0.87,,1.0
06013F8A,VS_SEAN_AS,Source/Game/Ck_Pass.c,table-align,high,0.96,,1.0
06013FBE,VS_URIEN_AS,Source/Game/Ck_Pass.c,table-align,high,0.92,,1.0
06014014,VS_GOUKI_AS,Source/Game/Ck_Pass.c,table-align,high,0.84,,1.0
0601408C,VS_CHUN_LI_AS,Source/Game/Ck_Pass.c,table-align,medium,0.01,,
06014090,VS_MAKOTO_AS,Source/Game/Ck_Pass.c,table-align,medium,0.0,,
06014094,VS_Q_AS,Source/Game/Ck_Pass.c,table-align,high,0.93,,1.0
060140CA,VS_NO12_AS,Source/Game/Ck_Pass.c,table-align,medium,0.07,,
060140CE,VS_REMY_AS,Source/Game/Ck_Pass.c,table-align,high,0.85,1.0,1.0
0601412C,Check_PL_Unit_A,Source/Game/Ck_Pass.c,calls,medium,0.76,,
06014142,VS_GILL_A,Source/Game/Ck_Pass.c,table-align,high,0.86,,1.0
060141DA,VS_ALEX_A,Source/Game/Ck_Pass.c,table-align,high,0.82,1.0,1.0
060142AC,VS_RYU_A,Source/Game/Ck_Pass.c,table-align,high,0.87,,1.0
06014342,VS_YUN_A,Source/Game/Ck_Pass.c,table-align,high,0.91,,1.0
0601439A,VS_DUDLEY_A,Source/Game/Ck_Pass.c,table-align,high,0.84,,1.0
06014412,VS_NECRO_A,Source/Game/Ck_Pass.c,table-align,high,0.88,,1.0
060144AC,VS_HUGO_A,Source/Game/Ck_Pass.c,table-align,high,0.85,,1.0
06014580,VS_IBUKI_A,Source/Game/Ck_Pass.c,table-align,high,0.93,,1.0
060145C0,VS_ELENA_A,Source/Game/Ck_Pass.c,table-align,high,0.88,,1.0
06014634,VS_ORO_A,Source/Game/Ck_Pass.c,table-align,high,0.93,,1.0
0601466A,VS_KEN_A,Source/Game/Ck_Pass.c,table-align,high,0.93,,1.0
060146A0,VS_SEAN_A,Source/Game/Ck_Pass.c,table-align,high,0.88,,1.0
0601472C,VS_URIEN_A,Source/Game/Ck_Pass.c,table-align,high,0.86,,1.0
060147C4,VS_GOUKI_A,Source/Game/Ck_Pass.c,table-align,high,0.71,,1.0
0601484C,VS_CHUN_LI_A,Source/Game/Ck_Pass.c,table-align,high,0.83,,1.0
060148CA,VS_MAKOTO_A,Source/Game/Ck_Pass.c,table-align,high,0.93,,1.0
06014900,VS_GILL_BS,Source/Game/Ck_Pass.c,table-align,high,0.91,,1.0
06014958,VS_Q_A,Source/Game/Ck_Pass.c,table-align,high,0.93,,1.0
06014994,Check_PL_Unit_BS,Source/Game/Ck_Pass.c,calls,medium,0.76,,
060149AA,VS_NO12_A,Source/Game/Ck_Pass.c,table-align,high,0.92,,1.0
06014A00,VS_REMY_A,Source/Game/Ck_Pass.c,table-align,medium,0.01,,0.4
06014A84,VS_RYU_BS,Source/Game/Ck_Pass.c,table-align,high,0.78,,1.0
06014B68,VS_YUN_BS,Source/Game/Ck_Pass.c,table-align,high,0.88,,1.0
06014BDC,VS_DUDLEY_BS,Source/Game/Ck_Pass.c,table-align,high,0.88,,1.0
06014C70,VS_NECRO_BS,Source/Game/Ck_Pass.c,table-align,medium,0.01,,
06014C74,VS_HUGO_BS,Source/Game/Ck_Pass.c,table-align,high,0.84,,1.0
06014D4A,VS_IBUKI_BS,Source/Game/Ck_Pass.c,table-align,high,0.91,,1.0
06014DA2,VS_ELENA_BS,Source/Game/Ck_Pass.c,table-align,high,0.82,,1.0
06014E40,VS_ORO_BS,Source/Game/Ck_Pass.c,table-align,high,0.93,,1.0
06014E76,VS_KEN_BS,Source/Game/Ck_Pass.c,table-align,high,0.84,,1.0
06014F2A,VS_SEAN_BS,Source/Game/Ck_Pass.c,table-align,high,0.96,,1.0
06014F5E,VS_URIEN_BS,Source/Game/Ck_Pass.c,table-align,high,0.92,,1.0
06014FB4,VS_GOUKI_BS,Source/Game/Ck_Pass.c,table-align,high,0.84,,1.0
0601506C,VS_CHUN_LI_BS,Source/Game/Ck_Pass.c,table-align,high,0.91,,1.0
060150C4,VS_MAKOTO_BS,Source/Game/Ck_Pass.c,table-align,medium,0.39,,0.67
060150F8,VS_Q_BS,Source/Game/Ck_Pass.c,table-align,high,0.93,,1.0
0601512E,VS_NO12_BS,Source/Game/Ck_Pass.c,table-align,medium,0.01,,
06015132,VS_REMY_BS,Source/Game/Ck_Pass.c,table-align,high,0.91,1.0,1.0
0601518A,Check_PL_Unit_B,Source/Game/Ck_Pass.c,calls,medium,0.76,,
060151AC,VS_GILL_B,Source/Game/Ck_Pass.c,table-align,high,0.86,,1.0
06015244,VS_ALEX_B,Source/Game/Ck_Pass.c,table-align,high,0.86,1.0,1.0
0601530E,VS_RYU_B,Source/Game/Ck_Pass.c,table-align,high,0.86,,1.0
060153A6,VS_YUN_B,Source/Game/Ck_Pass.c,table-align,high,0.84,,1.0
06015428,VS_DUDLEY_B,Source/Game/Ck_Pass.c,table-align,high,0.83,,1.0
060154A2,VS_NECRO_B,Source/Game/Ck_Pass.c,table-align,high,0.88,,1.0
06015536,VS_HUGO_B,Source/Game/Ck_Pass.c,table-align,high,0.83,,1.0
0601564C,VS_IBUKI_B,Source/Game/Ck_Pass.c,table-align,high,0.93,,1.0
06015682,VS_ELENA_B,Source/Game/Ck_Pass.c,table-align,high,0.78,,1.0
06015702,VS_ORO_B,Source/Game/Ck_Pass.c,table-align,high,0.93,,1.0
06015738,VS_KEN_B,Source/Game/Ck_Pass.c,table-align,high,0.91,,1.0
06015790,VS_SEAN_B,Source/Game/Ck_Pass.c,table-align,high,0.84,,1.0
0601583C,VS_URIEN_B,Source/Game/Ck_Pass.c,table-align,high,0.86,,1.0
060158D4,VS_GOUKI_B,Source/Game/Ck_Pass.c,table-align,high,0.75,,1.0
06015998,VS_CHUN_LI_B,Source/Game/Ck_Pass.c,table-align,high,0.84,,1.0
06015A32,VS_MAKOTO_B,Source/Game/Ck_Pass.c,table-align,medium,0.4,,0.67
06015A68,VS_Q_B,Source/Game/Ck_Pass.c,table-align,high,0.83,,1.0
06015AE2,VS_NO12_B,Source/Game/Ck_Pass.c,table-align,high,0.91,1.0,1.0
06015B3A,VS_REMY_B,Source/Game/Ck_Pass.c,table-align,high,0.93,,1.0
06015B74,Check_PL_Unit_CS,Source/Game/Ck_Pass.c,calls,medium,0.76,,
06015B8A,VS_GILL_CS,Source/Game/Ck_Pass.c,table-align,high,0.92,,1.0
06015BE0,VS_ALEX_CS,Source/Game/Ck_Pass.c,table-align,high,0.88,,1.0
06015C54,VS_RYU_CS,Source/Game/Ck_Pass.c,table-align,high,0.78,,1.0
06015D14,VS_YUN_CS,Source/Game/Ck_Pass.c,table-align,high,0.88,,1.0
06015D88,VS_DUDLEY_CS,Source/Game/Ck_Pass.c,table-align,high,0.84,,1.0
06015E3C,VS_NECRO_CS,Source/Game/Ck_Pass.c,table-align,medium,0.01,,
06015E40,VS_HUGO_CS,Source/Game/Ck_Pass.c,table-align,high,0.84,,1.0
06015F16,VS_IBUKI_CS,Source/Game/Ck_Pass.c,table-align,high,0.96,,1.0
06015F4A,VS_ELENA_CS,Source/Game/Ck_Pass.c,table-align,high,0.81,,1.0
06015FEA,VS_ORO_CS,Source/Game/Ck_Pass.c,table-align,high,0.93,,1.0
06016020,VS_KEN_CS,Source/Game/Ck_Pass.c,table-align,high,0.87,,1.0
060160B6,EFF40_EXIT,Source/Game/EFF40.c,table,medium,0.42,,
060160EA,EFF40_BACK,Source/Game/EFF40.c,table,low,0.45,,0.0
06016140,EFF40_ARROW,Source/Game/EFF40.c,table,low,1.0,,0.0
0601622E,VS_SEAN_CS,Source/Game/Ck_Pass.c,table-align,high,0.91,,1.0
06016266,VS_GILL_C,Source/Game/Ck_Pass.c,table-align,low,0.0,,0.0
0601626A,VS_ALEX_C,Source/Game/Ck_Pass.c,table-align,low,0.0,,0.0
0601626E,VS_URIEN_CS,Source/Game/Ck_Pass.c,table-align,high,0.91,,1.0
060162C6,Check_PL_Unit_C,Source/Game/Ck_Pass.c,calls,medium,0.76,,
060162DC,VS_GOUKI_CS,Source/Game/Ck_Pass.c,table-align,high,0.86,,1.0
06016380,VS_REMY_CS,Source/Game/Ck_Pass.c,table-align,medium,0.04,0.0,0.57
0601642C,VS_RYU_C,Source/Game/Ck_Pass.c,table-align,high,0.86,,1.0
060164C4,VS_YUN_C,Source/Game/Ck_Pass.c,table-align,high,0.91,,1.0
0601651C,VS_DUDLEY_C,Source/Game/Ck_Pass.c,table-align,high,0.84,,1.0
06016594,VS_NECRO_C,Source/Game/Ck_Pass.c,table-align,high,0.83,,1.0
06016630,VS_HUGO_C,Source/Game/Ck_Pass.c,table-align,high,0.81,,1.0
0601674A,VS_IBUKI_C,Source/Game/Ck_Pass.c,table-align,high,0.93,,1.0
06016780,VS_ELENA_C,Source/Game/Ck_Pass.c,table-align,high,0.84,,1.0
060167F8,VS_ORO_C,Source/Game/Ck_Pass.c,table-align,high,0.93,,1.0
0601682E,VS_KEN_C,Source/Game/Ck_Pass.c,table-align,high,0.91,,1.0
06016886,VS_SEAN_C,Source/Game/Ck_Pass.c,table-align,high,0.82,,1.0
06016924,VS_URIEN_C,Source/Game/Ck_Pass.c,table-align,high,0.86,,1.0
060169BC,VS_GOUKI_C,Source/Game/Ck_Pass.c,table-align,high,0.74,,1.0
06016A40,VS_CHUN_LI_C,Source/Game/Ck_Pass.c,table-align,high,0.84,,1.0
06016ADA,VS_MAKOTO_C,Source/Game/Ck_Pass.c,table-align,medium,0.4,,0.67
06016B10,VS_Q_C,Source/Game/Ck_Pass.c,table-align,high,0.91,,1.0
06016B68,VS_NO12_C,Source/Game/Ck_Pass.c,table-align,high,0.91,1.0,1.0
06016BC0,VS_REMY_C,Source/Game/Ck_Pass.c,table-align,high,0.93,,1.0
06016BFC,Check_PL_Unit_DS,Source/Game/Ck_Pass.c,calls,medium,0.76,,
06016CB8,EFF23_WAIT,Source/Game/EFF23.c,table-align,medium,1.0,,
06016CEA,Check_PL_Unit_D,Source/Game/Ck_Pass.c,calls,medium,0.76,,
06016D08,EFF23_SLIDE_IN,Source/Game/EFF23.c,table-align,medium,0.0,,
06016D3E,EFF23_CHAR_CHANGE,Source/Game/EFF23.c,table-align,medium,0.64,,
06016D42,EFF23_SUDDENLY,Source/Game/EFF23.c,table-align,medium,0.64,,
06016E68,Passive00_0000,Source/Game/pass00.c,table,high,0.92,,1.0
06016E9C,Passive00_0001,Source/Game/pass00.c,table,high,0.64,,1.0
06016EC4,Passive00_0002,Source/Game/pass00.c,table,high,1.0,,1.0
06016F2E,Passive00_0003,Source/Game/pass00.c,table,high,0.56,,1.0
06016F84,Passive00_0004,Source/Game/pass00.c,table,high,0.96,,1.0
06016FC6,Passive00_0005,Source/Game/pass00.c,table,high,0.56,,1.0
06016FE4,Passive00_0006,Source/Game/pass00.c,table,high,0.97,1.0,1.0
06017028,Passive00_0007,Source/Game/pass00.c,table,high,0.96,,1.0
0601705A,Passive00_0008,Source/Game/pass00.c,table,high,0.91,,1.0
060170CA,Passive00_0009,Source/Game/pass00.c,table,high,1.0,,1.0
06017118,Passive00_0010,Source/Game/pass00.c,table,high,0.96,,1.0
0601714A,Passive00_0011,Source/Game/pass00.c,table,high,0.96,,1.0
0601717C,Passive00_0012,Source/Game/pass00.c,table,high,1.0,,1.0
060171C6,Passive00_0013,Source/Game/pass00.c,table,medium,0.3,,0.75
06017246,Passive00_0014,Source/Game/pass00.c,table,high,0.64,,1.0
06017266,Passive00_0015,Source/Game/pass00.c,table,high,0.64,,1.0
06017286,Passive00_0016,Source/Game/pass00.c,table,high,0.36,1.0,0.89
060172CA,Passive00_0017,Source/Game/pass00.c,table,high,0.59,1.0,0.91
06017348,Passive00_0018,Source/Game/pass00.c,table,high,0.36,1.0,0.89
0601738C,Passive00_0019,Source/Game/pass00.c,table,high,0.64,,1.0
060173AC,Passive00_0020,Source/Game/pass00.c,table,high,0.64,,1.0
060173CC,Passive00_0021,Source/Game/pass00.c,table,high,0.48,,0.89
0601741E,Passive00_0022,Source/Game/pass00.c,table,high,0.56,,0.91
060174BE,Passive00_0023,Source/Game/pass00.c,table,high,0.56,,0.89
0601752A,Passive00_0024,Source/Game/pass00.c,table,high,0.64,,1.0
06017556,Passive00_0025,Source/Game/pass00.c,table,high,0.96,,1.0
060175D4,Passive00_0026,Source/Game/pass00.c,table,high,0.64,,1.0
060175F4,Passive00_0027,Source/Game/pass00.c,table,high,0.99,,1.0
06017648,Passive00_0028,Source/Game/pass00.c,table,high,0.64,,1.0
06017668,Passive00_0029,Source/Game/pass00.c,table,medium,0.18,,0.67
060176C8,Passive00_0030,Source/Game/pass00.c,table,high,0.98,,1.0
0601770E,Passive00_0031,Source/Game/pass00.c,table,high,0.72,,1.0
06017730,Passive00_0032,Source/Game/pass00.c,table,high,0.32,,0.8
0601775C,Passive00_0033,Source/Game/pass00.c,table,high,0.7,,1.0
0601778A,Passive00_0034,Source/Game/pass00.c,table,high,0.64,,1.0
060177D4,Passive00_0035,Source/Game/pass00.c,table,medium,0.25,,0.67
0601781A,Passive00_0036,Source/Game/pass00.c,table,high,0.59,1.0,0.91
06017894,Passive00_0037,Source/Game/pass00.c,table,high,0.84,1.0,1.0
0601790C,Passive00_0038,Source/Game/pass00.c,table,high,0.97,1.0,1.0
06017950,Passive00_0039,Source/Game/pass00.c,table,high,0.98,1.0,1.0
060179C4,Passive00_0040,Source/Game/pass00.c,table,high,0.56,,0.91
06017A2A,Passive00_0041,Source/Game/pass00.c,table,high,0.52,,0.86
06017A78,Passive00_0042,Source/Game/pass00.c,table,high,0.53,,1.0
06017AE8,Passive00_0043,Source/Game/pass00.c,table,high,0.99,,1.0
06017B3C,Passive00_0044,Source/Game/pass00.c,table,high,1.0,,1.0
06017B8A,Passive00_0045,Source/Game/pass00.c,table,high,0.82,,1.0
06017C0E,Passive00_0046,Source/Game/pass00.c,table,high,0.64,,1.0
06017C2E,Passive00_0047,Source/Game/pass00.c,table,high,0.29,,0.8
06017C58,Passive00_0048,Source/Game/pass00.c,table,high,0.5,,0.86
06017CA2,Passive00_0049,Source/Game/pass00.c,table,high,0.64,,1.0
06017CC2,Passive00_0050,Source/Game/pass00.c,table,high,0.49,,0.8
06017D12,Passive00_0051,Source/Game/pass00.c,table,medium,0.25,,0.67
06017D58,Passive00_0052,Source/Game/pass00.c,table,high,0.64,,1.0
06017D78,Passive00_0053,Source/Game/pass00.c,table,high,0.96,,1.0
06017DAA,Passive00_0054,Source/Game/pass00.c,table,high,0.25,,0.86
06017DF4,Passive00_0055,Source/Game/pass00.c,table,high,0.72,,1.0
06017E16,Passive00_0056,Source/Game/pass00.c,table,high,1.0,,1.0
06017E58,Passive00_0057,Source/Game/pass00.c,table,high,1.0,,1.0
06017E9A,Passive00_0058,Source/Game/pass00.c,table,high,0.64,,1.0
06017EBA,Passive00_0059,Source/Game/pass00.c,table,high,0.7,,1.0
06017F10,Passive00_0060,Source/Game/pass00.c,table,high,0.56,,1.0
06017F2E,Passive00_0061,Source/Game/pass00.c,table,high,0.96,1.0,1.0
06017F70,Passive00_0062,Source/Game/pass00.c,table,high,0.14,,0.8
06017F90,Passive00_0063,Source/Game/pass00.c,table,high,0.96,,1.0
06017FC2,Passive00_0064,Source/Game/pass00.c,table,high,0.72,,1.0
06017FE4,Passive00_0065,Source/Game/pass00.c,table,high,0.94,,1.0
06018038,Passive00_0066,Source/Game/pass00.c,table,high,0.96,1.0,1.0
0601807A,Passive00_0067,Source/Game/pass00.c,table,high,0.96,,1.0
060180AC,Passive00_0068,Source/Game/pass00.c,table,high,0.99,,1.0
060180EA,Passive00_0069,Source/Game/pass00.c,table,high,0.84,,1.0
06018162,Passive00_0070,Source/Game/pass00.c,table,high,0.7,,1.0
06018190,Passive00_0071,Source/Game/pass00.c,table,medium,0.29,,0.75
060181E6,Passive00_0072,Source/Game/pass00.c,table,high,0.93,,1.0
06018258,Passive00_0073,Source/Game/pass00.c,table,high,0.53,,0.86
060182B2,Passive00_0074,Source/Game/pass00.c,table,medium,0.25,,0.67
060182F8,Passive00_0075,Source/Game/pass00.c,table,high,0.5,,0.86
06018360,Passive00_0076,Source/Game/pass00.c,table,high,0.59,1.0,0.91
060183E4,Passive00_0077,Source/Game/pass00.c,table,high,1.0,,1.0
0601845C,Passive00_0078,Source/Game/pass00.c,table,medium,0.32,,0.75
060184C8,Passive00_0079,Source/Game/pass00.c,table,high,1.0,,1.0
0601851A,Passive00_0080,Source/Game/pass00.c,table,high,0.48,,0.86
06018592,Passive00_0081,Source/Game/pass00.c,table,high,0.53,,0.86
060185EC,Passive00_0082,Source/Game/pass00.c,table,high,1.0,,1.0
06018660,Passive00_0083,Source/Game/pass00.c,table,high,0.56,,0.89
060186D4,Passive00_0084,Source/Game/pass00.c,table,high,0.56,,0.89
0601876C,Passive00_0085,Source/Game/pass00.c,table,high,0.97,,1.0
060187AA,Passive00_0086,Source/Game/pass00.c,table,high,0.99,,1.0
06018832,Passive00_0087,Source/Game/pass00.c,table,high,0.99,,1.0
060188D2,Passive00_0088,Source/Game/pass00.c,table,high,0.78,1.0,1.0
060189AC,Passive00_0089,Source/Game/pass00.c,table,high,0.96,,1.0
060189DE,Passive00_0090,Source/Game/pass00.c,table,high,0.96,,1.0
06018A10,Passive00_0091,Source/Game/pass00.c,table,high,0.96,,1.0
06018A70,Passive00_0092,Source/Game/pass00.c,table,high,1.0,,1.0
06018ABE,Passive00_0093,Source/Game/pass00.c,table,high,0.2,,0.8
06018AE2,Passive00_0094,Source/Game/pass00.c,table,high,1.0,,1.0
06018B1C,Passive00_0095,Source/Game/pass00.c,table,high,1.0,,1.0
06018B90,Passive00_0096,Source/Game/pass00.c,table,high,0.97,,1.0
06018BD4,Passive00_0097,Source/Game/pass00.c,table,high,0.99,1.0,1.0
06018C28,Passive00_0098,Source/Game/pass00.c,table,high,0.54,,0.92
06018CD4,Passive00_0099,Source/Game/pass00.c,table,high,0.5,,0.86
06018D1E,Passive00_0100,Source/Game/pass00.c,table,high,0.96,,1.0
06018D6C,Passive00_0101,Source/Game/pass00.c,table,high,0.81,,1.0
06018DD6,Passive00_0102,Source/Game/pass00.c,table,high,1.0,,1.0
06018E24,Passive00_0103,Source/Game/pass00.c,table,high,0.72,,1.0
06018E60,Passive00_0104,Source/Game/pass00.c,table,high,0.64,,1.0
06018E80,Passive00_0105,Source/Game/pass00.c,table,high,0.93,,1.0
06018EDA,Passive00_0106,Source/Game/pass00.c,table,high,0.72,,1.0
06018F16,Passive00_0107,Source/Game/pass00.c,table,high,0.51,,0.89
06018F6C,Passive00_0108,Source/Game/pass00.c,table,high,0.64,1.0,1.0
06018FBE,Passive00_0109,Source/Game/pass00.c,table,high,1.0,,1.0
0601902A,Passive00_0110,Source/Game/pass00.c,table,high,0.96,,1.0
0601905C,Passive00_0111,Source/Game/pass00.c,table,high,0.76,1.0,1.0
060190DE,Passive00_0112,Source/Game/pass00.c,table,high,1.0,,1.0
06019148,Passive00_0113,Source/Game/pass00.c,table,high,0.61,,0.92
060191CA,Passive00_0114,Source/Game/pass00.c,table,high,0.52,,0.89
06019228,Passive00_0115,Source/Game/pass00.c,table,high,0.61,,0.92
060192A8,Passive00_0116,Source/Game/pass00.c,table,high,0.6,,1.0
06019312,Passive00_0117,Source/Game/pass00.c,table,high,1.0,,1.0
06019354,Passive00_0118,Source/Game/pass00.c,table,high,1.0,,1.0
06019396,Passive00_0119,Source/Game/pass00.c,table,high,1.0,,1.0
060193D8,Passive00_0120,Source/Game/pass00.c,table,high,0.86,,1.0
0601942C,Passive00_0121,Source/Game/pass00.c,table,high,1.0,,1.0
0601946E,Passive00_0122,Source/Game/pass00.c,table,high,0.97,,1.0
060194B2,Passive00_0123,Source/Game/pass00.c,table,high,0.55,,0.91
06019516,Passive00_0124,Source/Game/pass00.c,table,high,0.59,,0.91
06019596,Passive00_0125,Source/Game/pass00.c,table,high,0.72,,1.0
060195D2,Passive00_0126,Source/Game/pass00.c,table,high,0.64,,1.0
060195F2,Passive00_0127,Source/Game/pass00.c,table,high,0.72,1.0,1.0
0601962E,Passive00_0128,Source/Game/pass00.c,table,high,0.51,,0.86
06019696,Passive00_0129,Source/Game/pass00.c,table,high,0.76,,1.0
060196D4,Passive00_0130,Source/Game/pass00.c,table,high,1.0,,1.0
06019746,Passive00_0131,Source/Game/pass00.c,table,high,0.53,1.0,0.86
060197A6,Passive00_0132,Source/Game/pass00.c,table,high,0.99,,1.0
060197EE,Passive00_0133,Source/Game/pass00.c,table,high,0.56,,1.0
0601980C,Passive00_0134,Source/Game/pass00.c,table,high,0.64,,1.0
0601982C,Passive00_0135,Source/Game/pass00.c,table,high,0.56,,1.0
0601984A,Passive00_0136,Source/Game/pass00.c,table,high,0.72,,1.0
0601986C,Passive00_0137,Source/Game/pass00.c,table,high,0.76,,1.0
060198B6,Passive00_0138,Source/Game/pass00.c,table,high,0.64,,1.0
060198E2,Passive00_0139,Source/Game/pass00.c,table,high,0.64,,1.0
0601990A,Passive00_0140,Source/Game/pass00.c,table,high,1.0,,1.0
0601994C,Passive00_0141,Source/Game/pass00.c,table,high,1.0,,1.0
060199CC,Passive00_0142,Source/Game/pass00.c,table,high,1.0,,1.0
06019A34,Passive00_0143,Source/Game/pass00.c,table,high,0.56,,1.0
06019A52,Passive00_0144,Source/Game/pass00.c,table,high,0.97,,1.0
06019A96,Passive00_0145,Source/Game/pass00.c,table,high,0.49,,0.86
06019B04,Passive00_0146,Source/Game/pass00.c,table,high,0.97,,1.0
06019B48,Passive00_0147,Source/Game/pass00.c,table,high,0.49,,0.86
06019B90,Passive00_0148,Source/Game/pass00.c,table,high,1.0,,1.0
06019BF8,Passive00_0149,Source/Game/pass00.c,table,high,0.64,,1.0
06019C18,Passive00_0150,Source/Game/pass00.c,table,high,0.97,,1.0
06019C5C,Passive00_0151,Source/Game/pass00.c,table,high,0.97,,1.0
06019CA0,Passive00_0152,Source/Game/pass00.c,table,high,0.64,,1.0
06019CCC,Passive00_0153,Source/Game/pass00.c,table,high,0.73,,1.0
06019D22,Passive00_0154,Source/Game/pass00.c,table,high,1.0,1.0,1.0
06019D5C,Passive00_0155,Source/Game/pass00.c,table,high,0.96,,1.0
06019D8E,Passive00_0156,Source/Game/pass00.c,table,high,0.97,,1.0
06019DCC,Passive00_0157,Source/Game/pass00.c,table,high,0.87,,1.0
06019E4C,Passive01_0000,Source/Game/PASS01.c,table,high,0.92,,1.0
06019E80,Passive01_0001,Source/Game/PASS01.c,table,high,0.64,,1.0
06019EA8,Passive01_0002,Source/Game/PASS01.c,table,high,1.0,,1.0
06019F12,Passive01_0003,Source/Game/PASS01.c,table,high,0.56,,1.0
06019F68,Passive01_0004,Source/Game/PASS01.c,table,high,0.96,,1.0
06019FAA,Passive01_0005,Source/Game/PASS01.c,table,high,0.56,,1.0
06019FC8,Passive01_0006,Source/Game/PASS01.c,table,high,0.97,1.0,1.0
0601A00C,Passive01_0007,Source/Game/PASS01.c,table,high,0.94,1.0,1.0
0601A06C,Passive01_0008,Source/Game/PASS01.c,table,high,0.98,,1.0
0601A0BE,Passive01_0009,Source/Game/PASS01.c,table,high,0.96,,1.0
0601A0F0,Passive01_0010,Source/Game/PASS01.c,table,high,0.96,,1.0
0601A122,Passive01_0011,Source/Game/PASS01.c,table,high,1.0,,1.0
0601A164,Passive01_0012,Source/Game/PASS01.c,table,high,0.88,,1.0
0601A1A6,Passive01_0013,Source/Game/PASS01.c,table,high,0.96,,1.0
0601A1E8,Passive01_0014,Source/Game/PASS01.c,table,high,0.99,,1.0
0601A22A,Passive01_0015,Source/Game/PASS01.c,table,high,0.64,,1.0
0601A24A,Passive01_0016,Source/Game/PASS01.c,table,high,0.94,1.0,1.0
0601A2DC,Passive01_0017,Source/Game/PASS01.c,table,medium,0.26,,0.75
0601A32A,Passive01_0018,Source/Game/PASS01.c,table,high,0.92,1.0,1.0
0601A3C8,Passive01_0019,Source/Game/PASS01.c,table,high,0.64,,1.0
0601A3E8,Passive01_0020,Source/Game/PASS01.c,table,high,0.64,,1.0
0601A408,Passive01_0021,Source/Game/PASS01.c,table,high,0.94,,1.0
0601A448,Passive01_0022,Source/Game/PASS01.c,table,high,0.34,,0.8
0601A4E0,Passive01_0023,Source/Game/PASS01.c,table,high,1.0,,1.0
0601A540,Passive01_0024,Source/Game/PASS01.c,table,high,0.7,1.0,1.0
0601A5BC,Passive01_0025,Source/Game/PASS01.c,table,high,0.4,1.0,0.86
0601A636,Passive01_0026,Source/Game/PASS01.c,table,high,0.97,,1.0
0601A67A,Passive01_0027,Source/Game/PASS01.c,table,high,0.81,,1.0
0601A6E4,Passive01_0028,Source/Game/PASS01.c,table,high,0.96,,1.0
0601A716,Passive01_0029,Source/Game/PASS01.c,table,medium,0.18,,0.67
0601A74E,Passive01_0030,Source/Game/PASS01.c,table,high,0.98,,1.0
0601A794,Passive01_0031,Source/Game/PASS01.c,table,high,0.72,,1.0
0601A7DC,Passive01_0032,Source/Game/PASS01.c,table,high,0.99,,1.0
0601A824,Passive01_0033,Source/Game/PASS01.c,table,high,1.0,1.0,1.0
0601A85C,Passive01_0034,Source/Game/PASS01.c,table,high,0.94,,1.0
0601A89C,Passive01_0035,Source/Game/PASS01.c,table,medium,0.28,,0.67
0601A8FC,Passive01_0036,Source/Game/PASS01.c,table,high,0.99,,1.0
0601A94A,Passive01_0037,Source/Game/PASS01.c,table,high,1.0,1.0,1.0
0601A99C,Passive01_0038,Source/Game/PASS01.c,table,high,0.8,,1.0
0601AA22,Passive01_0039,Source/Game/PASS01.c,table,high,1.0,,1.0
0601AA70,Passive01_0040,Source/Game/PASS01.c,table,medium,0.29,,0.75
0601AAC8,Passive01_0041,Source/Game/PASS01.c,table,high,0.83,1.0,1.0
0601AB42,Passive01_0042,Source/Game/PASS01.c,table,high,0.96,,1.0
0601AB74,Passive01_0043,Source/Game/PASS01.c,table,high,1.0,,1.0
0601ABC2,Passive01_0044,Source/Game/PASS01.c,table,high,1.0,,1.0
0601AC20,Passive01_0045,Source/Game/PASS01.c,table,high,0.99,,1.0
0601AC68,Passive01_0046,Source/Game/PASS01.c,table,high,0.64,,1.0
0601AC88,Passive01_0047,Source/Game/PASS01.c,table,high,0.75,,1.0
0601ACF8,Passive01_0048,Source/Game/PASS01.c,table,high,0.29,,0.8
0601AD22,Passive01_0049,Source/Game/PASS01.c,table,high,0.97,,1.0
0601AD66,Passive01_0050,Source/Game/PASS01.c,table,high,0.97,,1.0
0601ADAA,Passive01_0051,Source/Game/PASS01.c,table,high,0.49,,0.8
0601ADF8,Passive01_0052,Source/Game/PASS01.c,table,high,0.64,,1.0
0601AE18,Passive01_0053,Source/Game/PASS01.c,table,high,0.96,,1.0
0601AE4A,Passive01_0054,Source/Game/PASS01.c,table,high,0.98,,1.0
0601AE7E,Passive01_0055,Source/Game/PASS01.c,table,high,0.96,,1.0
0601AEB0,Passive01_0056,Source/Game/PASS01.c,table,high,0.58,,1.0
0601AF1C,Passive01_0057,Source/Game/PASS01.c,table,high,1.0,,1.0
0601AF5E,Passive01_0058,Source/Game/PASS01.c,table,high,0.64,,1.0
0601AF7E,Passive01_0059,Source/Game/PASS01.c,table,high,0.96,,1.0
0601AFB0,Passive01_0060,Source/Game/PASS01.c,table,high,0.56,,1.0
0601AFCE,Passive01_0061,Source/Game/PASS01.c,table,high,0.98,,1.0
0601B048,Passive01_0062,Source/Game/PASS01.c,table,high,0.96,,1.0
0601B0B0,Passive01_0063,Source/Game/PASS01.c,table,high,0.72,,1.0
0601B0EC,Passive01_0064,Source/Game/PASS01.c,table,high,0.64,,1.0
0601B10C,Passive01_0065,Source/Game/PASS01.c,table,high,0.99,,1.0
0601B19C,Passive01_0066,Source/Game/PASS01.c,table,high,0.94,,1.0
0601B1DC,Passive01_0067,Source/Game/PASS01.c,table,high,0.64,1.0,1.0
0601B208,Passive01_0068,Source/Game/PASS01.c,table,high,1.0,,1.0
0601B24A,Passive01_0069,Source/Game/PASS01.c,table,high,0.96,,1.0
0601B2A8,Passive01_0070,Source/Game/PASS01.c,table,high,0.7,1.0,1.0
0601B2D6,Passive01_0071,Source/Game/PASS01.c,table,high,0.98,1.0,1.0
0601B31C,Passive01_0072,Source/Game/PASS01.c,table,high,0.97,,1.0
0601B3A0,Passive01_0073,Source/Game/PASS01.c,table,high,0.97,1.0,1.0
0601B3F0,Passive01_0074,Source/Game/PASS01.c,table,high,0.98,,1.0
0601B446,Passive01_0075,Source/Game/PASS01.c,table,high,0.97,,1.0
0601B4DE,Passive01_0076,Source/Game/PASS01.c,table,high,0.98,1.0,1.0
0601B534,Passive01_0077,Source/Game/PASS01.c,table,high,1.0,,1.0
0601B5B0,Passive01_0078,Source/Game/PASS01.c,table,high,0.53,,0.86
0601B60A,Passive01_0079,Source/Game/PASS01.c,table,high,1.0,,1.0
0601B65C,Passive01_0080,Source/Game/PASS01.c,table,high,1.0,,1.0
0601B6D4,Passive01_0081,Source/Game/PASS01.c,table,high,0.53,,0.86
0601B72C,Passive01_0082,Source/Game/PASS01.c,table,high,1.0,,1.0
0601B77C,Passive01_0083,Source/Game/PASS01.c,table,medium,0.31,,0.75
0601B7FE,Passive01_0084,Source/Game/PASS01.c,table,medium,0.28,,0.75
0601B852,Passive01_0085,Source/Game/PASS01.c,table,high,0.97,,1.0
0601B896,Passive01_0086,Source/Game/PASS01.c,table,high,0.57,,0.91
0601B932,Passive01_0087,Source/Game/PASS01.c,table,high,0.59,,0.91
0601B9B0,Passive01_0088,Source/Game/PASS01.c,table,high,0.99,,1.0
0601BA16,Passive01_0089,Source/Game/PASS01.c,table,high,0.96,,1.0
0601BA48,Passive01_0090,Source/Game/PASS01.c,table,high,0.96,,1.0
0601BA7A,Passive01_0091,Source/Game/PASS01.c,table,high,0.96,,1.0
0601BAAC,Passive01_0092,Source/Game/PASS01.c,table,high,0.8,1.0,1.0
0601BB32,Passive01_0093,Source/Game/PASS01.c,table,high,0.29,,0.8
0601BB5C,Passive01_0094,Source/Game/PASS01.c,table,high,0.72,,1.0
0601BB7E,Passive01_0095,Source/Game/PASS01.c,table,high,0.49,,0.86
0601BBEC,Passive01_0096,Source/Game/PASS01.c,table,high,0.99,1.0,1.0
0601BC40,Passive01_0097,Source/Game/PASS01.c,table,high,1.0,1.0,1.0
0601BCA0,Passive01_0098,Source/Game/PASS01.c,table,high,0.85,,1.0
0601BD42,Passive01_0099,Source/Game/PASS01.c,table,high,1.0,,1.0
0601BDA2,Passive01_0100,Source/Game/PASS01.c,table,high,0.82,,1.0
0601BE40,Passive01_0101,Source/Game/PASS01.c,table,high,0.98,,1.0
0601BE98,Passive01_0102,Source/Game/PASS01.c,table,high,0.98,,1.0
0601BEDE,Passive01_0103,Source/Game/PASS01.c,table,high,0.64,,1.0
0601BEFE,Passive01_0104,Source/Game/PASS01.c,table,high,0.96,,1.0
0601BF58,Passive01_0105,Source/Game/PASS01.c,table,high,0.96,,1.0
0601BF8A,Passive01_0106,Source/Game/PASS01.c,table,high,0.96,,1.0
0601BFBC,Passive01_0107,Source/Game/PASS01.c,table,high,0.72,,1.0
0601BFF8,Passive01_0108,Source/Game/PASS01.c,table,high,0.64,,1.0
0601C018,Passive01_0109,Source/Game/PASS01.c,table,high,0.93,,1.0
0601C072,Passive01_0110,Source/Game/PASS01.c,table,high,0.72,,1.0
0601C0AE,Passive01_0111,Source/Game/PASS01.c,table,high,1.0,,1.0
0601C110,Passive01_0112,Source/Game/PASS01.c,table,high,0.72,,1.0
0601C132,Passive01_0113,Source/Game/PASS01.c,table,high,0.59,,1.0
0601C1B2,Passive01_0114,Source/Game/PASS01.c,table,high,1.0,,1.0
0601C200,Passive01_0115,Source/Game/PASS01.c,table,high,1.0,,1.0
0601C242,Passive01_0116,Source/Game/PASS01.c,table,high,1.0,,1.0
0601C284,Passive01_0117,Source/Game/PASS01.c,table,high,0.67,,1.0
0601C2DE,Passive01_0118,Source/Game/PASS01.c,table,high,0.64,,1.0
0601C2FE,Passive01_0119,Source/Game/PASS01.c,table,high,1.0,,1.0
0601C370,Passive01_0120,Source/Game/PASS01.c,table,high,1.0,,1.0
0601C3E0,Passive01_0121,Source/Game/PASS01.c,table,high,1.0,,1.0
0601C422,Passive01_0122,Source/Game/PASS01.c,table,high,1.0,,1.0
0601C464,Passive01_0123,Source/Game/PASS01.c,table,high,1.0,,1.0
0601C4A6,Passive01_0124,Source/Game/PASS01.c,table,high,1.0,,1.0
0601C4E8,Passive01_0125,Source/Game/PASS01.c,table,high,0.88,,1.0
0601C53A,Passive01_0126,Source/Game/PASS01.c,table,high,0.97,,1.0
0601C57E,Passive01_0127,Source/Game/PASS01.c,table,high,0.64,,1.0
0601C59E,Passive01_0128,Source/Game/PASS01.c,table,high,0.94,,1.0
0601C5DE,Passive01_0129,Source/Game/PASS01.c,table,high,0.96,,1.0
0601C634,Passive01_0130,Source/Game/PASS01.c,table,medium,0.45,,0.67
0601C666,Passive01_0131,Source/Game/PASS01.c,table,high,0.96,,1.0
0601C698,Passive01_0132,Source/Game/PASS01.c,table,high,0.99,1.0,1.0
0601C6CE,Passive01_0133,Source/Game/PASS01.c,table,high,0.94,,1.0
0601C70E,Passive01_0134,Source/Game/PASS01.c,table,high,0.78,,1.0
0601C760,Passive01_0135,Source/Game/PASS01.c,table,high,0.94,,1.0
0601C7A0,Passive01_0136,Source/Game/PASS01.c,table,high,0.94,,1.0
0601C7E0,Passive01_0137,Source/Game/PASS01.c,table,high,1.0,,1.0
0601C82C,Passive01_0138,Source/Game/PASS01.c,table,high,0.92,,1.0
0601C88A,Passive01_0139,Source/Game/PASS01.c,table,high,0.96,,1.0
0601C8BC,Passive01_0140,Source/Game/PASS01.c,table,high,0.56,,1.0
0601C8DA,Passive01_0141,Source/Game/PASS01.c,table,high,0.97,,1.0
0601C91E,Passive01_0142,Source/Game/PASS01.c,table,high,0.56,,1.0
0601C93C,Passive01_0143,Source/Game/PASS01.c,table,high,0.75,,1.0
0601C9AC,Passive01_0144,Source/Game/PASS01.c,table,high,1.0,,1.0
0601CA0A,Passive01_0145,Source/Game/PASS01.c,table,high,1.0,1.0,1.0
0601CA88,Passive01_0146,Source/Game/PASS01.c,table,high,0.33,,0.8
0601CAF6,Passive01_0147,Source/Game/PASS01.c,table,high,0.94,1.0,1.0
0601CB36,Passive01_0148,Source/Game/PASS01.c,table,high,0.64,,1.0
0601CB5E,Passive01_0149,Source/Game/PASS01.c,table,high,0.58,,1.0
0601CBCA,Passive01_0150,Source/Game/PASS01.c,table,high,1.0,,1.0
0601CC1C,Passive01_0151,Source/Game/PASS01.c,table,high,0.2,,0.8
0601CC40,Passive01_0152,Source/Game/PASS01.c,table,high,0.49,,0.86
0601CCA8,Passive01_0153,Source/Game/PASS01.c,table,high,0.97,,1.0
0601CCEC,Passive01_0154,Source/Game/PASS01.c,table,high,0.49,,0.86
0601CD34,Passive01_0155,Source/Game/PASS01.c,table,high,0.99,,1.0
0601CD76,Passive01_0156,Source/Game/PASS01.c,table,high,0.95,1.0,1.0
0601CDE0,Passive01_0157,Source/Game/PASS01.c,table,high,0.72,,1.0
0601CE02,Passive01_0158,Source/Game/PASS01.c,table,high,0.72,,1.0
0601CE24,Passive01_0159,Source/Game/PASS01.c,table,high,0.64,,1.0
0601CE44,Passive01_0160,Source/Game/PASS01.c,table,high,0.31,,0.83
0601CEEA,Passive01_0161,Source/Game/PASS01.c,table,high,0.26,,0.8
0601CF3C,Passive01_0162,Source/Game/PASS01.c,table,high,0.34,,0.8
0601CFA8,Passive01_0163,Source/Game/PASS01.c,table,high,0.72,,1.0
0601CFCA,Passive01_0164,Source/Game/PASS01.c,table,high,0.98,,1.0
0601D010,Passive01_0165,Source/Game/PASS01.c,table,high,0.7,1.0,1.0
0601D068,Passive01_0166,Source/Game/PASS01.c,table,high,0.96,,1.0
0601D09A,Passive01_0167,Source/Game/PASS01.c,table,high,0.96,,1.0
0601D0CC,Passive01_0168,Source/Game/PASS01.c,table,high,0.96,,1.0
0601D0FE,Passive01_0169,Source/Game/PASS01.c,table,high,1.0,,1.0
0601D168,Passive01_0170,Source/Game/PASS01.c,table,high,1.0,,1.0
0601D1B6,Passive01_0171,Source/Game/PASS01.c,table,high,0.64,,1.0
0601D1D6,Passive01_0172,Source/Game/PASS01.c,table,high,0.94,,1.0
0601D216,Passive01_0173,Source/Game/PASS01.c,table,high,0.6,,1.0
0601D2A0,Passive01_0174,Source/Game/PASS01.c,table,high,1.0,,1.0
0601D2F2,Passive01_0175,Source/Game/PASS01.c,table,high,0.99,,1.0
0601D398,Passive02_0000,Source/Game/PASS02.c,table,high,0.92,,1.0
0601D3CC,Passive02_0001,Source/Game/PASS02.c,table,high,0.98,,1.0
0601D424,Passive02_0002,Source/Game/PASS02.c,table,high,0.96,,1.0
0601D456,Passive02_0003,Source/Game/PASS02.c,table,high,1.0,1.0,1.0
0601D4A2,Passive02_0004,Source/Game/PASS02.c,table,high,0.56,,1.0
0601D4C0,Passive02_0005,Source/Game/PASS02.c,table,high,0.57,,1.0
0601D522,Passive02_0006,Source/Game/PASS02.c,table,high,0.96,,1.0
0601D554,Passive02_0007,Source/Game/PASS02.c,table,high,1.0,1.0,1.0
0601D5A2,Passive02_0008,Source/Game/PASS02.c,table,high,1.0,1.0,1.0
0601D60C,Passive02_0009,Source/Game/PASS02.c,table,high,1.0,1.0,1.0
0601D670,Passive02_0010,Source/Game/PASS02.c,table,high,0.98,,1.0
0601D6B6,Passive02_0011,Source/Game/PASS02.c,table,high,0.99,,1.0
0601D728,Passive02_0012,Source/Game/PASS02.c,table,high,0.64,1.0,1.0
0601D754,Passive02_0013,Source/Game/PASS02.c,table,high,0.96,,1.0
0601D796,Passive02_0014,Source/Game/PASS02.c,table,high,0.56,,1.0
0601D7B4,Passive02_0015,Source/Game/PASS02.c,table,medium,0.18,,0.67
0601D7EC,Passive02_0016,Source/Game/PASS02.c,table,high,0.98,,1.0
0601D850,Passive02_0017,Source/Game/PASS02.c,table,high,0.64,,1.0
0601D888,Passive02_0018,Source/Game/PASS02.c,table,high,0.98,,1.0
0601D8EA,Passive02_0019,Source/Game/PASS02.c,table,high,0.64,,1.0
0601D90A,Passive02_0020,Source/Game/PASS02.c,table,high,0.64,,1.0
0601D950,Passive02_0021,Source/Game/PASS02.c,table,high,0.96,,1.0
0601D99E,Passive02_0022,Source/Game/PASS02.c,table,high,1.0,,1.0
0601D9F0,Passive02_0023,Source/Game/PASS02.c,table,high,1.0,1.0,1.0
0601DA6C,Passive02_0024,Source/Game/PASS02.c,table,high,0.96,,1.0
0601DABA,Passive02_0025,Source/Game/PASS02.c,table,high,1.0,,1.0
0601DB18,Passive02_0026,Source/Game/PASS02.c,table,high,0.97,,1.0
0601DB78,Passive02_0027,Source/Game/PASS02.c,table,high,0.94,,1.0
0601DBB8,Passive02_0028,Source/Game/PASS02.c,table,high,0.64,,1.0
0601DBD8,Passive02_0029,Source/Game/PASS02.c,table,medium,0.18,,0.67
0601DC10,Passive02_0030,Source/Game/PASS02.c,table,high,0.64,,1.0
0601DC30,Passive02_0031,Source/Game/PASS02.c,table,high,0.72,,1.0
0601DC52,Passive02_0032,Source/Game/PASS02.c,table,high,0.93,,1.0
0601DC90,Passive02_0033,Source/Game/PASS02.c,table,high,0.72,,1.0
0601DCB2,Passive02_0034,Source/Game/PASS02.c,table,high,0.64,,1.0
0601DCD2,Passive02_0035,Source/Game/PASS02.c,table,high,0.64,,1.0
0601DCF2,Passive02_0036,Source/Game/PASS02.c,table,high,0.56,,1.0
0601DD10,Passive02_0037,Source/Game/PASS02.c,table,high,0.98,,1.0
0601DD7C,Passive02_0038,Source/Game/PASS02.c,table,high,0.98,,1.0
0601DDC2,Passive02_0039,Source/Game/PASS02.c,table,high,1.0,,1.0
0601DE10,Passive02_0040,Source/Game/PASS02.c,table,high,0.96,,1.0
0601DE8C,Passive02_0041,Source/Game/PASS02.c,table,high,0.99,,1.0
0601DEE6,Passive02_0042,Source/Game/PASS02.c,table,high,0.64,,1.0
0601DF0E,Passive02_0043,Source/Game/PASS02.c,table,high,0.99,,1.0
0601DF68,Passive02_0044,Source/Game/PASS02.c,table,high,0.78,,1.0
0601DFE8,Passive02_0045,Source/Game/PASS02.c,table,high,0.64,,1.0
0601E014,Passive02_0046,Source/Game/PASS02.c,table,high,0.64,,1.0
0601E034,Passive02_0047,Source/Game/PASS02.c,table,high,0.94,,1.0
0601E074,Passive02_0048,Source/Game/PASS02.c,table,high,0.29,,0.8
0601E09E,Passive02_0049,Source/Game/PASS02.c,table,high,0.81,,1.0
0601E108,Passive02_0050,Source/Game/PASS02.c,table,high,0.97,,1.0
0601E14C,Passive02_0051,Source/Game/PASS02.c,table,high,0.2,,0.8
0601E170,Passive02_0052,Source/Game/PASS02.c,table,high,0.64,,1.0
0601E190,Passive02_0053,Source/Game/PASS02.c,table,high,0.96,,1.0
0601E1C2,Passive02_0054,Source/Game/PASS02.c,table,high,0.75,,1.0
0601E216,Passive02_0055,Source/Game/PASS02.c,table,high,0.96,,1.0
0601E248,Passive02_0056,Source/Game/PASS02.c,table,high,1.0,,1.0
0601E28A,Passive02_0057,Source/Game/PASS02.c,table,high,0.99,1.0,1.0
0601E2CE,Passive02_0058,Source/Game/PASS02.c,table,high,0.64,,1.0
0601E318,Passive02_0059,Source/Game/PASS02.c,table,high,1.0,,1.0
0601E364,Passive02_0060,Source/Game/PASS02.c,table,high,0.56,,1.0
0601E382,Passive02_0061,Source/Game/PASS02.c,table,high,0.64,,1.0
0601E3A2,Passive02_0062,Source/Game/PASS02.c,table,high,0.94,,1.0
0601E3E2,Passive02_0063,Source/Game/PASS02.c,table,high,0.77,,1.0
0601E450,Passive02_0064,Source/Game/PASS02.c,table,high,1.0,1.0,1.0
0601E4BE,Passive02_0065,Source/Game/PASS02.c,table,high,0.96,,1.0
0601E534,Passive02_0066,Source/Game/PASS02.c,table,high,0.98,,1.0
0601E58A,Passive02_0067,Source/Game/PASS02.c,table,high,0.64,,1.0
0601E5AA,Passive02_0068,Source/Game/PASS02.c,table,high,0.59,,1.0
0601E5D4,Passive02_0069,Source/Game/PASS02.c,table,high,0.96,,1.0
0601E63C,Passive02_0070,Source/Game/PASS02.c,table,high,0.63,,0.93
0601E6BE,Passive02_0071,Source/Game/PASS02.c,table,high,0.58,,0.94
0601E782,Passive02_0072,Source/Game/PASS02.c,table,high,0.99,,1.0
0601E7CA,Passive02_0073,Source/Game/PASS02.c,table,high,0.84,,1.0
0601E864,Passive02_0074,Source/Game/PASS02.c,table,high,1.0,,1.0
0601E8C2,Passive02_0075,Source/Game/PASS02.c,table,high,0.99,,1.0
0601E91C,Passive02_0076,Source/Game/PASS02.c,table,high,0.98,,1.0
0601E962,Passive02_0077,Source/Game/PASS02.c,table,high,0.91,,1.0
0601E9BA,Passive02_0078,Source/Game/PASS02.c,table,high,0.97,1.0,1.0
0601EA78,Passive02_0079,Source/Game/PASS02.c,table,high,0.56,,1.0
0601EAD4,Passive02_0080,Source/Game/PASS02.c,table,high,1.0,,1.0
0601EB5E,Passive02_0081,Source/Game/PASS02.c,table,high,0.78,,1.0
0601EC26,Passive02_0082,Source/Game/PASS02.c,table,high,0.99,,1.0
0601ECB8,Passive02_0083,Source/Game/PASS02.c,table,high,0.91,,1.0
0601ED10,Passive02_0084,Source/Game/PASS02.c,table,high,1.0,,1.0
0601ED52,Passive02_0085,Source/Game/PASS02.c,table,medium,0.3,,0.75
0601EDAE,Passive02_0086,Source/Game/PASS02.c,table,high,0.64,,1.0
0601EDDA,Passive02_0087,Source/Game/PASS02.c,table,high,0.55,,1.0
0601EE54,Passive02_0088,Source/Game/PASS02.c,table,high,0.37,,0.83
0601EEF2,Passive02_0089,Source/Game/PASS02.c,table,high,0.71,,1.0
0601EF7A,Passive02_0090,Source/Game/PASS02.c,table,high,0.96,,1.0
0601EFAC,Passive02_0091,Source/Game/PASS02.c,table,high,1.0,,1.0
0601F01C,Passive02_0092,Source/Game/PASS02.c,table,high,1.0,1.0,1.0
0601F070,Passive02_0093,Source/Game/PASS02.c,table,high,0.83,,1.0
0601F10C,Passive02_0094,Source/Game/PASS02.c,table,high,0.96,,1.0
0601F13E,Passive02_0095,Source/Game/PASS02.c,table,high,0.96,,1.0
0601F170,Passive02_0096,Source/Game/PASS02.c,table,high,0.96,,1.0
0601F1A2,Passive02_0097,Source/Game/PASS02.c,table,high,0.67,,1.0
0601F1FC,Passive02_0098,Source/Game/PASS02.c,table,high,0.96,,1.0
0601F22E,Passive02_0099,Source/Game/PASS02.c,table,high,0.96,,1.0
0601F260,Passive02_0100,Source/Game/PASS02.c,table,high,0.97,,1.0
0601F2A4,Passive02_0101,Source/Game/PASS02.c,table,high,1.0,,1.0
0601F310,Passive02_0102,Source/Game/PASS02.c,table,high,0.96,,1.0
0601F370,Passive02_0103,Source/Game/PASS02.c,table,high,1.0,,1.0
0601F3BE,Passive02_0104,Source/Game/PASS02.c,table,high,1.0,,1.0
0601F430,Passive02_0105,Source/Game/PASS02.c,table,high,1.0,,1.0
0601F494,Passive02_0106,Source/Game/PASS02.c,table,high,0.99,,1.0
0601F4FE,Passive02_0107,Source/Game/PASS02.c,table,high,1.0,1.0,1.0
0601F538,Passive02_0108,Source/Game/PASS02.c,table,high,1.0,,1.0
0601F572,Passive02_0109,Source/Game/PASS02.c,table,high,1.0,,1.0
0601F5C8,Passive02_0110,Source/Game/PASS02.c,table,high,0.64,,1.0
0601F5F4,Passive02_0111,Source/Game/PASS02.c,table,high,0.65,,1.0
0601F66E,Passive02_0112,Source/Game/PASS02.c,table,high,1.0,,1.0
0601F6BA,Passive02_0113,Source/Game/PASS02.c,table,high,0.99,,1.0
0601F702,Passive02_0114,Source/Game/PASS02.c,table,high,0.83,,1.0
0601F7B8,Passive02_0115,Source/Game/PASS02.c,table,high,0.56,,1.0
0601F7D6,Passive02_0116,Source/Game/PASS02.c,table,high,1.0,,1.0
0601F828,Passive02_0117,Source/Game/PASS02.c,table,high,0.76,,1.0
0601F8AA,Passive02_0118,Source/Game/PASS02.c,table,high,1.0,,1.0
0601F8F8,Passive02_0119,Source/Game/PASS02.c,table,high,1.0,,1.0
0601F946,Passive02_0120,Source/Game/PASS02.c,table,high,1.0,,1.0
0601F994,Passive02_0121,Source/Game/PASS02.c,table,high,0.89,,1.0
0601FA36,Passive02_0122,Source/Game/PASS02.c,table,high,1.0,,1.0
0601FA7C,Passive02_0123,Source/Game/PASS02.c,table,high,0.93,,1.0
0601FAC6,Passive02_0124,Source/Game/PASS02.c,table,high,0.56,,1.0
0601FB1E,Passive02_0125,Source/Game/PASS02.c,table,high,1.0,1.0,1.0
0601FB68,Passive02_0126,Source/Game/PASS02.c,table,high,0.64,,1.0
0601FB90,Passive02_0127,Source/Game/PASS02.c,table,high,1.0,,1.0
0601FC2C,Passive02_0128,Source/Game/PASS02.c,table,high,0.94,,1.0
0601FC6C,Passive02_0129,Source/Game/PASS02.c,table,high,0.96,,1.0
0601FC9E,Passive02_0130,Source/Game/PASS02.c,table,high,0.96,,1.0
0601FCD0,Passive02_0131,Source/Game/PASS02.c,table,high,0.99,,1.0
0601FD34,Passive02_0132,Source/Game/PASS02.c,table,high,1.0,,1.0
0601FDD4,Passive03_0000,Source/Game/PASS03.c,table,high,0.92,,1.0
0601FE08,Passive03_0001,Source/Game/PASS03.c,table,high,0.64,,1.0
0601FE30,Passive03_0002,Source/Game/PASS03.c,table,high,1.0,,1.0
0601FE9A,Passive03_0003,Source/Game/PASS03.c,table,high,0.56,,1.0
0601FEF0,Passive03_0004,Source/Game/PASS03.c,table,high,0.96,,1.0
0601FF32,Passive03_0005,Source/Game/PASS03.c,table,high,0.56,,1.0
0601FF50,Passive03_0006,Source/Game/PASS03.c,table,high,0.97,,1.0
0601FF94,Passive03_0007,Source/Game/PASS03.c,table,high,0.94,1.0,1.0
0601FFF4,Passive03_0008,Source/Game/PASS03.c,table,high,0.98,,1.0
06020022,Game12_0,Source/Game/Game.c,table-align,medium,0.99,,
06020046,Passive03_0009,Source/Game/PASS03.c,table,high,1.0,,1.0
06020094,Passive03_0010,Source/Game/PASS03.c,table,high,1.0,,1.0
060200E4,Passive03_0011,Source/Game/PASS03.c,table,high,1.0,0.0,1.0
06020126,Passive03_0012,Source/Game/PASS03.c,table,high,1.0,,1.0
06020170,Passive03_0013,Source/Game/PASS03.c,table,medium,0.12,,0.67
0602024E,Passive03_0014,Source/Game/PASS03.c,table,high,0.97,,1.0
06020292,Passive03_0015,Source/Game/PASS03.c,table,high,0.64,,1.0
060202B2,Passive03_0016,Source/Game/PASS03.c,table,high,0.38,,0.83
06020350,Passive03_0017,Source/Game/PASS03.c,table,high,0.28,,0.8
060203EA,Passive03_0018,Source/Game/PASS03.c,table,high,0.33,,0.8
0602047A,Passive03_0019,Source/Game/PASS03.c,table,high,0.64,,1.0
0602049A,Passive03_0020,Source/Game/PASS03.c,table,high,0.64,,1.0
060204BA,Passive03_0021,Source/Game/PASS03.c,table,high,0.94,,1.0
060204FA,Passive03_0022,Source/Game/PASS03.c,table,high,0.58,,0.91
06020590,Passive03_0023,Source/Game/PASS03.c,table,high,1.0,,1.0
0602060A,Passive03_0024,Source/Game/PASS03.c,table,high,1.0,,1.0
06020684,Passive03_0025,Source/Game/PASS03.c,table,high,0.95,,1.0
060206EC,Passive03_0026,Source/Game/PASS03.c,table,high,0.97,,1.0
06020730,Passive03_0027,Source/Game/PASS03.c,table,high,0.59,,1.0
06020790,Passive03_0028,Source/Game/PASS03.c,table,high,1.0,0.0,1.0
060207D2,Passive03_0029,Source/Game/PASS03.c,table,medium,0.18,,0.67
0602080A,Passive03_0030,Source/Game/PASS03.c,table,high,0.97,,1.0
0602084E,Passive03_0031,Source/Game/PASS03.c,table,high,0.72,,1.0
06020898,Passive03_0032,Source/Game/PASS03.c,table,high,0.53,,0.89
060208F8,Passive03_0033,Source/Game/PASS03.c,table,high,0.72,,1.0
0602091A,Passive03_0034,Source/Game/PASS03.c,table,high,0.94,,1.0
0602095A,Passive03_0035,Source/Game/PASS03.c,table,medium,0.28,,0.67
060209BA,Passive03_0036,Source/Game/PASS03.c,table,high,0.5,,0.86
06020A04,Passive03_0037,Source/Game/PASS03.c,table,high,0.98,,1.0
06020A4A,Passive03_0038,Source/Game/PASS03.c,table,high,0.79,,1.0
06020AB6,Passive03_0039,Source/Game/PASS03.c,table,high,0.98,,1.0
06020AFC,Passive03_0040,Source/Game/PASS03.c,table,medium,0.31,,0.75
06020B5E,Passive03_0041,Source/Game/PASS03.c,table,high,0.78,,1.0
06020BDE,Passive03_0042,Source/Game/PASS03.c,table,high,1.0,0.0,1.0
06020C20,Passive03_0043,Source/Game/PASS03.c,table,high,1.0,,1.0
06020C6E,Passive03_0044,Source/Game/PASS03.c,table,high,1.0,,1.0
06020CCC,Passive03_0045,Source/Game/PASS03.c,table,high,1.0,1.0,1.0
06020D1A,Passive03_0046,Source/Game/PASS03.c,table,high,0.64,,1.0
06020D3A,Passive03_0047,Source/Game/PASS03.c,table,high,0.63,,1.0
06020DB6,Passive03_0048,Source/Game/PASS03.c,table,high,0.29,,0.8
06020DE0,Passive03_0049,Source/Game/PASS03.c,table,high,0.64,,1.0
06020E00,Passive03_0050,Source/Game/PASS03.c,table,high,0.26,,0.8
06020E28,Passive03_0051,Source/Game/PASS03.c,table,high,0.64,,1.0
06020E48,Passive03_0052,Source/Game/PASS03.c,table,high,0.64,,1.0
06020E84,Passive03_0053,Source/Game/PASS03.c,table,high,1.0,0.0,1.0
06020EC6,Passive03_0054,Source/Game/PASS03.c,table,high,1.0,0.0,1.0
06020F08,Passive03_0055,Source/Game/PASS03.c,table,high,0.96,,1.0
06020F3A,Passive03_0056,Source/Game/PASS03.c,table,high,1.0,,1.0
06020F7C,Passive03_0057,Source/Game/PASS03.c,table,high,1.0,,1.0
06020FBE,Passive03_0058,Source/Game/PASS03.c,table,high,0.64,,1.0
06020FDE,Passive03_0059,Source/Game/PASS03.c,table,high,0.32,,0.8
0602100A,Passive03_0060,Source/Game/PASS03.c,table,high,0.56,,1.0
06021028,Passive03_0061,Source/Game/PASS03.c,table,high,0.73,,1.0
0602109A,Passive03_0062,Source/Game/PASS03.c,table,high,0.7,,1.0
060210C8,Passive03_0063,Source/Game/PASS03.c,table,high,0.94,,1.0
06021108,Passive03_0064,Source/Game/PASS03.c,table,high,0.72,,1.0
0602112A,Passive03_0065,Source/Game/PASS03.c,table,high,0.96,,1.0
06021198,Passive03_0066,Source/Game/PASS03.c,table,high,0.98,,1.0
060211DE,Passive03_0067,Source/Game/PASS03.c,table,high,0.96,,1.0
06021210,Passive03_0068,Source/Game/PASS03.c,table,high,1.0,,1.0
06021252,Passive03_0069,Source/Game/PASS03.c,table,high,1.0,,1.0
0602129C,Passive03_0070,Source/Game/PASS03.c,table,high,0.98,,1.0
060212EE,Passive03_0071,Source/Game/PASS03.c,table,high,0.98,,1.0
06021344,Passive03_0072,Source/Game/PASS03.c,table,high,0.98,,1.0
060213C0,Passive03_0073,Source/Game/PASS03.c,table,high,1.0,0.5,1.0
0602142A,Passive03_0074,Source/Game/PASS03.c,table,high,0.34,,0.8
060214CC,Passive03_0075,Source/Game/PASS03.c,table,medium,0.16,,0.67
06021568,Passive03_0076,Source/Game/PASS03.c,table,high,0.23,0.5,0.77
06021632,Passive03_0077,Source/Game/PASS03.c,table,high,1.0,,1.0
06021682,Passive03_0078,Source/Game/PASS03.c,table,high,0.47,0.0,0.89
06021728,Passive03_0079,Source/Game/PASS03.c,table,high,1.0,,1.0
0602177C,Passive03_0080,Source/Game/PASS03.c,table,high,1.0,,1.0
060217CC,Passive03_0081,Source/Game/PASS03.c,table,high,0.82,0.0,1.0
06021850,Passive03_0082,Source/Game/PASS03.c,table,high,1.0,,1.0
060218A4,Passive03_0083,Source/Game/PASS03.c,table,high,0.32,,0.8
0602194C,Passive03_0084,Source/Game/PASS03.c,table,high,0.35,0.0,0.8
060219D4,Passive03_0085,Source/Game/PASS03.c,table,high,0.97,,1.0
06021A12,Passive03_0086,Source/Game/PASS03.c,table,high,0.61,,0.92
06021AA0,Passive03_0087,Source/Game/PASS03.c,table,high,0.32,,0.86
06021B76,Passive03_0088,Source/Game/PASS03.c,table,high,0.38,,0.83
06021C08,Passive03_0089,Source/Game/PASS03.c,table,high,0.96,,1.0
06021C3A,Passive03_0090,Source/Game/PASS03.c,table,high,0.96,,1.0
06021C6C,Passive03_0091,Source/Game/PASS03.c,table,high,0.96,,1.0
06021C9E,Passive03_0092,Source/Game/PASS03.c,table,high,1.0,1.0,1.0
06021CEC,Passive03_0093,Source/Game/PASS03.c,table,high,0.49,,0.8
06021D3A,Passive03_0094,Source/Game/PASS03.c,table,high,0.99,,1.0
06021D70,Passive03_0095,Source/Game/PASS03.c,table,high,0.97,,1.0
06021DB4,Passive03_0096,Source/Game/PASS03.c,table,high,0.97,,1.0
06021DF8,Passive03_0097,Source/Game/PASS03.c,table,high,0.83,,1.0
06021E72,Passive03_0098,Source/Game/PASS03.c,table,high,0.38,,0.83
06021EFE,Passive03_0099,Source/Game/PASS03.c,table,medium,0.3,,0.75
06021F88,Passive03_0100,Source/Game/PASS03.c,table,high,0.97,,1.0
06021FD8,Passive03_0101,Source/Game/PASS03.c,table,high,0.97,,1.0
0602201C,Passive03_0102,Source/Game/PASS03.c,table,high,0.82,,1.0
060220A0,Passive03_0103,Source/Game/PASS03.c,table,high,0.72,,1.0
060220DC,Passive03_0104,Source/Game/PASS03.c,table,high,0.64,,1.0
060220FC,Passive03_0105,Source/Game/PASS03.c,table,high,0.93,,1.0
0602217C,Passive03_0106,Source/Game/PASS03.c,table,high,0.72,,1.0
060221B8,Passive03_0107,Source/Game/PASS03.c,table,high,0.99,,1.0
06022206,Passive03_0108,Source/Game/PASS03.c,table,high,0.64,1.0,1.0
06022226,Passive03_0109,Source/Game/PASS03.c,table,high,1.0,,1.0
06022298,Passive03_0110,Source/Game/PASS03.c,table,high,1.0,,1.0
060222F4,Passive03_0111,Source/Game/PASS03.c,table,high,0.97,,1.0
06022338,Passive03_0112,Source/Game/PASS03.c,table,high,0.83,,1.0
060223BA,Passive03_0113,Source/Game/PASS03.c,table,high,1.0,,1.0
06022408,Passive03_0114,Source/Game/PASS03.c,table,high,1.0,,1.0
0602244A,Passive03_0115,Source/Game/PASS03.c,table,high,0.5,,0.86
06022494,Passive03_0116,Source/Game/PASS03.c,table,high,0.65,,1.0
060224FA,Passive03_0117,Source/Game/PASS03.c,table,high,1.0,,1.0
0602253C,Passive03_0118,Source/Game/PASS03.c,table,high,1.0,,1.0
0602257E,Passive03_0119,Source/Game/PASS03.c,table,high,0.64,,1.0
0602259E,Passive03_0120,Source/Game/PASS03.c,table,high,0.64,,1.0
060225BE,Passive03_0121,Source/Game/PASS03.c,table,high,0.86,1.0,1.0
0602260A,Passive03_0122,Source/Game/PASS03.c,table,high,0.96,,1.0
0602263C,Passive03_0123,Source/Game/PASS03.c,table,high,0.96,,1.0
0602266E,Passive03_0124,Source/Game/PASS03.c,table,high,0.96,,1.0
060226A0,Passive03_0125,Source/Game/PASS03.c,table,high,0.96,,1.0
060226D2,Passive03_0126,Source/Game/PASS03.c,table,high,0.56,,1.0
060226F0,Passive03_0127,Source/Game/PASS03.c,table,high,0.99,,1.0
06022732,Passive03_0128,Source/Game/PASS03.c,table,high,0.96,,1.0
06022764,Passive03_0129,Source/Game/PASS03.c,table,high,0.96,,1.0
06022796,Passive03_0130,Source/Game/PASS03.c,table,high,0.59,,1.0
060227C0,Passive03_0131,Source/Game/PASS03.c,table,high,0.94,,1.0
06022800,Passive03_0132,Source/Game/PASS03.c,table,high,0.94,,1.0
0602285C,Passive03_0133,Source/Game/PASS03.c,table,high,0.94,,1.0
0602289C,Passive03_0134,Source/Game/PASS03.c,table,high,0.56,,1.0
060228BA,Passive03_0135,Source/Game/PASS03.c,table,high,0.56,,1.0
06022908,Passive04_0000,Source/Game/PASS04.c,table,high,0.92,,1.0
0602293C,Passive04_0001,Source/Game/PASS04.c,table,high,0.98,,1.0
0602299E,Passive04_0002,Source/Game/PASS04.c,table,high,0.96,,1.0
060229D0,Passive04_0003,Source/Game/PASS04.c,table,high,0.96,,1.0
06022A02,Passive04_0004,Source/Game/PASS04.c,table,high,0.48,,0.8
06022A44,Passive04_0005,Source/Game/PASS04.c,table,high,0.73,1.0,1.0
06022A9A,Passive04_0006,Source/Game/PASS04.c,table,high,0.98,,1.0
06022AFC,Passive04_0007,Source/Game/PASS04.c,table,high,1.0,1.0,1.0
06022B4A,Passive04_0008,Source/Game/PASS04.c,table,high,0.75,1.0,1.0
06022BBA,Passive04_0009,Source/Game/PASS04.c,table,high,1.0,1.0,1.0
06022C1E,Passive04_0010,Source/Game/PASS04.c,table,high,0.98,,1.0
06022C64,Passive04_0011,Source/Game/PASS04.c,table,high,0.67,,1.0
06022CC8,Passive04_0012,Source/Game/PASS04.c,table,high,1.0,1.0,1.0
06022D18,Passive04_0013,Source/Game/PASS04.c,table,high,0.95,,1.0
06022D64,Passive04_0014,Source/Game/PASS04.c,table,high,0.56,,1.0
06022DB4,Passive04_0015,Source/Game/PASS04.c,table,medium,0.18,,0.67
06022DEC,Passive04_0016,Source/Game/PASS04.c,table,high,0.69,,1.0
06022E26,Passive04_0017,Source/Game/PASS04.c,table,high,0.64,,1.0
06022E5E,Passive04_0018,Source/Game/PASS04.c,table,high,1.0,,1.0
06022EB4,Passive04_0019,Source/Game/PASS04.c,table,high,0.64,,1.0
06022ED4,Passive04_0020,Source/Game/PASS04.c,table,high,0.64,,1.0
06022EF4,Passive04_0021,Source/Game/PASS04.c,table,high,0.96,,1.0
06022F42,Passive04_0022,Source/Game/PASS04.c,table,high,1.0,,1.0
06022FBC,Passive04_0023,Source/Game/PASS04.c,table,high,1.0,1.0,1.0
0602300E,Passive04_0024,Source/Game/PASS04.c,table,high,0.69,1.0,1.0
06023048,Passive04_0025,Source/Game/PASS04.c,table,high,1.0,,1.0
060230E4,Passive04_0026,Source/Game/PASS04.c,table,high,0.97,,1.0
06023128,Passive04_0027,Source/Game/PASS04.c,table,high,0.94,,1.0
06023168,Passive04_0028,Source/Game/PASS04.c,table,high,0.64,,1.0
06023188,Passive04_0029,Source/Game/PASS04.c,table,medium,0.2,,0.67
060231C2,Passive04_0030,Source/Game/PASS04.c,table,high,0.85,,1.0
06023206,Passive04_0031,Source/Game/PASS04.c,table,high,0.72,,1.0
06023228,Passive04_0032,Source/Game/PASS04.c,table,high,0.7,,1.0
06023256,Passive04_0033,Source/Game/PASS04.c,table,high,0.64,,1.0
06023282,Passive04_0034,Source/Game/PASS04.c,table,high,0.64,,1.0
060232A2,Passive04_0035,Source/Game/PASS04.c,table,high,0.64,,1.0
060232C2,Passive04_0036,Source/Game/PASS04.c,table,high,0.56,,1.0
06023308,Passive04_0037,Source/Game/PASS04.c,table,high,0.99,,1.0
0602335C,Passive04_0038,Source/Game/PASS04.c,table,high,0.98,,1.0
060233AE,Passive04_0039,Source/Game/PASS04.c,table,high,0.85,1.0,1.0
0602342E,Passive04_0040,Source/Game/PASS04.c,table,medium,0.22,,0.73
06023498,Passive04_0041,Source/Game/PASS04.c,table,high,1.0,1.0,1.0
06023506,Passive04_0042,Source/Game/PASS04.c,table,high,0.64,,1.0
0602352E,Passive04_0043,Source/Game/PASS04.c,table,high,1.0,,1.0
0602357C,Passive04_0044,Source/Game/PASS04.c,table,high,0.74,,1.0
06023600,Passive04_0045,Source/Game/PASS04.c,table,high,0.72,,1.0
06023622,Passive04_0046,Source/Game/PASS04.c,table,high,0.64,,1.0
06023642,Passive04_0047,Source/Game/PASS04.c,table,high,0.94,,1.0
06023682,Passive04_0048,Source/Game/PASS04.c,table,high,0.29,,0.8
060236AC,Passive04_0049,Source/Game/PASS04.c,table,high,0.64,,1.0
060236F0,Passive04_0050,Source/Game/PASS04.c,table,high,0.64,,1.0
06023710,Passive04_0051,Source/Game/PASS04.c,table,high,0.2,,0.8
06023734,Passive04_0052,Source/Game/PASS04.c,table,high,0.64,,1.0
06023760,Passive04_0053,Source/Game/PASS04.c,table,high,0.72,,1.0
06023782,Passive04_0054,Source/Game/PASS04.c,table,high,0.64,,1.0
060237A2,Passive04_0055,Source/Game/PASS04.c,table,high,0.64,,1.0
060237DC,Passive04_0056,Source/Game/PASS04.c,table,high,1.0,,1.0
0602381E,Passive04_0057,Source/Game/PASS04.c,table,high,0.99,1.0,1.0
06023862,Passive04_0058,Source/Game/PASS04.c,table,high,0.64,,1.0
06023882,Passive04_0059,Source/Game/PASS04.c,table,high,0.96,,1.0
060238B4,Passive04_0060,Source/Game/PASS04.c,table,high,0.56,,1.0
060238FC,Passive04_0061,Source/Game/PASS04.c,table,high,0.64,,1.0
0602391C,Passive04_0062,Source/Game/PASS04.c,table,high,0.94,1.0,1.0
0602395C,Passive04_0063,Source/Game/PASS04.c,table,high,0.98,,1.0
060239B2,Passive04_0064,Source/Game/PASS04.c,table,high,0.91,,1.0
06023A22,Passive04_0065,Source/Game/PASS04.c,table,high,0.64,,1.0
06023A4E,Passive04_0066,Source/Game/PASS04.c,table,high,0.94,,1.0
06023A8E,Passive04_0067,Source/Game/PASS04.c,table,high,0.64,,1.0
06023AAE,Passive04_0068,Source/Game/PASS04.c,table,high,0.96,1.0,1.0
06023B24,Passive04_0069,Source/Game/PASS04.c,table,high,0.96,,1.0
06023B72,Passive04_0070,Source/Game/PASS04.c,table,high,0.95,,1.0
06023BCE,Passive04_0071,Source/Game/PASS04.c,table,high,0.74,,1.0
06023C5C,Passive04_0072,Source/Game/PASS04.c,table,high,0.97,,1.0
06023C9A,Passive04_0073,Source/Game/PASS04.c,table,high,0.94,,1.0
06023CDA,Passive04_0074,Source/Game/PASS04.c,table,high,0.91,1.0,1.0
06023D52,Passive04_0075,Source/Game/PASS04.c,table,high,0.99,,1.0
06023DAC,Passive04_0076,Source/Game/PASS04.c,table,high,0.98,,1.0
06023DF2,Passive04_0077,Source/Game/PASS04.c,table,high,0.64,,1.0
06023E48,Passive04_0078,Source/Game/PASS04.c,table,high,0.64,,1.0
06023E74,Passive04_0079,Source/Game/PASS04.c,table,high,0.94,,1.0
06023EB4,Passive04_0080,Source/Game/PASS04.c,table,high,0.94,1.0,1.0
06023EF4,Passive04_0081,Source/Game/PASS04.c,table,high,0.94,,1.0
06023F50,Passive04_0082,Source/Game/PASS04.c,table,high,0.96,,1.0
06023F92,Passive04_0083,Source/Game/PASS04.c,table,high,1.0,1.0,1.0
06023FE2,Passive04_0084,Source/Game/PASS04.c,table,high,1.0,1.0,1.0
06024058,Passive04_0085,Source/Game/PASS04.c,table,high,1.0,1.0,1.0
060240A8,Passive04_0086,Source/Game/PASS04.c,table,high,1.0,1.0,1.0
060240F8,Passive04_0087,Source/Game/PASS04.c,table,high,0.97,,1.0
06024136,Passive04_0088,Source/Game/PASS04.c,table,high,0.79,,1.0
0602417E,Passive04_0089,Source/Game/PASS04.c,table,high,0.96,,1.0
060241CC,Passive04_0090,Source/Game/PASS04.c,table,high,0.96,1.0,1.0
060241FE,Passive04_0091,Source/Game/PASS04.c,table,high,0.96,1.0,1.0
06024230,Passive04_0092,Source/Game/PASS04.c,table,high,0.96,1.0,1.0
06024262,Passive04_0093,Source/Game/PASS04.c,table,high,0.86,,1.0
060242AE,Passive04_0094,Source/Game/PASS04.c,table,medium,0.28,,0.75
06024302,Passive04_0095,Source/Game/PASS04.c,table,high,0.98,,1.0
06024348,Passive04_0096,Source/Game/PASS04.c,table,high,0.88,,1.0
060243C4,Passive04_0097,Source/Game/PASS04.c,table,high,0.64,,1.0
060243F0,Passive04_0098,Source/Game/PASS04.c,table,high,0.99,,1.0
0602444A,Passive04_0099,Source/Game/PASS04.c,table,high,1.0,,1.0
060244BC,Passive04_0100,Source/Game/PASS04.c,table,high,0.56,,1.0
060244DA,Passive04_0101,Source/Game/PASS04.c,table,high,0.94,,1.0
0602451A,Passive04_0102,Source/Game/PASS04.c,table,high,1.0,1.0,1.0
0602457A,Passive04_0103,Source/Game/PASS04.c,table,high,0.88,1.0,1.0
060245F6,Passive04_0104,Source/Game/PASS04.c,table,high,0.94,,1.0
06024636,Passive04_0105,Source/Game/PASS04.c,table,high,0.94,,1.0
06024676,Passive04_0106,Source/Game/PASS04.c,table,high,0.96,,1.0
060246DC,Passive04_0107,Source/Game/PASS04.c,table,high,0.96,,1.0
0602472A,Passive04_0108,Source/Game/PASS04.c,table,high,0.97,,1.0
0602477A,Passive04_0109,Source/Game/PASS04.c,table,high,0.96,,1.0
060247D4,Passive04_0110,Source/Game/PASS04.c,table,high,1.0,1.0,1.0
06024830,Passive04_0111,Source/Game/PASS04.c,table,high,1.0,1.0,1.0
0602488C,Passive04_0112,Source/Game/PASS04.c,table,high,1.0,1.0,1.0
060248FE,Passive04_0113,Source/Game/PASS04.c,table,high,0.99,1.0,1.0
06024964,Passive04_0114,Source/Game/PASS04.c,table,high,0.95,,1.0
060249B0,Passive04_0115,Source/Game/PASS04.c,table,high,0.7,1.0,1.0
060249FE,Passive04_0116,Source/Game/PASS04.c,table,high,1.0,,1.0
06024A62,Passive04_0117,Source/Game/PASS04.c,table,high,0.64,,1.0
06024A8A,Passive04_0118,Source/Game/PASS04.c,table,high,1.0,,1.0
06024ACC,Passive04_0119,Source/Game/PASS04.c,table,high,0.58,,1.0
06024B58,Passive04_0120,Source/Game/PASS04.c,table,high,0.53,,0.86
06024BB6,Passive04_0121,Source/Game/PASS04.c,table,medium,0.18,,0.67
06024BEE,Passive04_0122,Source/Game/PASS04.c,table,high,0.64,,1.0
06024C28,Passive04_0123,Source/Game/PASS04.c,table,high,0.96,1.0,1.0
06024C5A,Passive04_0124,Source/Game/PASS04.c,table,high,0.96,1.0,1.0
06024C8C,Passive04_0125,Source/Game/PASS04.c,table,high,0.96,1.0,1.0
06024CBE,Passive04_0126,Source/Game/PASS04.c,table,high,0.96,1.0,1.0
06024CF0,Passive04_0127,Source/Game/PASS04.c,table,high,0.87,,1.0
06024D54,Passive04_0128,Source/Game/PASS04.c,table,high,0.97,,1.0
06024D98,Passive04_0129,Source/Game/PASS04.c,table,high,1.0,,1.0
06024DE6,Passive04_0130,Source/Game/PASS04.c,table,high,0.49,,0.86
06024E2E,Passive04_0131,Source/Game/PASS04.c,table,high,0.52,,0.86
06024E92,Passive04_0132,Source/Game/PASS04.c,table,high,1.0,,1.0
06024EDE,Passive04_0133,Source/Game/PASS04.c,table,high,1.0,,1.0
06024F42,Passive04_0134,Source/Game/PASS04.c,table,high,0.75,,1.0
06024FB2,Passive04_0135,Source/Game/PASS04.c,table,high,1.0,,1.0
06024FFE,Passive04_0136,Source/Game/PASS04.c,table,high,0.56,,1.0
0602501C,Passive04_0137,Source/Game/PASS04.c,table,high,0.96,,1.0
0602504E,Passive04_0138,Source/Game/PASS04.c,table,high,0.96,,1.0
060250A0,Passive04_0139,Source/Game/PASS04.c,table,high,1.0,1.0,1.0
060250F0,Passive04_0140,Source/Game/PASS04.c,table,high,1.0,1.0,1.0
0602514E,Passive04_0141,Source/Game/PASS04.c,table,high,0.88,1.0,1.0
0602521C,Passive05_0000,Source/Game/PASS05.c,table,high,0.92,,1.0
06025250,Passive05_0001,Source/Game/PASS05.c,table,high,0.56,,1.0
0602526E,Passive05_0002,Source/Game/PASS05.c,table,high,0.96,,1.0
060252A0,Passive05_0003,Source/Game/PASS05.c,table,high,0.96,,1.0
060252D2,Passive05_0004,Source/Game/PASS05.c,table,high,0.96,,1.0
06025304,Passive05_0005,Source/Game/PASS05.c,table,high,0.96,,1.0
06025336,Passive05_0006,Source/Game/PASS05.c,table,high,0.64,,1.0
0602535E,Passive05_0007,Source/Game/PASS05.c,table,high,0.56,1.0,1.0
060253E2,Passive05_0008,Source/Game/PASS05.c,table,high,1.0,1.0,1.0
06025430,Passive05_0009,Source/Game/PASS05.c,table,high,1.0,1.0,1.0
06025494,Passive05_0010,Source/Game/PASS05.c,table,high,0.89,,1.0
060254F6,Passive05_0011,Source/Game/PASS05.c,table,high,0.98,,1.0
0602553C,Passive05_0012,Source/Game/PASS05.c,table,high,1.0,,1.0
06025588,Passive05_0013,Source/Game/PASS05.c,table,high,0.96,,1.0
060255F4,Passive05_0014,Source/Game/PASS05.c,table,high,0.56,,1.0
06025612,Passive05_0015,Source/Game/PASS05.c,table,high,0.64,,1.0
06025632,Passive05_0016,Source/Game/PASS05.c,table,high,0.69,,1.0
0602566C,Passive05_0017,Source/Game/PASS05.c,table,high,0.64,1.0,1.0
060256A4,Passive05_0018,Source/Game/PASS05.c,table,high,0.91,1.0,1.0
06025714,Passive05_0019,Source/Game/PASS05.c,table,high,0.64,,1.0
06025734,Passive05_0020,Source/Game/PASS05.c,table,high,0.64,,1.0
06025754,Passive05_0021,Source/Game/PASS05.c,table,high,0.96,1.0,1.0
060257A2,Passive05_0022,Source/Game/PASS05.c,table,high,0.82,,1.0
06025814,Passive05_0023,Source/Game/PASS05.c,table,high,1.0,1.0,1.0
06025866,Passive05_0024,Source/Game/PASS05.c,table,high,0.69,1.0,1.0
060258A0,Passive05_0025,Source/Game/PASS05.c,table,high,1.0,,1.0
0602591C,Passive05_0026,Source/Game/PASS05.c,table,high,0.97,1.0,1.0
06025960,Passive05_0027,Source/Game/PASS05.c,table,high,0.94,,1.0
060259A0,Passive05_0028,Source/Game/PASS05.c,table,high,1.0,,1.0
060259EE,Passive05_0029,Source/Game/PASS05.c,table,high,0.72,,1.0
06025A34,Passive05_0030,Source/Game/PASS05.c,table,high,0.64,,1.0
06025A54,Passive05_0031,Source/Game/PASS05.c,table,high,0.72,,1.0
06025A76,Passive05_0032,Source/Game/PASS05.c,table,high,0.72,,1.0
06025A98,Passive05_0033,Source/Game/PASS05.c,table,high,0.72,,1.0
06025ABA,Passive05_0034,Source/Game/PASS05.c,table,high,0.64,,1.0
06025ADA,Passive05_0035,Source/Game/PASS05.c,table,high,0.64,,1.0
06025AFA,Passive05_0036,Source/Game/PASS05.c,table,high,0.56,,1.0
06025B3C,Passive05_0037,Source/Game/PASS05.c,table,high,0.98,,1.0
06025B82,Passive05_0038,Source/Game/PASS05.c,table,high,0.98,,1.0
06025BC8,Passive05_0039,Source/Game/PASS05.c,table,high,0.98,,1.0
06025C0E,Passive05_0040,Source/Game/PASS05.c,table,high,0.83,,1.0
06025C76,Passive05_0041,Source/Game/PASS05.c,table,high,0.94,1.0,1.0
06025CB6,Passive05_0042,Source/Game/PASS05.c,table,high,0.64,,1.0
06025CDE,Passive05_0043,Source/Game/PASS05.c,table,high,1.0,1.0,1.0
06025D50,Passive05_0044,Source/Game/PASS05.c,table,high,0.99,,1.0
06025DA4,Passive05_0045,Source/Game/PASS05.c,table,high,0.64,,1.0
06025DC4,Passive05_0046,Source/Game/PASS05.c,table,high,0.64,,1.0
06025DE4,Passive05_0047,Source/Game/PASS05.c,table,high,0.94,,1.0
06025E24,Passive05_0048,Source/Game/PASS05.c,table,high,0.7,,1.0
06025E72,Passive05_0049,Source/Game/PASS05.c,table,high,0.64,,1.0
06025E92,Passive05_0050,Source/Game/PASS05.c,table,high,0.64,,1.0
06025EB2,Passive05_0051,Source/Game/PASS05.c,table,high,0.2,,0.8
06025ED6,Passive05_0052,Source/Game/PASS05.c,table,high,0.64,,1.0
06025EF6,Passive05_0053,Source/Game/PASS05.c,table,high,0.96,,1.0
06025F28,Passive05_0054,Source/Game/PASS05.c,table,high,0.85,1.0,1.0
06025F8E,Passive05_0055,Source/Game/PASS05.c,table,high,0.96,,1.0
06025FC0,Passive05_0056,Source/Game/PASS05.c,table,high,1.0,,1.0
0602600C,Passive05_0057,Source/Game/PASS05.c,table,high,1.0,,1.0
0602604E,Passive05_0058,Source/Game/PASS05.c,table,high,0.64,,1.0
06026098,Passive05_0059,Source/Game/PASS05.c,table,high,0.53,,0.86
060260F2,Passive05_0060,Source/Game/PASS05.c,table,high,0.56,,1.0
06026110,Passive05_0061,Source/Game/PASS05.c,table,high,0.64,,1.0
06026130,Passive05_0062,Source/Game/PASS05.c,table,medium,0.24,,0.67
06026190,Passive05_0063,Source/Game/PASS05.c,table,high,0.96,,1.0
060261C2,Passive05_0064,Source/Game/PASS05.c,table,high,0.96,1.0,1.0
06026210,Passive05_0065,Source/Game/PASS05.c,table,high,0.96,1.0,1.0
0602625E,Passive05_0066,Source/Game/PASS05.c,table,high,0.94,1.0,1.0
060262BA,Passive05_0067,Source/Game/PASS05.c,table,high,0.64,,1.0
060262DA,Passive05_0068,Source/Game/PASS05.c,table,high,0.64,,1.0
060262FA,Passive05_0069,Source/Game/PASS05.c,table,high,0.96,,1.0
06026348,Passive05_0070,Source/Game/PASS05.c,table,high,1.0,1.0,1.0
060263CA,Passive05_0071,Source/Game/PASS05.c,table,high,1.0,,1.0
0602642E,Passive05_0072,Source/Game/PASS05.c,table,high,1.0,,1.0
060264AC,Passive05_0073,Source/Game/PASS05.c,table,high,0.58,,0.91
0602651E,Passive05_0074,Source/Game/PASS05.c,table,high,1.0,,1.0
060265AC,Passive05_0075,Source/Game/PASS05.c,table,high,0.99,1.0,1.0
06026610,Passive05_0076,Source/Game/PASS05.c,table,high,0.98,,1.0
06026656,Passive05_0077,Source/Game/PASS05.c,table,high,0.64,,1.0
060266B0,Passive05_0078,Source/Game/PASS05.c,table,high,0.64,,1.0
060266DC,Passive05_0079,Source/Game/PASS05.c,table,high,0.56,,1.0
060266FA,Passive05_0080,Source/Game/PASS05.c,table,high,0.64,,1.0
0602670E,Passive05_0081,Source/Game/PASS05.c,table,high,0.59,,0.91
060267C0,Passive05_0082,Source/Game/PASS05.c,table,high,1.0,,1.0
06026844,Passive05_0083,Source/Game/PASS05.c,table,high,0.56,,1.0
06026862,Passive05_0084,Source/Game/PASS05.c,table,high,1.0,,1.0
060268D8,Passive05_0085,Source/Game/PASS05.c,table,high,0.98,,1.0
0602691E,Passive05_0086,Source/Game/PASS05.c,table,high,0.98,,1.0
06026980,Passive05_0087,Source/Game/PASS05.c,table,high,0.64,1.0,1.0
060269A0,Passive05_0088,Source/Game/PASS05.c,table,high,0.73,,1.0
06026A12,Passive05_0089,Source/Game/PASS05.c,table,high,0.64,,1.0
06026A32,Passive05_0090,Source/Game/PASS05.c,table,high,0.99,,1.0
06026A7A,Passive05_0091,Source/Game/PASS05.c,table,high,1.0,,1.0
06026AD2,Passive05_0092,Source/Game/PASS05.c,table,high,0.67,,1.0
06026B36,Passive05_0093,Source/Game/PASS05.c,table,high,1.0,1.0,1.0
06026B78,Passive05_0094,Source/Game/PASS05.c,table,high,0.97,,1.0
06026BBC,Passive05_0095,Source/Game/PASS05.c,table,high,1.0,1.0,1.0
06026C34,Passive05_0096,Source/Game/PASS05.c,table,high,0.49,,0.86
06026C7C,Passive05_0097,Source/Game/PASS05.c,table,high,0.64,1.0,1.0
06026C9C,Passive05_0098,Source/Game/PASS05.c,table,high,0.96,,1.0
06026CCE,Passive05_0099,Source/Game/PASS05.c,table,high,0.56,,1.0
06026CEC,Passive05_0100,Source/Game/PASS05.c,table,high,0.77,1.0,1.0
06026D5A,Passive05_0101,Source/Game/PASS05.c,table,high,0.64,,1.0
06026DA4,Passive06_0000,Source/Game/PASS06.c,table,high,0.92,,1.0
06026DD8,Passive06_0001,Source/Game/PASS06.c,table,high,0.64,,1.0
06026E00,Passive06_0002,Source/Game/PASS06.c,table,high,0.97,,1.0
06026E44,Passive06_0003,Source/Game/PASS06.c,table,high,0.97,,1.0
06026E88,Passive06_0004,Source/Game/PASS06.c,table,high,0.64,,1.0
06026EA8,Passive06_0005,Source/Game/PASS06.c,table,high,0.64,,1.0
06026EC8,Passive06_0006,Source/Game/PASS06.c,table,high,0.97,,1.0
06026F0C,Passive06_0007,Source/Game/PASS06.c,table,high,0.7,,1.0
06026F5A,Passive06_0008,Source/Game/PASS06.c,table,high,0.97,,1.0
06026F9E,Passive06_0009,Source/Game/PASS06.c,table,high,0.64,,1.0
06026FBE,Passive06_0010,Source/Game/PASS06.c,table,high,0.64,,1.0
06026FDE,Passive06_0011,Source/Game/PASS06.c,table,high,0.64,,1.0
06026FFE,Passive06_0012,Source/Game/PASS06.c,table,high,0.83,,1.0
06027066,Passive06_0013,Source/Game/PASS06.c,table,high,0.94,,1.0
060270A6,Passive06_0014,Source/Game/PASS06.c,table,high,0.94,,1.0
060270E6,Passive06_0015,Source/Game/PASS06.c,table,high,0.94,,1.0
06027126,Passive06_0016,Source/Game/PASS06.c,table,high,0.96,,1.0
06027158,Passive06_0017,Source/Game/PASS06.c,table,high,0.96,,1.0
0602718A,Passive06_0018,Source/Game/PASS06.c,table,high,0.96,,1.0
060271BC,Passive06_0019,Source/Game/PASS06.c,table,high,0.96,,1.0
060271EE,Passive06_0020,Source/Game/PASS06.c,table,high,0.96,,1.0
06027220,Passive06_0021,Source/Game/PASS06.c,table,high,0.96,,1.0
06027252,Passive06_0022,Source/Game/PASS06.c,table,high,0.96,,1.0
06027294,Passive06_0023,Source/Game/PASS06.c,table,high,0.96,,1.0
060272C6,Passive06_0024,Source/Game/PASS06.c,table,high,0.96,,1.0
060272F8,Passive06_0025,Source/Game/PASS06.c,table,high,1.0,,1.0
06027356,Passive06_0026,Source/Game/PASS06.c,table,high,1.0,,1.0
060273B4,Passive06_0027,Source/Game/PASS06.c,table,high,1.0,,1.0
06027412,Passive06_0028,Source/Game/PASS06.c,table,high,1.0,,1.0
06027472,Passive06_0029,Source/Game/PASS06.c,table,high,0.89,,1.0
060274EC,Passive06_0030,Source/Game/PASS06.c,table,high,1.0,,1.0
06027560,Passive06_0031,Source/Game/PASS06.c,table,high,1.0,,1.0
060275D0,Passive06_0032,Source/Game/PASS06.c,table,high,0.86,1.0,1.0
06027646,Passive06_0033,Source/Game/PASS06.c,table,high,0.99,1.0,1.0
0602769A,Passive06_0034,Source/Game/PASS06.c,table,high,1.0,,1.0
06027734,Passive06_0035,Source/Game/PASS06.c,table,high,1.0,,1.0
060277A2,Passive06_0036,Source/Game/PASS06.c,table,high,1.0,,1.0
06027830,Passive06_0037,Source/Game/PASS06.c,table,high,1.0,,1.0
060278A0,Passive06_0038,Source/Game/PASS06.c,table,high,1.0,,1.0
06027910,Passive06_0039,Source/Game/PASS06.c,table,high,1.0,,1.0
06027970,Passive06_0040,Source/Game/PASS06.c,table,high,0.86,,1.0
060279EE,Passive06_0041,Source/Game/PASS06.c,table,high,0.59,,0.91
06027A68,Passive06_0042,Source/Game/PASS06.c,table,high,0.54,,0.92
06027B14,Passive06_0043,Source/Game/PASS06.c,table,high,0.97,,1.0
06027B58,Passive06_0044,Source/Game/PASS06.c,table,high,0.97,,1.0
06027B9C,Passive06_0045,Source/Game/PASS06.c,table,high,0.85,,1.0
06027C02,Passive06_0046,Source/Game/PASS06.c,table,high,0.97,,1.0
06027C46,Passive06_0047,Source/Game/PASS06.c,table,high,0.97,,1.0
06027C8A,Passive06_0048,Source/Game/PASS06.c,table,high,0.83,,1.0
06027D26,Passive06_0049,Source/Game/PASS06.c,table,high,0.97,,1.0
06027D6A,Passive06_0050,Source/Game/PASS06.c,table,high,0.97,1.0,1.0
06027DAE,Passive06_0051,Source/Game/PASS06.c,table,high,0.99,,1.0
06027E2C,Passive06_0052,Source/Game/PASS06.c,table,high,1.0,,1.0
06027E7A,Passive06_0053,Source/Game/PASS06.c,table,high,0.98,,1.0
06027EC0,Passive06_0054,Source/Game/PASS06.c,table,high,0.97,,1.0
06027F20,Passive06_0055,Source/Game/PASS06.c,table,high,0.58,,0.91
06027F96,Passive06_0056,Source/Game/PASS06.c,table,high,0.96,1.0,1.0
0602802C,Passive06_0057,Source/Game/PASS06.c,table,high,0.61,,0.92
060280BE,Passive06_0058,Source/Game/PASS06.c,table,high,1.0,,1.0
06028108,Passive06_0059,Source/Game/PASS06.c,table,high,0.99,,1.0
06028172,Passive06_0060,Source/Game/PASS06.c,table,high,0.53,,1.0
060281E2,Passive06_0061,Source/Game/PASS06.c,table,high,1.0,1.0,1.0
06028224,Passive06_0062,Source/Game/PASS06.c,table,high,1.0,,1.0
06028266,Passive06_0063,Source/Game/PASS06.c,table,high,1.0,,1.0
060282C8,Passive06_0064,Source/Game/PASS06.c,table,high,1.0,,1.0
0602832E,Passive06_0065,Source/Game/PASS06.c,table,high,1.0,1.0,1.0
0602837C,Passive06_0066,Source/Game/PASS06.c,table,high,0.48,,0.89
06028414,Passive06_0067,Source/Game/PASS06.c,table,high,0.96,,1.0
06028462,Passive06_0068,Source/Game/PASS06.c,table,high,0.64,,1.0
0602849A,Passive06_0069,Source/Game/PASS06.c,table,high,1.0,,1.0
060284F6,Passive06_0070,Source/Game/PASS06.c,table,high,0.95,,1.0
06028552,Passive06_0071,Source/Game/PASS06.c,table,high,0.96,,1.0
060285DC,Passive06_0072,Source/Game/PASS06.c,table,high,0.96,,1.0
06028646,Passive06_0073,Source/Game/PASS06.c,table,high,0.96,,1.0
060286D0,Passive06_0074,Source/Game/PASS06.c,table,high,0.96,,1.0
0602873A,Passive06_0075,Source/Game/PASS06.c,table,high,0.96,,1.0
060287A4,Passive06_0076,Source/Game/PASS06.c,table,high,0.97,,1.0
060287F4,Passive06_0077,Source/Game/PASS06.c,table,high,1.0,,1.0
0602887E,Passive06_0078,Source/Game/PASS06.c,table,high,0.99,1.0,1.0
060288F0,Passive06_0079,Source/Game/PASS06.c,table,high,0.64,,1.0
0602891C,Passive06_0080,Source/Game/PASS06.c,table,high,0.64,,1.0
06028948,Passive06_0081,Source/Game/PASS06.c,table,high,0.64,,1.0
06028974,Passive06_0082,Source/Game/PASS06.c,table,high,0.64,,1.0
060289A0,Passive06_0083,Source/Game/PASS06.c,table,high,0.64,,1.0
060289E0,Passive06_0084,Source/Game/PASS06.c,table,high,0.64,,1.0
06028A0C,Passive06_0085,Source/Game/PASS06.c,table,high,0.64,,1.0
06028A2C,Passive06_0086,Source/Game/PASS06.c,table,high,0.64,,1.0
06028A58,Passive06_0087,Source/Game/PASS06.c,table,high,0.64,,1.0
06028A84,Passive06_0088,Source/Game/PASS06.c,table,high,0.64,,1.0
06028AC0,Passive06_0089,Source/Game/PASS06.c,table,high,0.96,,1.0
06028B0E,Passive06_0090,Source/Game/PASS06.c,table,high,0.98,1.0,1.0
06028B64,Passive06_0091,Source/Game/PASS06.c,table,high,0.98,1.0,1.0
06028BD8,Passive06_0092,Source/Game/PASS06.c,table,high,0.37,,0.83
06028C50,Passive06_0093,Source/Game/PASS06.c,table,high,0.64,,1.0
06028C7C,Passive06_0094,Source/Game/PASS06.c,table,high,0.99,1.0,1.0
06028CE8,Passive06_0095,Source/Game/PASS06.c,table,high,0.99,1.0,1.0
06028D30,Passive06_0096,Source/Game/PASS06.c,table,high,0.64,,1.0
06028D50,Passive06_0097,Source/Game/PASS06.c,table,high,0.64,,1.0
06028D70,Passive06_0098,Source/Game/PASS06.c,table,high,0.64,,1.0
06028D90,Passive06_0099,Source/Game/PASS06.c,table,high,0.56,,1.0
06028DAE,Passive06_0100,Source/Game/PASS06.c,table,high,0.96,,1.0
06028E00,Passive06_0101,Source/Game/PASS06.c,table,high,0.94,,1.0
06028E40,Passive06_0102,Source/Game/PASS06.c,table,high,0.56,,1.0
06028E5E,Passive06_0103,Source/Game/PASS06.c,table,high,0.96,,1.0
06028ECE,Passive06_0104,Source/Game/PASS06.c,table,high,0.68,,1.0
06028F10,Passive06_0105,Source/Game/PASS06.c,table,high,0.53,,0.86
06028F62,Passive06_0106,Source/Game/PASS06.c,table,high,1.0,,1.0
06028FAC,Passive06_0107,Source/Game/PASS06.c,table,high,0.73,,1.0
06029014,Passive06_0108,Source/Game/PASS06.c,table,high,1.0,,1.0
06029074,Passive06_0109,Source/Game/PASS06.c,table,high,0.97,,1.0
060290B8,Passive06_0110,Source/Game/PASS06.c,table,high,0.56,,1.0
060290D6,Passive06_0111,Source/Game/PASS06.c,table,high,0.99,,1.0
0602910C,Passive06_0112,Source/Game/PASS06.c,table,high,0.97,1.0,1.0
0602915C,Passive06_0113,Source/Game/PASS06.c,table,high,0.64,,1.0
06029184,Passive06_0114,Source/Game/PASS06.c,table,high,0.56,,1.0
060291A2,Passive06_0115,Source/Game/PASS06.c,table,high,0.42,,1.0
0602921E,Passive06_0116,Source/Game/PASS06.c,table,high,0.56,,1.0
0602923C,Passive06_0117,Source/Game/PASS06.c,table,high,1.0,,1.0
0602927E,Passive06_0118,Source/Game/PASS06.c,table,high,1.0,,1.0
06029300,Passive06_0119,Source/Game/PASS06.c,table,high,0.96,1.0,1.0
0602936E,Passive06_0120,Source/Game/PASS06.c,table,high,0.96,,1.0
060293DC,Passive06_0121,Source/Game/PASS06.c,table,high,1.0,,1.0
0602942C,Passive06_0122,Source/Game/PASS06.c,table,high,0.64,,1.0
0602944C,Passive06_0123,Source/Game/PASS06.c,table,high,0.97,1.0,1.0
06029490,Passive06_0124,Source/Game/PASS06.c,table,high,0.97,1.0,1.0
060294D4,Passive06_0125,Source/Game/PASS06.c,table,high,0.71,,1.0
06029548,Passive06_0126,Source/Game/PASS06.c,table,high,0.97,1.0,1.0
0602958C,Passive06_0127,Source/Game/PASS06.c,table,high,0.97,,1.0
060295DC,Passive06_0128,Source/Game/PASS06.c,table,high,0.57,,1.0
0602965E,Passive06_0129,Source/Game/PASS06.c,table,high,0.56,,1.0
0602967C,Passive06_0130,Source/Game/PASS06.c,table,high,0.99,,1.0
060296D6,Passive06_0131,Source/Game/PASS06.c,table,high,1.0,,1.0
06029750,Passive06_0132,Source/Game/PASS06.c,table,high,0.97,,1.0
060297E8,Passive06_0133,Source/Game/PASS06.c,table,high,0.69,0.5,1.0
060298B6,Passive06_0134,Source/Game/PASS06.c,table,high,1.0,,1.0
06029902,Passive06_0135,Source/Game/PASS06.c,table,high,0.98,,1.0
0602998C,Passive06_0136,Source/Game/PASS06.c,table,high,1.0,1.0,1.0
06029A14,Passive06_0137,Source/Game/PASS06.c,table,high,0.99,,1.0
06029A4A,Passive06_0138,Source/Game/PASS06.c,table,high,0.52,,1.0
06029AD2,Passive06_0139,Source/Game/PASS06.c,table,high,0.53,,0.86
06029B2E,Passive06_0140,Source/Game/PASS06.c,table,high,1.0,,1.0
06029B80,Passive06_0141,Source/Game/PASS06.c,table,high,0.67,,1.0
06029C02,Passive06_0142,Source/Game/PASS06.c,table,high,1.0,,1.0
06029C54,Passive06_0143,Source/Game/PASS06.c,table,high,1.0,,1.0
06029CA6,Passive06_0144,Source/Game/PASS06.c,table,high,0.84,,1.0
06029D16,Passive06_0145,Source/Game/PASS06.c,table,high,1.0,1.0,1.0
06029D58,Passive06_0146,Source/Game/PASS06.c,table,high,1.0,1.0,1.0
06029DD8,Passive07_0000,Source/Game/PASS07.c,table,high,0.92,,1.0
06029E0C,Passive07_0001,Source/Game/PASS07.c,table,high,0.64,,1.0
06029E34,Passive07_0002,Source/Game/PASS07.c,table,high,0.56,,1.0
06029E52,Passive07_0003,Source/Game/PASS07.c,table,high,1.0,,1.0
06029E9E,Passive07_0004,Source/Game/PASS07.c,table,high,0.67,,1.0
06029F16,Passive07_0005,Source/Game/PASS07.c,table,high,0.64,,1.0
06029F42,Passive07_0006,Source/Game/PASS07.c,table,high,0.98,,1.0
06029FA4,Passive07_0007,Source/Game/PASS07.c,table,high,0.87,,1.0
0602A032,Passive07_0008,Source/Game/PASS07.c,table,high,0.53,,0.89
0602A08E,Passive07_0009,Source/Game/PASS07.c,table,high,1.0,,1.0
0602A108,Passive07_0010,Source/Game/PASS07.c,table,high,0.61,,0.92
0602A192,Passive07_0011,Source/Game/PASS07.c,table,high,0.97,,1.0
0602A1D6,Passive07_0012,Source/Game/PASS07.c,table,high,0.75,,1.0
0602A246,Passive07_0013,Source/Game/PASS07.c,table,high,0.64,,1.0
0602A272,Passive07_0014,Source/Game/PASS07.c,table,high,0.64,,1.0
0602A29E,Passive07_0015,Source/Game/PASS07.c,table,high,0.34,,0.86
0602A2D6,Passive07_0016,Source/Game/PASS07.c,table,high,0.7,,1.0
0602A324,Passive07_0017,Source/Game/PASS07.c,table,high,0.64,,1.0
0602A350,Passive07_0018,Source/Game/PASS07.c,table,high,0.96,,1.0
0602A382,Passive07_0019,Source/Game/PASS07.c,table,high,0.94,,1.0
0602A3C2,Passive07_0020,Source/Game/PASS07.c,table,high,0.7,,1.0
0602A3F0,Passive07_0021,Source/Game/PASS07.c,table,high,0.97,,1.0
0602A440,Passive07_0022,Source/Game/PASS07.c,table,high,0.7,,1.0
0602A46E,Passive07_0023,Source/Game/PASS07.c,table,high,0.94,,1.0
0602A4AE,Passive07_0024,Source/Game/PASS07.c,table,high,0.96,,1.0
0602A50C,Passive07_0025,Source/Game/PASS07.c,table,high,0.74,,1.0
0602A574,Passive07_0026,Source/Game/PASS07.c,table,high,1.0,,1.0
0602A5BA,Passive07_0027,Source/Game/PASS07.c,table,high,1.0,,1.0
0602A612,Passive07_0028,Source/Game/PASS07.c,table,high,0.64,,1.0
0602A626,Passive07_0029,Source/Game/PASS07.c,table,high,0.98,,1.0
0602A678,Passive07_0030,Source/Game/PASS07.c,table,high,1.0,,1.0
0602A6D0,Passive07_0031,Source/Game/PASS07.c,table,high,0.38,,0.89
0602A716,Passive07_0032,Source/Game/PASS07.c,table,high,0.39,,0.86
0602A752,Passive07_0033,Source/Game/PASS07.c,table,high,0.7,,1.0
0602A79C,Passive07_0034,Source/Game/PASS07.c,table,high,0.98,,1.0
0602A7F2,Passive07_0035,Source/Game/PASS07.c,table,high,0.96,,1.0
0602A824,Passive07_0036,Source/Game/PASS07.c,table,high,0.96,,1.0
0602A856,Passive07_0037,Source/Game/PASS07.c,table,high,0.96,,1.0
0602A888,Passive07_0038,Source/Game/PASS07.c,table,high,1.0,,1.0
0602A8D6,Passive07_0039,Source/Game/PASS07.c,table,high,1.0,,1.0
0602A924,Passive07_0040,Source/Game/PASS07.c,table,high,1.0,,1.0
0602A972,Passive07_0041,Source/Game/PASS07.c,table,high,0.85,,1.0
0602A9F2,Passive07_0042,Source/Game/PASS07.c,table,high,0.56,,1.0
0602AA10,Passive07_0043,Source/Game/PASS07.c,table,high,1.0,,1.0
0602AA52,Passive07_0044,Source/Game/PASS07.c,table,high,1.0,,1.0
0602AA94,Passive07_0045,Source/Game/PASS07.c,table,high,0.96,,1.0
0602AAC6,Passive07_0046,Source/Game/PASS07.c,table,high,0.75,,1.0
0602AB1A,Passive07_0047,Source/Game/PASS07.c,table,high,0.96,,1.0
0602AB4C,Passive07_0048,Source/Game/PASS07.c,table,high,0.49,,0.86
0602AB94,Passive07_0049,Source/Game/PASS07.c,table,high,0.49,,0.86
0602ABDC,Passive07_0050,Source/Game/PASS07.c,table,high,0.94,,1.0
0602AC1C,Passive07_0051,Source/Game/PASS07.c,table,high,0.53,,0.86
0602AC7E,Passive07_0052,Source/Game/PASS07.c,table,high,1.0,,1.0
0602ACE6,Passive07_0053,Source/Game/PASS07.c,table,high,1.0,,1.0
0602AD78,Passive07_0054,Source/Game/PASS07.c,table,high,0.34,,0.86
0602ADB0,Passive07_0055,Source/Game/PASS07.c,table,high,0.73,,1.0
0602ADE8,Passive07_0056,Source/Game/PASS07.c,table,high,0.96,,1.0
0602AE74,Passive07_0057,Source/Game/PASS07.c,table,high,0.96,,1.0
0602AED8,Passive07_0058,Source/Game/PASS07.c,table,high,0.7,,1.0
0602AF06,Passive07_0059,Source/Game/PASS07.c,table,high,1.0,,1.0
0602AF4E,Passive07_0060,Source/Game/PASS07.c,table,high,0.69,,1.0
0602AFBA,Passive07_0061,Source/Game/PASS07.c,table,high,0.69,,1.0
0602AFF0,Passive07_0062,Source/Game/PASS07.c,table,high,0.64,,1.0
0602B01C,Passive07_0063,Source/Game/PASS07.c,table,high,0.34,,0.86
0602B0E0,Passive07_0064,Source/Game/PASS07.c,table,high,0.64,,1.0
0602B10C,Passive07_0065,Source/Game/PASS07.c,table,high,1.0,,1.0
0602B1A0,Passive07_0066,Source/Game/PASS07.c,table,high,0.94,,1.0
0602B1E0,Passive07_0067,Source/Game/PASS07.c,table,high,0.94,,1.0
0602B220,Passive07_0068,Source/Game/PASS07.c,table,high,0.96,,1.0
0602B252,Passive07_0069,Source/Game/PASS07.c,table,high,0.64,,1.0
0602B272,Passive07_0070,Source/Game/PASS07.c,table,high,0.92,,1.0
0602B2F0,Passive07_0071,Source/Game/PASS07.c,table,high,0.64,,1.0
0602B318,Passive07_0072,Source/Game/PASS07.c,table,high,0.59,,1.0
0602B342,Passive07_0073,Source/Game/PASS07.c,table,high,0.64,,1.0
0602B362,Passive07_0074,Source/Game/PASS07.c,table,high,0.63,,1.0
0602B3DE,Passive07_0075,Source/Game/PASS07.c,table,high,1.0,,1.0
0602B43C,Passive07_0076,Source/Game/PASS07.c,table,high,0.64,,1.0
0602B468,Passive07_0077,Source/Game/PASS07.c,table,high,0.64,,1.0
0602B488,Passive07_0078,Source/Game/PASS07.c,table,high,0.69,,1.0
0602B4F4,Passive07_0079,Source/Game/PASS07.c,table,high,1.0,,1.0
0602B54A,Passive07_0080,Source/Game/PASS07.c,table,high,1.0,,1.0
0602B5B2,Passive07_0081,Source/Game/PASS07.c,table,high,0.72,,1.0
0602B64C,Passive07_0082,Source/Game/PASS07.c,table,high,0.37,,0.83
0602B71C,Passive07_0083,Source/Game/PASS07.c,table,high,0.72,,1.0
0602B73E,Passive07_0084,Source/Game/PASS07.c,table,high,0.64,,1.0
0602B75E,Passive07_0085,Source/Game/PASS07.c,table,high,0.72,,1.0
0602B780,Passive07_0086,Source/Game/PASS07.c,table,high,0.64,1.0,1.0
0602B7A0,Passive07_0087,Source/Game/PASS07.c,table,high,0.96,,1.0
0602B7D2,Passive07_0088,Source/Game/PASS07.c,table,high,0.56,,1.0
0602B810,Passive07_0089,Source/Game/PASS07.c,table,high,0.53,,0.86
0602B862,Passive07_0090,Source/Game/PASS07.c,table,high,0.96,,1.0
0602B8C6,Passive07_0091,Source/Game/PASS07.c,table,high,0.59,,0.91
0602B94E,Passive07_0092,Source/Game/PASS07.c,table,high,0.99,,1.0
0602B9CA,Passive07_0093,Source/Game/PASS07.c,table,high,0.78,,1.0
0602BA4A,Passive07_0094,Source/Game/PASS07.c,table,high,0.96,,1.0
0602BA98,Passive07_0095,Source/Game/PASS07.c,table,high,0.94,,1.0
0602BAD8,Passive07_0096,Source/Game/PASS07.c,table,high,0.94,,1.0
0602BB3C,Passive07_0097,Source/Game/PASS07.c,table,high,0.99,,1.0
0602BB84,Passive07_0098,Source/Game/PASS07.c,table,high,0.64,,1.0
0602BBA4,Passive07_0099,Source/Game/PASS07.c,table,high,0.64,,1.0
0602BBC4,Passive07_0100,Source/Game/PASS07.c,table,medium,0.3,,0.75
0602BC3C,Passive07_0101,Source/Game/PASS07.c,table,high,0.98,,1.0
0602BC92,Passive07_0102,Source/Game/PASS07.c,table,high,0.99,,1.0
0602BD00,Passive07_0103,Source/Game/PASS07.c,table,high,0.91,,1.0
0602BD60,Passive07_0104,Source/Game/PASS07.c,table,high,0.94,,1.0
0602BDA0,Passive07_0105,Source/Game/PASS07.c,table,high,1.0,,1.0
0602BE14,Passive07_0106,Source/Game/PASS07.c,table,high,0.99,,1.0
0602BE88,Passive07_0107,Source/Game/PASS07.c,table,high,1.0,,1.0
0602BED6,Passive07_0108,Source/Game/PASS07.c,table,high,1.0,,1.0
0602BF24,Passive07_0109,Source/Game/PASS07.c,table,high,1.0,,1.0
0602BF72,Passive07_0110,Source/Game/PASS07.c,table,high,0.96,,1.0
0602BFD6,Passive07_0111,Source/Game/PASS07.c,table,high,0.96,,1.0
0602C03A,Passive07_0112,Source/Game/PASS07.c,table,high,0.64,,1.0
0602C05A,Passive07_0113,Source/Game/PASS07.c,table,high,0.83,,1.0
0602C0D4,Passive07_0114,Source/Game/PASS07.c,table,high,0.53,,0.86
0602C130,Passive07_0115,Source/Game/PASS07.c,table,high,1.0,,1.0
0602C1BC,Passive07_0116,Source/Game/PASS07.c,table,high,0.56,,1.0
0602C1DA,Passive07_0117,Source/Game/PASS07.c,table,high,0.94,,1.0
0602C21A,Passive07_0118,Source/Game/PASS07.c,table,high,0.94,,1.0
0602C25A,Passive07_0119,Source/Game/PASS07.c,table,high,0.72,,1.0
0602C27C,Passive07_0120,Source/Game/PASS07.c,table,high,0.52,,0.86
0602C2E2,Passive07_0121,Source/Game/PASS07.c,table,high,0.64,,1.0
0602C302,Passive07_0122,Source/Game/PASS07.c,table,high,0.32,,0.8
0602C32E,Passive07_0123,Source/Game/PASS07.c,table,medium,0.25,,0.67
0602C374,Passive07_0124,Source/Game/PASS07.c,table,high,0.53,,0.86
0602C3D6,Passive07_0125,Source/Game/PASS07.c,table,high,0.96,,1.0
0602C424,Passive07_0126,Source/Game/PASS07.c,table,medium,0.3,,0.75
0602C49C,Passive07_0127,Source/Game/PASS07.c,table,high,0.35,,0.8
0602C520,Passive07_0128,Source/Game/PASS07.c,table,high,0.85,,1.0
0602C5C2,Passive07_0129,Source/Game/PASS07.c,table,medium,0.23,,0.73
0602C64E,Passive07_0130,Source/Game/PASS07.c,table,high,0.85,,1.0
0602C6F0,Passive07_0131,Source/Game/PASS07.c,table,high,0.99,,1.0
0602C738,Passive07_0132,Source/Game/PASS07.c,table,high,1.0,,1.0
0602C7C4,Passive07_0133,Source/Game/PASS07.c,table,high,1.0,,1.0
0602C842,Passive07_0134,Source/Game/PASS07.c,table,high,1.0,,1.0
0602C8D4,Passive07_0135,Source/Game/PASS07.c,table,high,1.0,,1.0
0602C922,Passive07_0136,Source/Game/PASS07.c,table,high,0.98,,1.0
0602C974,Passive07_0137,Source/Game/PASS07.c,table,high,0.96,,1.0
0602C9F0,Passive07_0138,Source/Game/PASS07.c,table,high,0.33,,0.8
0602CA5C,Passive07_0139,Source/Game/PASS07.c,table,high,0.96,,1.0
0602CAE0,Passive07_0140,Source/Game/PASS07.c,table,high,0.96,,1.0
0602CB44,Passive07_0141,Source/Game/PASS07.c,table,high,0.94,,1.0
0602CB84,Passive07_0142,Source/Game/PASS07.c,table,high,1.0,,1.0
0602CBF8,Passive07_0143,Source/Game/PASS07.c,table,high,1.0,,1.0
0602CC66,Passive07_0144,Source/Game/PASS07.c,table,high,1.0,,1.0
0602CD1C,Passive07_0145,Source/Game/PASS07.c,table,high,1.0,,1.0
0602CDA0,Passive07_0146,Source/Game/PASS07.c,table,high,1.0,,1.0
0602CDF6,Passive07_0147,Source/Game/PASS07.c,table,high,0.33,,0.83
0602CE9A,Passive07_0148,Source/Game/PASS07.c,table,high,0.49,,0.89
0602CEEE,Passive07_0149,Source/Game/PASS07.c,table,high,0.34,,0.8
0602CF72,Passive07_0150,Source/Game/PASS07.c,table,high,0.49,,0.89
0602CFC6,Passive07_0151,Source/Game/PASS07.c,table,high,0.38,,0.83
0602D064,Passive07_0152,Source/Game/PASS07.c,table,high,0.56,,0.89
0602D0D0,Passive07_0153,Source/Game/PASS07.c,table,high,0.98,,1.0
0602D126,Passive07_0154,Source/Game/PASS07.c,table,high,0.64,1.0,1.0
0602D180,Passive07_0155,Source/Game/PASS07.c,table,high,0.64,1.0,1.0
0602D1AC,Passive07_0156,Source/Game/PASS07.c,table,high,0.96,1.0,1.0
0602D1FA,Passive07_0157,Source/Game/PASS07.c,table,high,0.77,,1.0
0602D2C4,Passive07_0158,Source/Game/PASS07.c,table,high,0.98,,1.0
0602D388,Passive07_0159,Source/Game/PASS07.c,table,high,0.96,,1.0
0602D3EC,Passive07_0160,Source/Game/PASS07.c,table,high,1.0,,1.0
0602D454,Passive07_0161,Source/Game/PASS07.c,table,high,0.73,,1.0
0602D4EC,Passive07_0162,Source/Game/PASS07.c,table,medium,0.1,,0.62
0602D5E6,Passive07_0163,Source/Game/PASS07.c,table,high,0.35,,0.8
0602D66E,Passive07_0164,Source/Game/PASS07.c,table,high,0.73,,1.0
0602D6EA,Passive07_0165,Source/Game/PASS07.c,table,high,1.0,,1.0
0602D752,Passive07_0166,Source/Game/PASS07.c,table,high,1.0,,1.0
0602D7C8,Passive07_0167,Source/Game/PASS07.c,table,high,1.0,,1.0
0602D85A,Passive07_0168,Source/Game/PASS07.c,table,high,0.72,,1.0
0602D87C,Passive07_0169,Source/Game/PASS07.c,table,high,0.64,,1.0
0602D89C,Passive07_0170,Source/Game/PASS07.c,table,high,0.89,1.0,1.0
0602D8F6,Passive07_0171,Source/Game/PASS07.c,table,high,0.64,1.0,1.0
0602D922,Passive07_0172,Source/Game/PASS07.c,table,high,0.64,1.0,1.0
0602D94E,Passive07_0173,Source/Game/PASS07.c,table,medium,0.32,,0.75
0602D9E4,Passive07_0174,Source/Game/PASS07.c,table,high,1.0,,1.0
0602DA68,Passive07_0175,Source/Game/PASS07.c,table,high,0.5,,0.86
0602DAB2,Passive07_0176,Source/Game/PASS07.c,table,high,0.34,,0.8
0602DB44,Passive07_0177,Source/Game/PASS07.c,table,high,1.0,,1.0
0602DBA6,Passive07_0178,Source/Game/PASS07.c,table,high,0.88,,1.0
0602DC54,Passive07_0179,Source/Game/PASS07.c,table,high,0.7,,1.0
0602DC82,Passive07_0180,Source/Game/PASS07.c,table,high,0.96,,1.0
0602DCC4,Passive07_0181,Source/Game/PASS07.c,table,high,0.97,,1.0
0602DD34,Passive07_0182,Source/Game/PASS07.c,table,high,0.64,,1.0
0602DD54,Passive07_0183,Source/Game/PASS07.c,table,high,1.0,,1.0
0602DDBC,Passive07_0184,Source/Game/PASS07.c,table,high,0.32,,0.83
0602DE80,Passive07_0185,Source/Game/PASS07.c,table,high,0.64,,1.0
0602DEA0,Passive07_0186,Source/Game/PASS07.c,table,high,0.96,,1.0
0602DED2,Passive07_0187,Source/Game/PASS07.c,table,high,0.96,,1.0
0602DF04,Passive07_0188,Source/Game/PASS07.c,table,high,0.96,,1.0
0602DF50,Passive07_0189,Source/Game/PASS07.c,table,high,1.0,,1.0
0602DF9C,Passive07_0190,Source/Game/PASS07.c,table,high,1.0,,1.0
0602DFE8,Passive07_0191,Source/Game/PASS07.c,table,high,0.99,,1.0
0602E030,Passive07_0192,Source/Game/PASS07.c,table,high,0.87,1.0,1.0
0602E094,Passive07_0193,Source/Game/PASS07.c,table,high,1.0,1.0,1.0
0602E0DE,Passive07_0194,Source/Game/PASS07.c,table,high,0.98,,1.0
0602E124,Passive07_0195,Source/Game/PASS07.c,table,high,0.98,,1.0
0602E190,Passive07_0196,Source/Game/PASS07.c,table,high,1.0,,1.0
0602E1DC,Passive07_0197,Source/Game/PASS07.c,table,high,0.97,,1.0
0602E220,Passive07_0198,Source/Game/PASS07.c,table,high,0.98,,1.0
0602E266,Passive07_0199,Source/Game/PASS07.c,table,high,0.89,,1.0
0602E2C8,Passive07_0200,Source/Game/PASS07.c,table,high,0.94,,1.0
0602E308,Passive07_0201,Source/Game/PASS07.c,table,high,0.98,,1.0
0602E35E,Passive07_0202,Source/Game/PASS07.c,table,high,0.98,,1.0
0602E3B4,Passive07_0203,Source/Game/PASS07.c,table,high,0.99,,1.0
0602E3EA,Passive07_0204,Source/Game/PASS07.c,table,high,1.0,1.0,1.0
0602E436,Passive07_0205,Source/Game/PASS07.c,table,high,0.64,,1.0
0602E45E,Passive07_0206,Source/Game/PASS07.c,table,high,1.0,,1.0
0602E4A0,Passive07_0207,Source/Game/PASS07.c,table,high,0.63,,1.0
0602E526,Passive07_0208,Source/Game/PASS07.c,table,high,0.98,1.0,1.0
0602E58A,Passive07_0209,Source/Game/PASS07.c,table,high,0.99,,1.0
0602E5E4,Passive07_0210,Source/Game/PASS07.c,table,high,0.88,,1.0
0602E626,Passive07_0211,Source/Game/PASS07.c,table,high,0.96,,1.0
0602E658,Passive07_0212,Source/Game/PASS07.c,table,high,1.0,,1.0
0602E6BA,Passive07_0213,Source/Game/PASS07.c,table,high,0.56,,0.89
0602E760,Passive08_0000,Source/Game/PASS08.c,table,high,0.92,,1.0
0602E794,Passive08_0001,Source/Game/PASS08.c,table,high,0.64,,1.0
0602E7BC,Passive08_0002,Source/Game/PASS08.c,table,high,0.97,,1.0
0602E81C,Passive08_0003,Source/Game/PASS08.c,table,high,0.67,,1.0
0602E894,Passive08_0004,Source/Game/PASS08.c,table,high,1.0,,1.0
0602E8F6,Passive08_0005,Source/Game/PASS08.c,table,high,0.64,,1.0
0602E922,Passive08_0006,Source/Game/PASS08.c,table,high,0.76,,1.0
0602E9A4,Passive08_0007,Source/Game/PASS08.c,table,high,0.99,,1.0
0602E9F8,Passive08_0008,Source/Game/PASS08.c,table,high,0.96,,1.0
0602EA3A,Passive08_0009,Source/Game/PASS08.c,table,high,1.0,,1.0
0602EAB4,Passive08_0010,Source/Game/PASS08.c,table,high,1.0,,1.0
0602EB22,Passive08_0011,Source/Game/PASS08.c,table,high,0.56,,1.0
0602EB40,Passive08_0012,Source/Game/PASS08.c,table,high,0.7,,1.0
0602EB6E,Passive08_0013,Source/Game/PASS08.c,table,high,0.64,,1.0
0602EBC4,Passive08_0014,Source/Game/PASS08.c,table,high,0.34,,0.86
0602EBFC,Passive08_0015,Source/Game/PASS08.c,table,high,0.34,,0.86
0602EC34,Passive08_0016,Source/Game/PASS08.c,table,high,0.64,,1.0
0602EC60,Passive08_0017,Source/Game/PASS08.c,table,high,0.64,,1.0
0602ECA4,Passive08_0018,Source/Game/PASS08.c,table,high,0.97,,1.0
0602ECE8,Passive08_0019,Source/Game/PASS08.c,table,high,0.94,,1.0
0602ED28,Passive08_0020,Source/Game/PASS08.c,table,high,0.7,,1.0
0602ED56,Passive08_0021,Source/Game/PASS08.c,table,high,0.7,,1.0
0602EDAC,Passive08_0022,Source/Game/PASS08.c,table,high,0.72,,1.0
0602EDCE,Passive08_0023,Source/Game/PASS08.c,table,high,0.98,,1.0
0602EE24,Passive08_0024,Source/Game/PASS08.c,table,high,0.94,,1.0
0602EE64,Passive08_0025,Source/Game/PASS08.c,table,high,0.94,,1.0
0602EEBC,Passive08_0026,Source/Game/PASS08.c,table,high,0.96,,1.0
0602EEEE,Passive08_0027,Source/Game/PASS08.c,table,high,0.96,,1.0
0602EF20,Passive08_0028,Source/Game/PASS08.c,table,high,0.96,,1.0
0602EF52,Passive08_0029,Source/Game/PASS08.c,table,high,0.98,,1.0
0602EFA4,Passive08_0030,Source/Game/PASS08.c,table,high,0.98,,1.0
0602F008,Passive08_0031,Source/Game/PASS08.c,table,high,0.38,,0.89
0602F04E,Passive08_0032,Source/Game/PASS08.c,table,high,0.39,,0.86
0602F08A,Passive08_0033,Source/Game/PASS08.c,table,high,0.7,,1.0
0602F0D4,Passive08_0034,Source/Game/PASS08.c,table,high,0.98,,1.0
0602F12A,Passive08_0035,Source/Game/PASS08.c,table,high,0.96,,1.0
0602F15C,Passive08_0036,Source/Game/PASS08.c,table,high,0.96,,1.0
0602F18E,Passive08_0037,Source/Game/PASS08.c,table,high,0.96,,1.0
0602F1C0,Passive08_0038,Source/Game/PASS08.c,table,high,1.0,,1.0
0602F20E,Passive08_0039,Source/Game/PASS08.c,table,high,1.0,,1.0
0602F25C,Passive08_0040,Source/Game/PASS08.c,table,high,1.0,,1.0
0602F2AA,Passive08_0041,Source/Game/PASS08.c,table,high,0.85,,1.0
0602F32A,Passive08_0042,Source/Game/PASS08.c,table,high,0.56,,1.0
0602F348,Passive08_0043,Source/Game/PASS08.c,table,high,1.0,,1.0
0602F38A,Passive08_0044,Source/Game/PASS08.c,table,high,1.0,,1.0
0602F3CC,Passive08_0045,Source/Game/PASS08.c,table,high,0.96,,1.0
0602F3FE,Passive08_0046,Source/Game/PASS08.c,table,high,0.75,,1.0
0602F452,Passive08_0047,Source/Game/PASS08.c,table,high,0.96,,1.0
0602F484,Passive08_0048,Source/Game/PASS08.c,table,high,0.64,,1.0
0602F4A4,Passive08_0049,Source/Game/PASS08.c,table,high,0.2,,0.8
0602F4C8,Passive08_0050,Source/Game/PASS08.c,table,high,0.94,,1.0
0602F508,Passive08_0051,Source/Game/PASS08.c,table,high,0.53,,0.86
0602F566,Passive08_0052,Source/Game/PASS08.c,table,high,0.99,,1.0
0602F5C0,Passive08_0053,Source/Game/PASS08.c,table,high,1.0,,1.0
0602F64C,Passive08_0054,Source/Game/PASS08.c,table,high,0.34,,0.86
0602F684,Passive08_0055,Source/Game/PASS08.c,table,high,0.7,,1.0
0602F6B2,Passive08_0056,Source/Game/PASS08.c,table,high,0.14,1.0,0.67
0602F77E,Passive08_0057,Source/Game/PASS08.c,table,high,0.96,,1.0
0602F7E2,Passive08_0058,Source/Game/PASS08.c,table,high,0.56,,1.0
0602F800,Passive08_0059,Source/Game/PASS08.c,table,high,0.7,,1.0
0602F854,Passive08_0060,Source/Game/PASS08.c,table,high,0.94,,1.0
0602F894,Passive08_0061,Source/Game/PASS08.c,table,high,0.69,,1.0
0602F8CA,Passive08_0062,Source/Game/PASS08.c,table,high,0.64,,1.0
0602F8F6,Passive08_0063,Source/Game/PASS08.c,table,high,0.67,,1.0
0602F96E,Passive08_0064,Source/Game/PASS08.c,table,high,0.64,,1.0
0602F99A,Passive08_0065,Source/Game/PASS08.c,table,high,1.0,,1.0
0602FA02,Passive08_0066,Source/Game/PASS08.c,table,high,0.59,,0.94
0602FACA,Passive08_0067,Source/Game/PASS08.c,table,high,0.94,,1.0
0602FB0A,Passive08_0068,Source/Game/PASS08.c,table,high,0.69,1.0,1.0
0602FB40,Passive08_0069,Source/Game/PASS08.c,table,high,0.64,,1.0
0602FB60,Passive08_0070,Source/Game/PASS08.c,table,high,0.78,,1.0
0602FBF2,Passive08_0071,Source/Game/PASS08.c,table,high,0.64,,1.0
0602FC1A,Passive08_0072,Source/Game/PASS08.c,table,high,0.69,,1.0
0602FC50,Passive08_0073,Source/Game/PASS08.c,table,high,0.64,,1.0
0602FC70,Passive08_0074,Source/Game/PASS08.c,table,high,0.69,,1.0
0602FCE6,Passive08_0075,Source/Game/PASS08.c,table,high,1.0,,1.0
0602FD44,Passive08_0076,Source/Game/PASS08.c,table,high,0.64,,1.0
0602FD70,Passive08_0077,Source/Game/PASS08.c,table,high,0.64,,1.0
0602FD90,Passive08_0078,Source/Game/PASS08.c,table,high,0.78,,1.0
0602FE10,Passive08_0079,Source/Game/PASS08.c,table,high,1.0,,1.0
0602FE66,Passive08_0080,Source/Game/PASS08.c,table,high,1.0,,1.0
0602FEF8,Passive08_0081,Source/Game/PASS08.c,table,high,0.98,,1.0
0602FF68,Passive08_0082,Source/Game/PASS08.c,table,high,0.31,,0.83
06030032,Passive08_0083,Source/Game/PASS08.c,table,high,0.72,,1.0
06030054,Passive08_0084,Source/Game/PASS08.c,table,high,0.72,,1.0
06030076,Passive08_0085,Source/Game/PASS08.c,table,high,0.72,,1.0
06030098,Passive08_0086,Source/Game/PASS08.c,table,high,0.64,,1.0
060300B8,Passive08_0087,Source/Game/PASS08.c,table,high,0.96,,1.0
060300EA,Passive08_0088,Source/Game/PASS08.c,table,high,0.56,,1.0
0603012C,Passive08_0089,Source/Game/PASS08.c,table,high,0.53,,0.86
0603017E,Passive08_0090,Source/Game/PASS08.c,table,high,0.96,,1.0
060301E2,Passive08_0091,Source/Game/PASS08.c,table,high,0.94,,1.0
06030264,Passive08_0092,Source/Game/PASS08.c,table,high,0.99,,1.0
060302E0,Passive08_0093,Source/Game/PASS08.c,table,high,0.99,,1.0
0603035C,Passive08_0094,Source/Game/PASS08.c,table,high,0.96,,1.0
060303AA,Passive08_0095,Source/Game/PASS08.c,table,high,0.94,,1.0
060303EA,Passive08_0096,Source/Game/PASS08.c,table,high,0.94,,1.0
0603042A,Passive08_0097,Source/Game/PASS08.c,table,high,0.81,,1.0
06030494,Passive08_0098,Source/Game/PASS08.c,table,high,0.64,,1.0
060304B4,Passive08_0099,Source/Game/PASS08.c,table,high,0.64,,1.0
060304D4,Passive08_0100,Source/Game/PASS08.c,table,high,0.64,,1.0
060304F4,Passive08_0101,Source/Game/PASS08.c,table,high,0.98,,1.0
06030568,Passive08_0102,Source/Game/PASS08.c,table,high,0.99,,1.0
060305D6,Passive08_0103,Source/Game/PASS08.c,table,high,0.94,,1.0
06030616,Passive08_0104,Source/Game/PASS08.c,table,high,0.94,,1.0
06030678,Passive08_0105,Source/Game/PASS08.c,table,high,1.0,,1.0
060306EC,Passive08_0106,Source/Game/PASS08.c,table,high,0.99,,1.0
06030730,Passive08_0107,Source/Game/PASS08.c,table,high,0.61,,1.0
060307AE,Passive08_0108,Source/Game/PASS08.c,table,high,1.0,,1.0
060307FC,Passive08_0109,Source/Game/PASS08.c,table,high,1.0,,1.0
0603084A,Passive08_0110,Source/Game/PASS08.c,table,high,0.96,,1.0
060308AE,Passive08_0111,Source/Game/PASS08.c,table,high,0.96,,1.0
06030912,Passive08_0112,Source/Game/PASS08.c,table,high,0.64,1.0,1.0
06030932,Passive08_0113,Source/Game/PASS08.c,table,high,0.85,,1.0
06030976,Passive08_0114,Source/Game/PASS08.c,table,high,0.53,,0.86
060309D2,Passive08_0115,Source/Game/PASS08.c,table,high,1.0,,1.0
06030A74,Passive08_0116,Source/Game/PASS08.c,table,high,0.56,,1.0
06030A92,Passive08_0117,Source/Game/PASS08.c,table,high,0.94,,1.0
06030AD2,Passive08_0118,Source/Game/PASS08.c,table,high,0.94,,1.0
06030B12,Passive08_0119,Source/Game/PASS08.c,table,high,0.94,,1.0
06030B6C,Passive08_0120,Source/Game/PASS08.c,table,high,0.46,,0.86
06030BB0,Passive08_0121,Source/Game/PASS08.c,table,high,0.64,,1.0
06030BD0,Passive08_0122,Source/Game/PASS08.c,table,high,0.32,,0.8
06030BFC,Passive08_0123,Source/Game/PASS08.c,table,medium,0.25,,0.67
06030C58,Passive08_0124,Source/Game/PASS08.c,table,high,0.5,,0.86
06030CA2,Passive08_0125,Source/Game/PASS08.c,table,high,0.96,,1.0
06030CF0,Passive08_0126,Source/Game/PASS08.c,table,medium,0.31,,0.75
06030D66,Passive08_0127,Source/Game/PASS08.c,table,high,0.35,,0.8
06030DEA,Passive08_0128,Source/Game/PASS08.c,table,high,0.85,,1.0
06030E8C,Passive08_0129,Source/Game/PASS08.c,table,medium,0.23,,0.73
06030F18,Passive08_0130,Source/Game/PASS08.c,table,high,0.8,,1.0
06030FC2,Passive08_0131,Source/Game/PASS08.c,table,high,0.99,,1.0
0603100A,Passive08_0132,Source/Game/PASS08.c,table,high,0.79,,1.0
0603109A,Passive08_0133,Source/Game/PASS08.c,table,high,1.0,,1.0
06031118,Passive08_0134,Source/Game/PASS08.c,table,high,1.0,,1.0
060311B8,Passive08_0135,Source/Game/PASS08.c,table,high,1.0,,1.0
06031206,Passive08_0136,Source/Game/PASS08.c,table,high,0.98,,1.0
06031258,Passive08_0137,Source/Game/PASS08.c,table,high,0.96,,1.0
060312CC,Passive08_0138,Source/Game/PASS08.c,table,high,0.96,,1.0
0603131A,Passive08_0139,Source/Game/PASS08.c,table,high,0.96,,1.0
0603137E,Passive08_0140,Source/Game/PASS08.c,table,high,0.96,,1.0
060313E2,Passive08_0141,Source/Game/PASS08.c,table,high,0.63,,0.93
06031472,Passive08_0142,Source/Game/PASS08.c,table,high,0.79,,1.0
06031542,Passive08_0143,Source/Game/PASS08.c,table,high,0.63,,0.93
060315DA,Passive08_0144,Source/Game/PASS08.c,table,high,1.0,,1.0
0603165E,Passive08_0145,Source/Game/PASS08.c,table,high,1.0,,1.0
0603171C,Passive08_0146,Source/Game/PASS08.c,table,high,1.0,,1.0
06031772,Passive08_0147,Source/Game/PASS08.c,table,high,0.95,,1.0
060317AE,Passive08_0148,Source/Game/PASS08.c,table,high,0.99,,1.0
060317F6,Passive08_0149,Source/Game/PASS08.c,table,high,0.99,,1.0
0603183E,Passive08_0150,Source/Game/PASS08.c,table,high,0.97,1.0,1.0
060318AA,Passive08_0151,Source/Game/PASS08.c,table,high,0.38,,0.83
06031928,Passive08_0152,Source/Game/PASS08.c,table,medium,0.3,,0.75
060319AE,Passive08_0153,Source/Game/PASS08.c,table,high,0.98,,1.0
06031A04,Passive08_0154,Source/Game/PASS08.c,table,high,0.64,,1.0
06031A30,Passive08_0155,Source/Game/PASS08.c,table,high,0.64,,1.0
06031A84,Passive08_0156,Source/Game/PASS08.c,table,high,0.96,,1.0
06031AD2,Passive08_0157,Source/Game/PASS08.c,table,high,0.96,,1.0
06031BA8,Passive08_0158,Source/Game/PASS08.c,table,high,0.98,,1.0
06031C42,Passive08_0159,Source/Game/PASS08.c,table,high,0.84,,1.0
06031D1A,Passive08_0160,Source/Game/PASS08.c,table,high,1.0,,1.0
06031D82,Passive08_0161,Source/Game/PASS08.c,table,high,0.66,,1.0
06031E24,Passive08_0162,Source/Game/PASS08.c,table,medium,0.32,,0.75
06031E90,Passive08_0163,Source/Game/PASS08.c,table,high,0.32,,0.8
06031F40,Passive08_0164,Source/Game/PASS08.c,table,medium,0.32,,0.75
06031FAC,Passive08_0165,Source/Game/PASS08.c,table,high,0.79,,1.0
0603203C,Passive08_0166,Source/Game/PASS08.c,table,high,0.53,,0.86
06032098,Passive08_0167,Source/Game/PASS08.c,table,high,0.48,,0.89
0603213A,Passive08_0168,Source/Game/PASS08.c,table,high,0.72,,1.0
0603215C,Passive08_0169,Source/Game/PASS08.c,table,high,0.29,,0.8
06032186,Passive08_0170,Source/Game/PASS08.c,table,high,0.64,,1.0
060321B2,Passive08_0171,Source/Game/PASS08.c,table,high,0.64,,1.0
060321DE,Passive08_0172,Source/Game/PASS08.c,table,high,0.97,,1.0
0603222E,Passive08_0173,Source/Game/PASS08.c,table,high,0.96,,1.0
06032260,Passive08_0174,Source/Game/PASS08.c,table,high,0.99,,1.0
06032320,Passive08_0175,Source/Game/PASS08.c,table,high,0.5,,0.86
0603236A,Passive08_0176,Source/Game/PASS08.c,table,high,0.33,,0.8
060323DC,Passive08_0177,Source/Game/PASS08.c,table,high,0.88,,1.0
06032458,Passive08_0178,Source/Game/PASS08.c,table,high,1.0,,1.0
060324D6,Passive08_0179,Source/Game/PASS08.c,table,high,0.7,,1.0
06032534,Passive08_0180,Source/Game/PASS08.c,table,medium,0.32,,0.75
060325A2,Passive08_0181,Source/Game/PASS08.c,table,high,0.97,,1.0
060325F2,Passive08_0182,Source/Game/PASS08.c,table,high,0.64,,1.0
06032630,Passive08_0183,Source/Game/PASS08.c,table,high,1.0,,1.0
06032698,Passive08_0184,Source/Game/PASS08.c,table,high,0.32,,0.83
0603275A,Passive08_0185,Source/Game/PASS08.c,table,high,0.64,,1.0
0603277A,Passive08_0186,Source/Game/PASS08.c,table,high,1.0,,1.0
060327E2,Passive08_0187,Source/Game/PASS08.c,table,high,0.88,,1.0
0603286E,Passive08_0188,Source/Game/PASS08.c,table,high,1.0,,1.0
060328D6,Passive08_0189,Source/Game/PASS08.c,table,high,1.0,,1.0
06032922,Passive08_0190,Source/Game/PASS08.c,table,high,1.0,,1.0
0603296E,Passive08_0191,Source/Game/PASS08.c,table,high,0.99,,1.0
060329B6,Passive08_0192,Source/Game/PASS08.c,table,high,0.73,1.0,1.0
06032A28,Passive08_0193,Source/Game/PASS08.c,table,high,1.0,1.0,1.0
06032A72,Passive08_0194,Source/Game/PASS08.c,table,high,0.98,,1.0
06032AB8,Passive08_0195,Source/Game/PASS08.c,table,high,0.98,,1.0
06032B24,Passive08_0196,Source/Game/PASS08.c,table,high,1.0,,1.0
06032B70,Passive08_0197,Source/Game/PASS08.c,table,high,0.97,,1.0
06032BB4,Passive08_0198,Source/Game/PASS08.c,table,high,0.98,,1.0
06032BFA,Passive08_0199,Source/Game/PASS08.c,table,high,0.91,,1.0
06032C5A,Passive08_0200,Source/Game/PASS08.c,table,high,0.99,,1.0
06032CD2,Passive08_0201,Source/Game/PASS08.c,table,high,0.98,,1.0
06032D34,Passive08_0202,Source/Game/PASS08.c,table,high,0.98,,1.0
06032D8A,Passive08_0203,Source/Game/PASS08.c,table,high,0.97,,1.0
06032DC8,Passive08_0204,Source/Game/PASS08.c,table,high,0.97,,1.0
06032E06,Passive08_0205,Source/Game/PASS08.c,table,high,0.64,,1.0
06032E2E,Passive08_0206,Source/Game/PASS08.c,table,high,0.53,,1.0
06032E9E,Passive08_0207,Source/Game/PASS08.c,table,high,0.99,,1.0
06032EF8,Passive08_0208,Source/Game/PASS08.c,table,high,0.98,1.0,1.0
06032F5C,Passive08_0209,Source/Game/PASS08.c,table,high,0.71,,1.0
06032FDA,Passive08_0210,Source/Game/PASS08.c,table,high,1.0,,1.0
0603302C,Passive08_0211,Source/Game/PASS08.c,table,high,0.64,,1.0
0603304C,Passive08_0212,Source/Game/PASS08.c,table,high,0.96,,1.0
0603307E,Passive08_0213,Source/Game/PASS08.c,table,high,0.7,1.0,1.0
06033108,Passive09_0000,Source/Game/PASS09.c,table,high,0.92,,1.0
0603313C,Passive09_0001,Source/Game/PASS09.c,table,high,0.99,,1.0
060331A8,Passive09_0002,Source/Game/PASS09.c,table,high,1.0,1.0,1.0
060331F4,Passive09_0003,Source/Game/PASS09.c,table,high,0.96,,1.0
06033236,Passive09_0004,Source/Game/PASS09.c,table,high,0.67,,1.0
060332AE,Passive09_0005,Source/Game/PASS09.c,table,high,0.96,,1.0
060332F0,Passive09_0006,Source/Game/PASS09.c,table,high,0.56,,1.0
0603330E,Passive09_0007,Source/Game/PASS09.c,table,high,0.99,,1.0
060333A0,Passive09_0008,Source/Game/PASS09.c,table,high,0.99,,1.0
0603340C,Passive09_0009,Source/Game/PASS09.c,table,high,0.99,,1.0
06033478,Passive09_0010,Source/Game/PASS09.c,table,high,0.98,,1.0
060334BE,Passive09_0011,Source/Game/PASS09.c,table,high,0.99,,1.0
06033502,Passive09_0012,Source/Game/PASS09.c,table,high,0.71,,1.0
06033576,Passive09_0013,Source/Game/PASS09.c,table,high,0.96,,1.0
060335B8,Passive09_0014,Source/Game/PASS09.c,table,high,0.56,,1.0
060335D6,Passive09_0015,Source/Game/PASS09.c,table,medium,0.24,,0.75
06033620,Passive09_0016,Source/Game/PASS09.c,table,high,1.0,,1.0
0603367E,Passive09_0017,Source/Game/PASS09.c,table,high,0.64,,1.0
060336B6,Passive09_0018,Source/Game/PASS09.c,table,high,0.98,,1.0
06033718,Passive09_0019,Source/Game/PASS09.c,table,high,0.64,,1.0
06033738,Passive09_0020,Source/Game/PASS09.c,table,high,0.64,,1.0
0603377C,Passive09_0021,Source/Game/PASS09.c,table,high,1.0,,1.0
060337C2,Passive09_0022,Source/Game/PASS09.c,table,high,1.0,,1.0
06033814,Passive09_0023,Source/Game/PASS09.c,table,high,1.0,1.0,1.0
06033890,Passive09_0024,Source/Game/PASS09.c,table,high,0.96,,1.0
060338DE,Passive09_0025,Source/Game/PASS09.c,table,high,1.0,,1.0
0603393C,Passive09_0026,Source/Game/PASS09.c,table,high,0.97,,1.0
0603399C,Passive09_0027,Source/Game/PASS09.c,table,high,0.94,,1.0
060339DC,Passive09_0028,Source/Game/PASS09.c,table,high,0.64,,1.0
060339FC,Passive09_0029,Source/Game/PASS09.c,table,medium,0.18,,0.67
06033A34,Passive09_0030,Source/Game/PASS09.c,table,high,0.64,,1.0
06033A54,Passive09_0031,Source/Game/PASS09.c,table,high,0.72,,1.0
06033A76,Passive09_0032,Source/Game/PASS09.c,table,high,0.95,,1.0
06033AB2,Passive09_0033,Source/Game/PASS09.c,table,high,0.72,,1.0
06033AD4,Passive09_0034,Source/Game/PASS09.c,table,high,0.7,,1.0
06033B02,Passive09_0035,Source/Game/PASS09.c,table,high,0.64,,1.0
06033B22,Passive09_0036,Source/Game/PASS09.c,table,high,0.56,,1.0
06033B40,Passive09_0037,Source/Game/PASS09.c,table,high,0.97,,1.0
06033BAC,Passive09_0038,Source/Game/PASS09.c,table,high,0.98,,1.0
06033BF2,Passive09_0039,Source/Game/PASS09.c,table,high,0.99,,1.0
06033C4C,Passive09_0040,Source/Game/PASS09.c,table,high,0.5,,0.89
06033CDE,Passive09_0041,Source/Game/PASS09.c,table,high,1.0,1.0,1.0
06033D66,Passive09_0042,Source/Game/PASS09.c,table,high,0.56,,1.0
06033D84,Passive09_0043,Source/Game/PASS09.c,table,high,0.99,,1.0
06033DFC,Passive09_0044,Source/Game/PASS09.c,table,high,0.69,,1.0
06033E86,Passive09_0045,Source/Game/PASS09.c,table,high,1.0,,1.0
06033ED2,Passive09_0046,Source/Game/PASS09.c,table,high,0.98,,1.0
06033F18,Passive09_0047,Source/Game/PASS09.c,table,high,0.99,,1.0
06033F84,Passive09_0048,Source/Game/PASS09.c,table,high,0.29,,0.8
06033FAE,Passive09_0049,Source/Game/PASS09.c,table,high,0.99,1.0,1.0
06034002,Passive09_0050,Source/Game/PASS09.c,table,high,0.97,,1.0
06034046,Passive09_0051,Source/Game/PASS09.c,table,high,0.2,,0.8
0603408C,Passive09_0052,Source/Game/PASS09.c,table,high,0.64,,1.0
060340AC,Passive09_0053,Source/Game/PASS09.c,table,high,1.0,,1.0
060340F8,Passive09_0054,Source/Game/PASS09.c,table,high,0.96,,1.0
0603412A,Passive09_0055,Source/Game/PASS09.c,table,high,1.0,,1.0
06034194,Passive09_0056,Source/Game/PASS09.c,table,high,0.99,,1.0
060341D8,Passive09_0057,Source/Game/PASS09.c,table,high,0.99,1.0,1.0
0603421C,Passive09_0058,Source/Game/PASS09.c,table,high,0.64,,1.0
0603423C,Passive09_0059,Source/Game/PASS09.c,table,high,0.82,,1.0
060342DA,Passive09_0060,Source/Game/PASS09.c,table,high,0.56,,1.0
060342F8,Passive09_0061,Source/Game/PASS09.c,table,high,0.64,,1.0
06034318,Passive09_0062,Source/Game/PASS09.c,table,high,0.97,,1.0
06034368,Passive09_0063,Source/Game/PASS09.c,table,high,0.8,,1.0
060343EE,Passive09_0064,Source/Game/PASS09.c,table,high,0.34,,0.89
06034430,Passive09_0065,Source/Game/PASS09.c,table,high,0.96,,1.0
0603447E,Passive09_0066,Source/Game/PASS09.c,table,high,0.96,,1.0
06034502,Passive09_0067,Source/Game/PASS09.c,table,high,0.64,,1.0
06034522,Passive09_0068,Source/Game/PASS09.c,table,medium,0.27,,0.67
0603456E,Passive09_0069,Source/Game/PASS09.c,table,high,0.56,,0.89
060345E6,Passive09_0070,Source/Game/PASS09.c,table,high,0.94,,1.0
06034626,Passive09_0071,Source/Game/PASS09.c,table,high,0.99,,1.0
0603466E,Passive09_0072,Source/Game/PASS09.c,table,high,1.0,,1.0
060346CC,Passive09_0073,Source/Game/PASS09.c,table,medium,0.27,,0.67
06034736,Passive09_0074,Source/Game/PASS09.c,table,high,0.96,,1.0
06034768,Passive09_0075,Source/Game/PASS09.c,table,high,0.99,,1.0
060347E0,Passive09_0076,Source/Game/PASS09.c,table,high,0.79,,1.0
0603485E,Passive09_0077,Source/Game/PASS09.c,table,high,0.99,,1.0
060348C8,Passive09_0078,Source/Game/PASS09.c,table,high,0.99,,1.0
0603490C,Passive09_0079,Source/Game/PASS09.c,table,high,0.56,,1.0
06034968,Passive09_0080,Source/Game/PASS09.c,table,high,1.0,1.0,1.0
060349D0,Passive09_0081,Source/Game/PASS09.c,table,high,1.0,,1.0
06034A60,Passive09_0082,Source/Game/PASS09.c,table,high,1.0,,1.0
06034ACE,Passive09_0083,Source/Game/PASS09.c,table,high,0.56,,1.0
06034AEC,Passive09_0084,Source/Game/PASS09.c,table,high,1.0,,1.0
06034B60,Passive09_0085,Source/Game/PASS09.c,table,medium,0.3,,0.75
06034BBC,Passive09_0086,Source/Game/PASS09.c,table,high,0.64,,1.0
06034BE8,Passive09_0087,Source/Game/PASS09.c,table,high,1.0,,1.0
06034C68,Passive09_0088,Source/Game/PASS09.c,table,high,0.37,1.0,0.83
06034D06,Passive09_0089,Source/Game/PASS09.c,table,high,0.69,,1.0
06034D90,Passive09_0090,Source/Game/PASS09.c,table,high,0.96,,1.0
06034DC2,Passive09_0091,Source/Game/PASS09.c,table,high,1.0,,1.0
06034E32,Passive09_0092,Source/Game/PASS09.c,table,high,1.0,1.0,1.0
06034E6C,Passive09_0093,Source/Game/PASS09.c,table,high,0.88,,1.0
06034F00,Passive09_0094,Source/Game/PASS09.c,table,high,0.96,,1.0
06034F32,Passive09_0095,Source/Game/PASS09.c,table,high,0.96,,1.0
06034F64,Passive09_0096,Source/Game/PASS09.c,table,high,0.96,,1.0
06034F96,Passive09_0097,Source/Game/PASS09.c,table,high,0.67,,1.0
06034FF0,Passive09_0098,Source/Game/PASS09.c,table,high,0.99,,1.0
0603504A,Passive09_0099,Source/Game/PASS09.c,table,high,0.98,1.0,1.0
060350A2,Passive09_0100,Source/Game/PASS09.c,table,high,0.96,,1.0
060350FC,Passive09_0101,Source/Game/PASS09.c,table,high,1.0,,1.0
06035142,Passive09_0102,Source/Game/PASS09.c,table,high,0.52,,0.89
0603519A,Passive09_0103,Source/Game/PASS09.c,table,high,0.55,,0.89
06035216,Passive09_0104,Source/Game/PASS09.c,table,high,0.95,,1.0
06035262,Passive09_0105,Source/Game/PASS09.c,table,high,0.95,,1.0
060352AE,Passive09_0106,Source/Game/PASS09.c,table,high,1.0,,1.0
0603530C,Passive09_0107,Source/Game/PASS09.c,table,high,0.85,,1.0
06035372,Passive09_0108,Source/Game/PASS09.c,table,high,0.98,,1.0
060353B8,Passive09_0109,Source/Game/PASS09.c,table,high,0.98,,1.0
060353FE,Passive09_0110,Source/Game/PASS09.c,table,high,0.98,,1.0
06035444,Passive09_0111,Source/Game/PASS09.c,table,high,0.93,,1.0
06035482,Passive09_0112,Source/Game/PASS09.c,table,high,0.99,,1.0
060354D4,Passive09_0113,Source/Game/PASS09.c,table,high,0.99,,1.0
06035526,Passive09_0114,Source/Game/PASS09.c,table,high,0.99,,1.0
06035578,Passive09_0115,Source/Game/PASS09.c,table,high,0.7,,1.0
060355DA,Passive09_0116,Source/Game/PASS09.c,table,high,1.0,,1.0
06035624,Passive09_0117,Source/Game/PASS09.c,table,high,1.0,,1.0
0603566E,Passive09_0118,Source/Game/PASS09.c,table,high,1.0,,1.0
060356D8,Passive09_0119,Source/Game/PASS09.c,table,high,1.0,,1.0
06035722,Passive09_0120,Source/Game/PASS09.c,table,high,1.0,1.0,1.0
0603575A,Passive09_0121,Source/Game/PASS09.c,table,high,1.0,,1.0
060357A4,Passive09_0122,Source/Game/PASS09.c,table,high,1.0,,1.0
06035808,Passive09_0123,Source/Game/PASS09.c,table,high,1.0,1.0,1.0
06035842,Passive09_0124,Source/Game/PASS09.c,table,high,1.0,,1.0
0603587A,Passive09_0125,Source/Game/PASS09.c,table,high,1.0,,1.0
060358BC,Passive09_0126,Source/Game/PASS09.c,table,high,0.96,,1.0
060358EE,Passive09_0127,Source/Game/PASS09.c,table,high,0.86,,1.0
0603593A,Passive09_0128,Source/Game/PASS09.c,table,high,1.0,1.0,1.0
0603597C,Passive09_0129,Source/Game/PASS09.c,table,high,1.0,1.0,1.0
060359BE,Passive09_0130,Source/Game/PASS09.c,table,high,1.0,1.0,1.0
06035A0E,Passive09_0131,Source/Game/PASS09.c,table,high,0.91,1.0,1.0
06035AC0,Passive10_0000,Source/Game/pass10.c,table,high,0.92,,1.0
06035AF4,Passive10_0001,Source/Game/pass10.c,table,high,0.64,,1.0
06035B1C,Passive10_0002,Source/Game/pass10.c,table,high,1.0,,1.0
06035B86,Passive10_0003,Source/Game/pass10.c,table,high,0.56,,1.0
06035BDC,Passive10_0004,Source/Game/pass10.c,table,high,0.96,,1.0
06035C1E,Passive10_0005,Source/Game/pass10.c,table,high,0.56,,1.0
06035C3C,Passive10_0006,Source/Game/pass10.c,table,high,0.97,,1.0
06035C80,Passive10_0007,Source/Game/pass10.c,table,high,0.94,,1.0
06035CE0,Passive10_0008,Source/Game/pass10.c,table,high,0.98,,1.0
06035D32,Passive10_0009,Source/Game/pass10.c,table,high,1.0,,1.0
06035D80,Passive10_0010,Source/Game/pass10.c,table,high,1.0,,1.0
06035DD0,Passive10_0011,Source/Game/pass10.c,table,high,1.0,0.0,1.0
06035E12,Passive10_0012,Source/Game/pass10.c,table,high,1.0,,1.0
06035E5C,Passive10_0013,Source/Game/pass10.c,table,medium,0.12,,0.67
06035F3A,Passive10_0014,Source/Game/pass10.c,table,high,0.97,,1.0
06035F7E,Passive10_0015,Source/Game/pass10.c,table,high,0.64,,1.0
06035F9E,Passive10_0016,Source/Game/pass10.c,table,high,0.38,,0.83
0603603C,Passive10_0017,Source/Game/pass10.c,table,high,0.28,,0.8
060360D6,Passive10_0018,Source/Game/pass10.c,table,high,0.33,,0.8
06036166,Passive10_0019,Source/Game/pass10.c,table,high,0.64,,1.0
06036186,Passive10_0020,Source/Game/pass10.c,table,high,0.64,,1.0
060361A6,Passive10_0021,Source/Game/pass10.c,table,high,0.94,,1.0
060361E6,Passive10_0022,Source/Game/pass10.c,table,high,0.58,,0.91
0603627C,Passive10_0023,Source/Game/pass10.c,table,high,1.0,,1.0
060362F6,Passive10_0024,Source/Game/pass10.c,table,high,1.0,,1.0
06036370,Passive10_0025,Source/Game/pass10.c,table,high,0.95,,1.0
060363D8,Passive10_0026,Source/Game/pass10.c,table,high,0.97,,1.0
0603641C,Passive10_0027,Source/Game/pass10.c,table,high,0.59,,1.0
0603647C,Passive10_0028,Source/Game/pass10.c,table,high,1.0,0.0,1.0
060364BE,Passive10_0029,Source/Game/pass10.c,table,medium,0.18,,0.67
060364F6,Passive10_0030,Source/Game/pass10.c,table,high,0.97,,1.0
0603653A,Passive10_0031,Source/Game/pass10.c,table,high,0.72,,1.0
06036584,Passive10_0032,Source/Game/pass10.c,table,high,0.53,,0.89
060365E4,Passive10_0033,Source/Game/pass10.c,table,high,0.72,,1.0
06036606,Passive10_0034,Source/Game/pass10.c,table,high,0.94,,1.0
06036646,Passive10_0035,Source/Game/pass10.c,table,medium,0.28,,0.67
060366AA,Passive10_0036,Source/Game/pass10.c,table,high,0.5,,0.86
060366F4,Passive10_0037,Source/Game/pass10.c,table,high,0.98,,1.0
0603673A,Passive10_0038,Source/Game/pass10.c,table,high,0.79,,1.0
060367A6,Passive10_0039,Source/Game/pass10.c,table,high,0.98,,1.0
060367EC,Passive10_0040,Source/Game/pass10.c,table,medium,0.31,,0.75
0603684E,Passive10_0041,Source/Game/pass10.c,table,high,0.78,,1.0
060368CE,Passive10_0042,Source/Game/pass10.c,table,high,1.0,0.0,1.0
06036910,Passive10_0043,Source/Game/pass10.c,table,high,1.0,,1.0
0603695E,Passive10_0044,Source/Game/pass10.c,table,high,1.0,,1.0
060369BC,Passive10_0045,Source/Game/pass10.c,table,high,1.0,1.0,1.0
06036A0A,Passive10_0046,Source/Game/pass10.c,table,high,0.64,,1.0
06036A2A,Passive10_0047,Source/Game/pass10.c,table,high,0.63,,1.0
06036AA6,Passive10_0048,Source/Game/pass10.c,table,high,0.29,,0.8
06036AD0,Passive10_0049,Source/Game/pass10.c,table,high,0.64,,1.0
06036AF0,Passive10_0050,Source/Game/pass10.c,table,high,0.26,,0.8
06036B18,Passive10_0051,Source/Game/pass10.c,table,high,0.64,,1.0
06036B38,Passive10_0052,Source/Game/pass10.c,table,high,0.64,,1.0
06036B74,Passive10_0053,Source/Game/pass10.c,table,high,1.0,0.0,1.0
06036BB6,Passive10_0054,Source/Game/pass10.c,table,high,1.0,0.0,1.0
06036BF8,Passive10_0055,Source/Game/pass10.c,table,high,0.96,,1.0
06036C2A,Passive10_0056,Source/Game/pass10.c,table,high,1.0,,1.0
06036C6C,Passive10_0057,Source/Game/pass10.c,table,high,1.0,,1.0
06036CAE,Passive10_0058,Source/Game/pass10.c,table,high,0.64,,1.0
06036CCE,Passive10_0059,Source/Game/pass10.c,table,high,0.32,,0.8
06036CFA,Passive10_0060,Source/Game/pass10.c,table,high,0.56,,1.0
06036D18,Passive10_0061,Source/Game/pass10.c,table,high,0.73,,1.0
06036D8A,Passive10_0062,Source/Game/pass10.c,table,high,0.64,,1.0
06036DB6,Passive10_0063,Source/Game/pass10.c,table,high,0.94,,1.0
06036DF6,Passive10_0064,Source/Game/pass10.c,table,high,0.72,,1.0
06036E18,Passive10_0065,Source/Game/pass10.c,table,high,0.96,,1.0
06036E88,Passive10_0066,Source/Game/pass10.c,table,high,0.98,,1.0
06036ECE,Passive10_0067,Source/Game/pass10.c,table,high,0.96,,1.0
06036F00,Passive10_0068,Source/Game/pass10.c,table,high,1.0,,1.0
06036F42,Passive10_0069,Source/Game/pass10.c,table,high,1.0,,1.0
06036F8C,Passive10_0070,Source/Game/pass10.c,table,high,0.98,,1.0
06036FDE,Passive10_0071,Source/Game/pass10.c,table,high,0.98,,1.0
06037034,Passive10_0072,Source/Game/pass10.c,table,high,0.98,,1.0
060370B0,Passive10_0073,Source/Game/pass10.c,table,high,1.0,0.0,1.0
0603711A,Passive10_0074,Source/Game/pass10.c,table,high,0.34,,0.8
060371BC,Passive10_0075,Source/Game/pass10.c,table,medium,0.16,,0.67
06037258,Passive10_0076,Source/Game/pass10.c,table,medium,0.23,0.0,0.77
06037322,Passive10_0077,Source/Game/pass10.c,table,high,1.0,,1.0
06037372,Passive10_0078,Source/Game/pass10.c,table,high,0.47,0.0,0.89
06037418,Passive10_0079,Source/Game/pass10.c,table,high,1.0,,1.0
0603746C,Passive10_0080,Source/Game/pass10.c,table,high,1.0,,1.0
060374BC,Passive10_0081,Source/Game/pass10.c,table,high,0.82,0.0,1.0
06037540,Passive10_0082,Source/Game/pass10.c,table,high,1.0,,1.0
06037594,Passive10_0083,Source/Game/pass10.c,table,high,0.32,,0.8
0603763C,Passive10_0084,Source/Game/pass10.c,table,high,0.35,0.0,0.8
060376C4,Passive10_0085,Source/Game/pass10.c,table,high,0.97,,1.0
06037702,Passive10_0086,Source/Game/pass10.c,table,high,0.61,,0.92
06037790,Passive10_0087,Source/Game/pass10.c,table,high,0.32,,0.86
06037866,Passive10_0088,Source/Game/pass10.c,table,high,0.38,,0.83
060378F8,Passive10_0089,Source/Game/pass10.c,table,high,0.96,,1.0
0603792A,Passive10_0090,Source/Game/pass10.c,table,high,0.96,,1.0
0603795C,Passive10_0091,Source/Game/pass10.c,table,high,0.96,,1.0
0603798E,Passive10_0092,Source/Game/pass10.c,table,high,1.0,1.0,1.0
060379DC,Passive10_0093,Source/Game/pass10.c,table,high,0.49,,0.8
06037A2A,Passive10_0094,Source/Game/pass10.c,table,high,0.99,,1.0
06037A60,Passive10_0095,Source/Game/pass10.c,table,high,0.97,,1.0
06037AA4,Passive10_0096,Source/Game/pass10.c,table,high,0.97,,1.0
06037AE8,Passive10_0097,Source/Game/pass10.c,table,high,0.83,,1.0
06037B62,Passive10_0098,Source/Game/pass10.c,table,high,0.38,,0.83
06037BEE,Passive10_0099,Source/Game/pass10.c,table,medium,0.3,,0.75
06037C78,Passive10_0100,Source/Game/pass10.c,table,high,0.97,,1.0
06037CC8,Passive10_0101,Source/Game/pass10.c,table,high,0.97,,1.0
06037D0C,Passive10_0102,Source/Game/pass10.c,table,high,0.82,,1.0
06037D90,Passive10_0103,Source/Game/pass10.c,table,high,0.72,,1.0
06037DCC,Passive10_0104,Source/Game/pass10.c,table,high,0.64,,1.0
06037DEC,Passive10_0105,Source/Game/pass10.c,table,high,0.93,,1.0
06037E6C,Passive10_0106,Source/Game/pass10.c,table,high,0.72,,1.0
06037EA8,Passive10_0107,Source/Game/pass10.c,table,high,0.99,,1.0
06037EF6,Passive10_0108,Source/Game/pass10.c,table,high,0.64,,1.0
06037F16,Passive10_0109,Source/Game/pass10.c,table,high,1.0,,1.0
06037F88,Passive10_0110,Source/Game/pass10.c,table,high,1.0,,1.0
06037FE4,Passive10_0111,Source/Game/pass10.c,table,high,0.97,,1.0
06038028,Passive10_0112,Source/Game/pass10.c,table,high,0.83,,1.0
060380AA,Passive10_0113,Source/Game/pass10.c,table,high,1.0,,1.0
060380F8,Passive10_0114,Source/Game/pass10.c,table,high,1.0,,1.0
0603813A,Passive10_0115,Source/Game/pass10.c,table,high,0.5,,0.86
06038184,Passive10_0116,Source/Game/pass10.c,table,high,0.65,,1.0
060381EA,Passive10_0117,Source/Game/pass10.c,table,high,1.0,,1.0
0603822C,Passive10_0118,Source/Game/pass10.c,table,high,1.0,,1.0
0603826E,Passive10_0119,Source/Game/pass10.c,table,high,0.64,,1.0
0603828E,Passive10_0120,Source/Game/pass10.c,table,high,0.91,,1.0
060382FE,Passive10_0121,Source/Game/pass10.c,table,high,0.33,,0.8
0603836C,Passive10_0122,Source/Game/pass10.c,table,medium,0.31,,0.75
060383D4,Passive10_0123,Source/Game/pass10.c,table,high,0.56,,1.0
060383F2,Passive10_0124,Source/Game/pass10.c,table,high,0.98,,1.0
0603842A,Passive10_0125,Source/Game/pass10.c,table,high,0.3,,0.8
0603848C,Passive10_0126,Source/Game/pass10.c,table,medium,0.25,,0.75
060384DE,Passive10_0127,Source/Game/pass10.c,table,high,0.96,,1.0
06038530,Passive10_0128,Source/Game/pass10.c,table,low,0.02,,0.17
060385D0,Passive10_0129,Source/Game/pass10.c,table,high,0.37,,0.83
06038642,Passive10_0130,Source/Game/pass10.c,table,medium,0.22,0.0,0.77
06038712,Passive10_0131,Source/Game/pass10.c,table,high,0.97,,1.0
06038790,Passive10_0132,Source/Game/pass10.c,table,low,0.02,,0.17
06038830,Passive10_0133,Source/Game/pass10.c,table,high,0.59,,1.0
06038870,Passive10_0134,Source/Game/pass10.c,table,low,0.02,,0.17
06038910,Passive10_0135,Source/Game/pass10.c,table,high,0.56,,1.0
0603892E,Passive10_0136,Source/Game/pass10.c,table,high,0.96,,1.0
06038970,Passive10_0137,Source/Game/pass10.c,table,high,0.56,,1.0
060389C0,Passive11_0000,Source/Game/PASS11.c,table,high,0.92,,1.0
060389F4,Passive11_0001,Source/Game/PASS11.c,table,high,0.64,,1.0
06038A1C,Passive11_0002,Source/Game/PASS11.c,table,high,0.73,,1.0
06038A54,Passive11_0003,Source/Game/PASS11.c,table,high,0.99,,1.0
06038AD2,Passive11_0004,Source/Game/PASS11.c,table,high,1.0,,1.0
06038B34,Passive11_0005,Source/Game/PASS11.c,table,high,0.98,,1.0
06038BE8,Passive11_0006,Source/Game/PASS11.c,table,high,0.99,,1.0
06038C3C,Passive11_0007,Source/Game/PASS11.c,table,high,0.99,,1.0
06038C90,Passive11_0008,Source/Game/PASS11.c,table,high,0.91,,1.0
06038D00,Passive11_0009,Source/Game/PASS11.c,table,high,1.0,1.0,1.0
06038D4E,Passive11_0010,Source/Game/PASS11.c,table,high,1.0,,1.0
06038DBC,Passive11_0011,Source/Game/PASS11.c,table,high,0.56,,1.0
06038DDA,Passive11_0012,Source/Game/PASS11.c,table,high,0.64,,1.0
06038E06,Passive11_0013,Source/Game/PASS11.c,table,high,0.64,,1.0
06038E32,Passive11_0014,Source/Game/PASS11.c,table,high,1.0,,1.0
06038E7E,Passive11_0015,Source/Game/PASS11.c,table,high,0.89,,1.0
06038ED8,Passive11_0016,Source/Game/PASS11.c,table,high,0.64,,1.0
06038F04,Passive11_0017,Source/Game/PASS11.c,table,high,0.64,,1.0
06038F30,Passive11_0018,Source/Game/PASS11.c,table,high,0.97,,1.0
06038F74,Passive11_0019,Source/Game/PASS11.c,table,high,0.8,1.0,1.0
06038FFA,Passive11_0020,Source/Game/PASS11.c,table,high,0.7,,1.0
06039028,Passive11_0021,Source/Game/PASS11.c,table,high,0.7,,1.0
06039056,Passive11_0022,Source/Game/PASS11.c,table,high,0.7,,1.0
06039084,Passive11_0023,Source/Game/PASS11.c,table,high,0.94,,1.0
060390DC,Passive11_0024,Source/Game/PASS11.c,table,high,0.94,,1.0
0603911C,Passive11_0025,Source/Game/PASS11.c,table,high,0.94,,1.0
0603915C,Passive11_0026,Source/Game/PASS11.c,table,high,1.0,,1.0
060391AA,Passive11_0027,Source/Game/PASS11.c,table,high,1.0,,1.0
060391F8,Passive11_0028,Source/Game/PASS11.c,table,high,1.0,,1.0
06039246,Passive11_0029,Source/Game/PASS11.c,table,high,0.98,,1.0
06039298,Passive11_0030,Source/Game/PASS11.c,table,high,1.0,,1.0
060392F0,Passive11_0031,Source/Game/PASS11.c,table,high,0.38,,0.89
06039336,Passive11_0032,Source/Game/PASS11.c,table,medium,0.28,,0.75
0603938A,Passive11_0033,Source/Game/PASS11.c,table,high,0.7,,1.0
060393D4,Passive11_0034,Source/Game/PASS11.c,table,high,0.98,,1.0
0603942A,Passive11_0035,Source/Game/PASS11.c,table,high,1.0,,1.0
06039478,Passive11_0036,Source/Game/PASS11.c,table,high,1.0,,1.0
060394C6,Passive11_0037,Source/Game/PASS11.c,table,high,1.0,,1.0
06039514,Passive11_0038,Source/Game/PASS11.c,table,high,1.0,,1.0
06039562,Passive11_0039,Source/Game/PASS11.c,table,high,1.0,,1.0
060395B0,Passive11_0040,Source/Game/PASS11.c,table,high,0.73,,1.0
06039622,Passive11_0041,Source/Game/PASS11.c,table,high,1.0,,1.0
06039686,Passive11_0042,Source/Game/PASS11.c,table,high,0.56,,1.0
060396A4,Passive11_0043,Source/Game/PASS11.c,table,high,1.0,,1.0
060396F0,Passive11_0044,Source/Game/PASS11.c,table,high,0.72,,1.0
06039750,Passive11_0045,Source/Game/PASS11.c,table,high,1.0,1.0,1.0
0603979E,Passive11_0046,Source/Game/PASS11.c,table,high,1.0,1.0,1.0
060397EC,Passive11_0047,Source/Game/PASS11.c,table,high,0.77,1.0,1.0
0603985A,Passive11_0048,Source/Game/PASS11.c,table,high,0.97,,1.0
0603989E,Passive11_0049,Source/Game/PASS11.c,table,high,0.64,,1.0
060398BE,Passive11_0050,Source/Game/PASS11.c,table,high,0.94,,1.0
060398FE,Passive11_0051,Source/Game/PASS11.c,table,high,0.99,,1.0
06039960,Passive11_0052,Source/Game/PASS11.c,table,high,0.99,,1.0
060399BA,Passive11_0053,Source/Game/PASS11.c,table,high,1.0,,1.0
06039A22,Passive11_0054,Source/Game/PASS11.c,table,high,0.53,,0.86
06039A82,Passive11_0055,Source/Game/PASS11.c,table,high,0.7,,1.0
06039AB0,Passive11_0056,Source/Game/PASS11.c,table,high,0.96,,1.0
06039B14,Passive11_0057,Source/Game/PASS11.c,table,high,1.0,,1.0
06039B88,Passive11_0058,Source/Game/PASS11.c,table,high,0.7,,1.0
06039BB6,Passive11_0059,Source/Game/PASS11.c,table,high,0.7,,1.0
06039BE4,Passive11_0060,Source/Game/PASS11.c,table,high,0.7,,1.0
06039C12,Passive11_0061,Source/Game/PASS11.c,table,high,0.59,,1.0
06039C3C,Passive11_0062,Source/Game/PASS11.c,table,high,0.64,,1.0
06039C88,Passive11_0063,Source/Game/PASS11.c,table,high,0.98,,1.0
06039CDA,Passive11_0064,Source/Game/PASS11.c,table,high,0.64,,1.0
06039D06,Passive11_0065,Source/Game/PASS11.c,table,high,0.8,,1.0
06039DB0,Passive11_0066,Source/Game/PASS11.c,table,high,0.98,,1.0
06039E06,Passive11_0067,Source/Game/PASS11.c,table,high,0.98,,1.0
06039E5C,Passive11_0068,Source/Game/PASS11.c,table,high,0.59,,1.0
06039E86,Passive11_0069,Source/Game/PASS11.c,table,high,0.64,,1.0
06039EA6,Passive11_0070,Source/Game/PASS11.c,table,high,0.93,,1.0
06039F3A,Passive11_0071,Source/Game/PASS11.c,table,high,0.64,,1.0
06039F62,Passive11_0072,Source/Game/PASS11.c,table,high,0.96,,1.0
06039F94,Passive11_0073,Source/Game/PASS11.c,table,high,0.64,,1.0
06039FB4,Passive11_0074,Source/Game/PASS11.c,table,high,0.57,,1.0
0603A036,Passive11_0075,Source/Game/PASS11.c,table,high,1.0,,1.0
0603A092,Passive11_0076,Source/Game/PASS11.c,table,high,0.64,,1.0
0603A0BE,Passive11_0077,Source/Game/PASS11.c,table,high,0.97,,1.0
0603A102,Passive11_0078,Source/Game/PASS11.c,table,high,0.79,,1.0
0603A14A,Passive11_0079,Source/Game/PASS11.c,table,high,1.0,,1.0
0603A1A0,Passive11_0080,Source/Game/PASS11.c,table,high,1.0,,1.0
0603A234,Passive11_0081,Source/Game/PASS11.c,table,high,0.98,,1.0
0603A2C0,Passive11_0082,Source/Game/PASS11.c,table,high,0.3,,0.8
0603A378,Passive11_0083,Source/Game/PASS11.c,table,high,0.72,,1.0
0603A39A,Passive11_0084,Source/Game/PASS11.c,table,high,0.72,,1.0
0603A3BC,Passive11_0085,Source/Game/PASS11.c,table,high,0.72,,1.0
0603A3DE,Passive11_0086,Source/Game/PASS11.c,table,high,0.64,,1.0
0603A3FE,Passive11_0087,Source/Game/PASS11.c,table,high,0.96,,1.0
0603A454,Passive11_0088,Source/Game/PASS11.c,table,high,0.56,,1.0
0603A472,Passive11_0089,Source/Game/PASS11.c,table,high,0.53,,0.86
0603A4C4,Passive11_0090,Source/Game/PASS11.c,table,high,0.96,,1.0
0603A4F6,Passive11_0091,Source/Game/PASS11.c,table,high,0.91,,1.0
0603A57E,Passive11_0092,Source/Game/PASS11.c,table,high,0.55,,0.89
0603A5E0,Passive11_0093,Source/Game/PASS11.c,table,high,0.99,,1.0
0603A634,Passive11_0094,Source/Game/PASS11.c,table,high,0.86,,1.0
0603A6AA,Passive11_0095,Source/Game/PASS11.c,table,high,0.94,,1.0
0603A6EA,Passive11_0096,Source/Game/PASS11.c,table,high,0.94,,1.0
0603A72A,Passive11_0097,Source/Game/PASS11.c,table,high,0.75,1.0,1.0
0603A7B6,Passive11_0098,Source/Game/PASS11.c,table,high,0.97,,1.0
0603A7FA,Passive11_0099,Source/Game/PASS11.c,table,high,0.64,,1.0
0603A81A,Passive11_0100,Source/Game/PASS11.c,table,high,0.64,,1.0
0603A83A,Passive11_0101,Source/Game/PASS11.c,table,high,0.89,,1.0
0603A8CC,Passive11_0102,Source/Game/PASS11.c,table,high,0.99,,1.0
0603A956,Passive11_0103,Source/Game/PASS11.c,table,high,0.94,,1.0
0603A9C0,Passive11_0104,Source/Game/PASS11.c,table,high,1.0,1.0,1.0
0603A9FA,Passive11_0105,Source/Game/PASS11.c,table,high,1.0,1.0,1.0
0603AA6E,Passive11_0106,Source/Game/PASS11.c,table,high,0.99,,1.0
0603AAE0,Passive11_0107,Source/Game/PASS11.c,table,high,1.0,,1.0
0603AB2E,Passive11_0108,Source/Game/PASS11.c,table,high,1.0,,1.0
0603AB7C,Passive11_0109,Source/Game/PASS11.c,table,high,1.0,,1.0
0603ABCA,Passive11_0110,Source/Game/PASS11.c,table,high,0.96,,1.0
0603AC2E,Passive11_0111,Source/Game/PASS11.c,table,high,0.96,,1.0
0603AC92,Passive11_0112,Source/Game/PASS11.c,table,high,0.64,,1.0
0603ACB2,Passive11_0113,Source/Game/PASS11.c,table,high,0.77,,1.0
0603AD20,Passive11_0114,Source/Game/PASS11.c,table,high,1.0,,1.0
0603AD88,Passive11_0115,Source/Game/PASS11.c,table,high,0.83,,1.0
0603AE3E,Passive11_0116,Source/Game/PASS11.c,table,high,0.56,,1.0
0603AE5C,Passive11_0117,Source/Game/PASS11.c,table,high,0.94,,1.0
0603AE9C,Passive11_0118,Source/Game/PASS11.c,table,high,0.94,,1.0
0603AEDC,Passive11_0119,Source/Game/PASS11.c,table,high,1.0,,1.0
0603AF44,Passive11_0120,Source/Game/PASS11.c,table,high,0.64,,1.0
0603AF64,Passive11_0121,Source/Game/PASS11.c,table,high,0.97,1.0,1.0
0603AFA8,Passive11_0122,Source/Game/PASS11.c,table,high,0.32,,0.8
0603AFD4,Passive11_0123,Source/Game/PASS11.c,table,high,0.97,,1.0
0603B034,Passive11_0124,Source/Game/PASS11.c,table,high,0.5,,0.86
0603B07E,Passive11_0125,Source/Game/PASS11.c,table,high,0.96,,1.0
0603B0CC,Passive11_0126,Source/Game/PASS11.c,table,high,0.86,,1.0
0603B164,Passive11_0127,Source/Game/PASS11.c,table,high,1.0,,1.0
0603B1AC,Passive11_0128,Source/Game/PASS11.c,table,high,1.0,,1.0
0603B22A,Passive11_0129,Source/Game/PASS11.c,table,high,0.67,,1.0
0603B298,Passive11_0130,Source/Game/PASS11.c,table,high,1.0,,1.0
0603B316,Passive11_0131,Source/Game/PASS11.c,table,high,0.99,,1.0
0603B388,Passive11_0132,Source/Game/PASS11.c,table,high,1.0,,1.0
0603B3F0,Passive11_0133,Source/Game/PASS11.c,table,high,1.0,,1.0
0603B494,Passive11_0134,Source/Game/PASS11.c,table,high,1.0,,1.0
0603B4FC,Passive11_0135,Source/Game/PASS11.c,table,high,1.0,,1.0
0603B544,Passive11_0136,Source/Game/PASS11.c,table,high,1.0,,1.0
0603B5B4,Passive11_0137,Source/Game/PASS11.c,table,high,0.96,,1.0
0603B602,Passive11_0138,Source/Game/PASS11.c,table,high,1.0,,1.0
0603B648,Passive11_0139,Source/Game/PASS11.c,table,high,1.0,,1.0
0603B68A,Passive11_0140,Source/Game/PASS11.c,table,high,0.96,,1.0
0603B710,Passive11_0141,Source/Game/PASS11.c,table,high,0.98,,1.0
0603B766,Passive11_0142,Source/Game/PASS11.c,table,high,1.0,,1.0
0603B7DA,Passive11_0143,Source/Game/PASS11.c,table,high,1.0,,1.0
0603B848,Passive11_0144,Source/Game/PASS11.c,table,high,1.0,,1.0
0603B900,Passive11_0145,Source/Game/PASS11.c,table,high,1.0,,1.0
0603B984,Passive11_0146,Source/Game/PASS11.c,table,high,1.0,,1.0
0603B9DA,Passive11_0147,Source/Game/PASS11.c,table,high,0.96,,1.0
0603BA0C,Passive11_0148,Source/Game/PASS11.c,table,high,0.96,,1.0
0603BA3E,Passive11_0149,Source/Game/PASS11.c,table,high,0.78,,1.0
0603BAD0,Passive11_0150,Source/Game/PASS11.c,table,high,0.56,,1.0
0603BAEE,Passive11_0151,Source/Game/PASS11.c,table,high,0.38,,0.83
0603BB98,Passive11_0152,Source/Game/PASS11.c,table,high,1.0,1.0,1.0
0603BBE2,Passive11_0153,Source/Game/PASS11.c,table,high,0.64,,1.0
0603BC0E,Passive11_0154,Source/Game/PASS11.c,table,high,0.64,,1.0
0603BC3A,Passive11_0155,Source/Game/PASS11.c,table,high,0.64,,1.0
0603BC90,Passive11_0156,Source/Game/PASS11.c,table,high,0.96,,1.0
0603BCDE,Passive11_0157,Source/Game/PASS11.c,table,high,0.72,,1.0
0603BD22,Passive11_0158,Source/Game/PASS11.c,table,high,0.29,0.75,0.75
0603BDB2,Passive11_0159,Source/Game/PASS11.c,table,high,0.96,,1.0
0603BE16,Passive11_0160,Source/Game/PASS11.c,table,high,1.0,,1.0
0603BEB4,Passive11_0161,Source/Game/PASS11.c,table,high,0.99,,1.0
0603BF3E,Passive11_0162,Source/Game/PASS11.c,table,high,0.94,,1.0
0603BF7E,Passive11_0163,Source/Game/PASS11.c,table,high,0.31,,0.83
0603C046,Passive11_0164,Source/Game/PASS11.c,table,high,1.0,,1.0
0603C098,Passive11_0165,Source/Game/PASS11.c,table,high,0.72,,1.0
0603C0BA,Passive11_0166,Source/Game/PASS11.c,table,high,0.65,,1.0
0603C13E,Passive11_0167,Source/Game/PASS11.c,table,high,1.0,,1.0
0603C1A6,Passive11_0168,Source/Game/PASS11.c,table,high,0.72,,1.0
0603C1C8,Passive11_0169,Source/Game/PASS11.c,table,high,0.74,,1.0
0603C256,Passive11_0170,Source/Game/PASS11.c,table,high,0.64,,1.0
0603C282,Passive11_0171,Source/Game/PASS11.c,table,high,0.96,,1.0
0603C2D0,Passive11_0172,Source/Game/PASS11.c,table,high,0.99,,1.0
0603C338,Passive11_0173,Source/Game/PASS11.c,table,high,0.99,1.0,1.0
0603C3A2,Passive11_0174,Source/Game/PASS11.c,table,high,0.75,,1.0
0603C466,Passive11_0175,Source/Game/PASS11.c,table,high,0.5,,0.86
0603C4B0,Passive11_0176,Source/Game/PASS11.c,table,high,0.32,0.75,0.75
0603C53C,Passive11_0177,Source/Game/PASS11.c,table,high,1.0,,1.0
0603C5B6,Passive11_0178,Source/Game/PASS11.c,table,high,0.78,,1.0
0603C676,Passive11_0179,Source/Game/PASS11.c,table,high,0.96,,1.0
0603C6A8,Passive11_0180,Source/Game/PASS11.c,table,high,0.96,,1.0
0603C6EA,Passive11_0181,Source/Game/PASS11.c,table,high,0.96,,1.0
0603C71C,Passive11_0182,Source/Game/PASS11.c,table,high,0.64,,1.0
0603C75C,Passive11_0183,Source/Game/PASS11.c,table,high,1.0,,1.0
0603C7C4,Passive11_0184,Source/Game/PASS11.c,table,high,0.32,,0.83
0603C886,Passive11_0185,Source/Game/PASS11.c,table,high,0.97,1.0,1.0
0603C8CA,Passive11_0186,Source/Game/PASS11.c,table,high,1.0,,1.0
0603C91C,Passive11_0187,Source/Game/PASS11.c,table,high,1.0,,1.0
0603C98C,Passive11_0188,Source/Game/PASS11.c,table,high,0.96,,1.0
0603C9BE,Passive11_0189,Source/Game/PASS11.c,table,high,1.0,,1.0
0603CA0A,Passive11_0190,Source/Game/PASS11.c,table,high,1.0,,1.0
0603CA56,Passive11_0191,Source/Game/PASS11.c,table,high,0.99,,1.0
0603CA9E,Passive11_0192,Source/Game/PASS11.c,table,high,0.85,1.0,1.0
0603CB04,Passive11_0193,Source/Game/PASS11.c,table,high,1.0,1.0,1.0
0603CB4E,Passive11_0194,Source/Game/PASS11.c,table,high,0.98,,1.0
0603CB94,Passive11_0195,Source/Game/PASS11.c,table,high,0.98,,1.0
0603CC00,Passive11_0196,Source/Game/PASS11.c,table,high,1.0,,1.0
0603CC4C,Passive11_0197,Source/Game/PASS11.c,table,high,0.97,,1.0
0603CC90,Passive11_0198,Source/Game/PASS11.c,table,high,0.56,,1.0
0603CCAE,Passive11_0199,Source/Game/PASS11.c,table,high,0.94,,1.0
0603CD10,Passive11_0200,Source/Game/PASS11.c,table,high,0.94,,1.0
0603CD50,Passive11_0201,Source/Game/PASS11.c,table,high,0.98,,1.0
0603CDB2,Passive11_0202,Source/Game/PASS11.c,table,high,1.0,1.0,1.0
0603CE26,Passive11_0203,Source/Game/PASS11.c,table,high,0.69,1.0,1.0
0603CE9C,Passive11_0204,Source/Game/PASS11.c,table,high,0.99,,1.0
0603CF06,Passive11_0205,Source/Game/PASS11.c,table,medium,0.3,,0.75
0603CF88,Passive11_0206,Source/Game/PASS11.c,table,high,0.64,,1.0
0603CFA8,Passive11_0207,Source/Game/PASS11.c,table,high,0.97,,1.0
0603CFF8,Passive11_0208,Source/Game/PASS11.c,table,high,0.97,1.0,1.0
0603D048,Passive11_0209,Source/Game/PASS11.c,table,high,0.81,,1.0
0603D0B2,Passive11_0210,Source/Game/PASS11.c,table,high,0.93,,1.0
0603D0FC,Passive11_0211,Source/Game/PASS11.c,table,high,0.99,,1.0
0603D1BC,Passive11_0212,Source/Game/PASS11.c,table,high,1.0,1.0,1.0
0603D230,Passive11_0213,Source/Game/PASS11.c,table,high,0.94,1.0,1.0
0603D270,Passive11_0214,Source/Game/PASS11.c,table,high,0.9,,1.0
0603D31A,Passive11_0215,Source/Game/PASS11.c,table,high,0.99,,1.0
0603D362,Passive11_0216,Source/Game/PASS11.c,table,high,0.75,,1.0
0603D3F8,Passive11_0217,Source/Game/PASS11.c,table,high,0.99,,1.0
0603D452,Passive11_0218,Source/Game/PASS11.c,table,high,1.0,,1.0
0603D4D8,Passive11_0219,Source/Game/PASS11.c,table,high,0.61,,0.92
0603D564,Passive11_0220,Source/Game/PASS11.c,table,high,0.87,,1.0
0603D5F2,Passive11_0221,Source/Game/PASS11.c,table,high,0.99,,1.0
0603D65C,Passive11_0222,Source/Game/PASS11.c,table,high,0.99,,1.0
0603D6E4,Passive11_0223,Source/Game/PASS11.c,table,high,0.99,,1.0
0603D74E,Passive11_0224,Source/Game/PASS11.c,table,high,1.0,1.0,1.0
0603D7B2,Passive11_0225,Source/Game/PASS11.c,table,high,0.81,,1.0
0603D81C,Passive11_0226,Source/Game/PASS11.c,table,high,0.97,,1.0
0603D87C,Passive11_0227,Source/Game/PASS11.c,table,high,0.99,,1.0
0603D900,Passive11_0228,Source/Game/PASS11.c,table,high,0.99,,1.0
0603D95A,Passive11_0229,Source/Game/PASS11.c,table,high,0.99,,1.0
0603D9B4,Passive11_0230,Source/Game/PASS11.c,table,high,0.91,,1.0
0603DA44,Passive11_0231,Source/Game/PASS11.c,table,high,1.0,1.0,1.0
0603DA94,Passive11_0232,Source/Game/PASS11.c,table,high,0.96,,1.0
0603DAC6,Passive11_0233,Source/Game/PASS11.c,table,high,0.96,,1.0
0603DB28,Passive11_0234,Source/Game/PASS11.c,table,high,1.0,,1.0
0603DB70,Passive11_0235,Source/Game/PASS11.c,table,high,1.0,,1.0
0603DBB8,Passive11_0236,Source/Game/PASS11.c,table,high,1.0,1.0,1.0
0603DBF4,Passive11_0237,Source/Game/PASS11.c,table,high,0.81,0.75,1.0
0603DC70,Passive11_0238,Source/Game/PASS11.c,table,high,0.99,,1.0
0603DCCA,Passive11_0239,Source/Game/PASS11.c,table,high,1.0,,1.0
0603DD02,Passive11_0240,Source/Game/PASS11.c,table,high,0.59,,1.0
0603DD2C,Passive11_0241,Source/Game/PASS11.c,table,high,0.99,,1.0
0603DD94,Passive11_0242,Source/Game/PASS11.c,table,high,1.0,,1.0
0603DDD0,Passive11_0243,Source/Game/PASS11.c,table,high,0.72,,1.0
0603DDF2,Passive11_0244,Source/Game/PASS11.c,table,high,0.72,,1.0
0603DE14,Passive11_0245,Source/Game/PASS11.c,table,high,0.96,,1.0
0603DE46,Passive11_0246,Source/Game/PASS11.c,table,high,0.72,,1.0
0603DE68,Passive11_0247,Source/Game/PASS11.c,table,high,0.7,1.0,1.0
0603DEC0,Passive11_0248,Source/Game/PASS11.c,table,high,0.99,,1.0
0603DF0E,Passive11_0249,Source/Game/PASS11.c,table,high,1.0,1.0,1.0
0603DF66,Passive11_0250,Source/Game/PASS11.c,table,high,0.52,,0.86
0603DFC2,Passive11_0251,Source/Game/PASS11.c,table,high,1.0,1.0,1.0
0603DFFE,Passive11_0252,Source/Game/PASS11.c,table,high,1.0,1.0,1.0
0603E038,Passive11_0253,Source/Game/PASS11.c,table,high,0.64,,1.0
0603E058,Passive11_0254,Source/Game/PASS11.c,table,high,0.98,1.0,1.0
0603E0E8,Passive12_0000,Source/Game/PASS12.c,table,high,0.92,,1.0
0603E11C,Passive12_0001,Source/Game/PASS12.c,table,high,0.64,,1.0
0603E144,Passive12_0002,Source/Game/PASS12.c,table,high,0.94,,1.0
0603E184,Passive12_0003,Source/Game/PASS12.c,table,high,1.0,,1.0
0603E200,Passive12_0004,Source/Game/PASS12.c,table,high,1.0,,1.0
0603E262,Passive12_0005,Source/Game/PASS12.c,table,high,0.98,,1.0
0603E2B8,Passive12_0006,Source/Game/PASS12.c,table,high,0.86,,1.0
0603E32E,Passive12_0007,Source/Game/PASS12.c,table,high,0.99,,1.0
0603E382,Passive12_0008,Source/Game/PASS12.c,table,high,0.98,,1.0
0603E3D4,Passive12_0009,Source/Game/PASS12.c,table,high,0.77,,1.0
0603E442,Passive12_0010,Source/Game/PASS12.c,table,high,1.0,1.0,1.0
0603E4B0,Passive12_0011,Source/Game/PASS12.c,table,high,0.56,,1.0
0603E4CE,Passive12_0012,Source/Game/PASS12.c,table,high,0.64,,1.0
0603E524,Passive12_0013,Source/Game/PASS12.c,table,high,0.64,,1.0
0603E550,Passive12_0014,Source/Game/PASS12.c,table,high,0.64,,1.0
0603E57C,Passive12_0015,Source/Game/PASS12.c,table,high,0.64,,1.0
0603E5A8,Passive12_0016,Source/Game/PASS12.c,table,high,0.64,,1.0
0603E5D4,Passive12_0017,Source/Game/PASS12.c,table,high,0.64,,1.0
0603E618,Passive12_0018,Source/Game/PASS12.c,table,high,0.97,,1.0
0603E65C,Passive12_0019,Source/Game/PASS12.c,table,high,0.94,,1.0
0603E69C,Passive12_0020,Source/Game/PASS12.c,table,high,0.7,,1.0
0603E6CA,Passive12_0021,Source/Game/PASS12.c,table,high,0.7,,1.0
0603E71C,Passive12_0022,Source/Game/PASS12.c,table,high,0.64,,1.0
0603E748,Passive12_0023,Source/Game/PASS12.c,table,high,0.94,,1.0
0603E788,Passive12_0024,Source/Game/PASS12.c,table,high,0.94,,1.0
0603E7C8,Passive12_0025,Source/Game/PASS12.c,table,high,0.94,,1.0
0603E820,Passive12_0026,Source/Game/PASS12.c,table,high,0.96,,1.0
0603E852,Passive12_0027,Source/Game/PASS12.c,table,high,0.96,,1.0
0603E884,Passive12_0028,Source/Game/PASS12.c,table,high,0.96,,1.0
0603E8B6,Passive12_0029,Source/Game/PASS12.c,table,high,0.98,,1.0
0603E908,Passive12_0030,Source/Game/PASS12.c,table,high,0.97,,1.0
0603E958,Passive12_0031,Source/Game/PASS12.c,table,high,0.38,,0.89
0603E99E,Passive12_0032,Source/Game/PASS12.c,table,medium,0.28,,0.75
0603E9F2,Passive12_0033,Source/Game/PASS12.c,table,high,0.7,,1.0
0603EA3C,Passive12_0034,Source/Game/PASS12.c,table,high,0.98,,1.0
0603EA92,Passive12_0035,Source/Game/PASS12.c,table,high,0.96,1.0,1.0
0603EAC4,Passive12_0036,Source/Game/PASS12.c,table,high,0.96,1.0,1.0
0603EAF6,Passive12_0037,Source/Game/PASS12.c,table,high,0.96,,1.0
0603EB48,Passive12_0038,Source/Game/PASS12.c,table,high,1.0,,1.0
0603EB96,Passive12_0039,Source/Game/PASS12.c,table,high,1.0,,1.0
0603EBE4,Passive12_0040,Source/Game/PASS12.c,table,high,1.0,,1.0
0603EC32,Passive12_0041,Source/Game/PASS12.c,table,high,1.0,,1.0
0603EC96,Passive12_0042,Source/Game/PASS12.c,table,high,0.56,,1.0
0603ECB4,Passive12_0043,Source/Game/PASS12.c,table,high,1.0,,1.0
0603ECFA,Passive12_0044,Source/Game/PASS12.c,table,high,0.7,,1.0
0603ED5C,Passive12_0045,Source/Game/PASS12.c,table,high,0.96,,1.0
0603ED8E,Passive12_0046,Source/Game/PASS12.c,table,high,0.96,,1.0
0603EDC0,Passive12_0047,Source/Game/PASS12.c,table,high,0.96,,1.0
0603EDF2,Passive12_0048,Source/Game/PASS12.c,table,high,0.64,,1.0
0603EE12,Passive12_0049,Source/Game/PASS12.c,table,high,0.64,,1.0
0603EE50,Passive12_0050,Source/Game/PASS12.c,table,high,0.94,,1.0
0603EE90,Passive12_0051,Source/Game/PASS12.c,table,high,0.46,,0.86
0603EED4,Passive12_0052,Source/Game/PASS12.c,table,high,0.99,,1.0
0603EF50,Passive12_0053,Source/Game/PASS12.c,table,high,1.0,,1.0
0603EFB8,Passive12_0054,Source/Game/PASS12.c,table,high,0.34,,0.86
0603EFF0,Passive12_0055,Source/Game/PASS12.c,table,high,0.7,,1.0
0603F048,Passive12_0056,Source/Game/PASS12.c,table,high,0.96,,1.0
0603F0AC,Passive12_0057,Source/Game/PASS12.c,table,high,0.96,,1.0
0603F110,Passive12_0058,Source/Game/PASS12.c,table,high,1.0,,1.0
0603F158,Passive12_0059,Source/Game/PASS12.c,table,high,0.7,,1.0
0603F186,Passive12_0060,Source/Game/PASS12.c,table,high,0.64,,1.0
0603F1B2,Passive12_0061,Source/Game/PASS12.c,table,high,0.59,,1.0
0603F1DC,Passive12_0062,Source/Game/PASS12.c,table,high,0.64,,1.0
0603F228,Passive12_0063,Source/Game/PASS12.c,table,high,0.4,,0.86
0603F2C8,Passive12_0064,Source/Game/PASS12.c,table,high,0.64,,1.0
0603F324,Passive12_0065,Source/Game/PASS12.c,table,high,1.0,,1.0
0603F38C,Passive12_0066,Source/Game/PASS12.c,table,high,0.94,1.0,1.0
0603F3CC,Passive12_0067,Source/Game/PASS12.c,table,high,0.94,,1.0
0603F434,Passive12_0068,Source/Game/PASS12.c,table,high,0.59,,1.0
0603F45E,Passive12_0069,Source/Game/PASS12.c,table,high,0.64,,1.0
0603F47E,Passive12_0070,Source/Game/PASS12.c,table,high,1.0,,1.0
0603F4E6,Passive12_0071,Source/Game/PASS12.c,table,high,0.64,,1.0
0603F53C,Passive12_0072,Source/Game/PASS12.c,table,high,0.59,,1.0
0603F566,Passive12_0073,Source/Game/PASS12.c,table,high,0.64,,1.0
0603F586,Passive12_0074,Source/Game/PASS12.c,table,high,0.97,,1.0
0603F5CA,Passive12_0075,Source/Game/PASS12.c,table,high,1.0,,1.0
0603F658,Passive12_0076,Source/Game/PASS12.c,table,high,0.64,,1.0
0603F684,Passive12_0077,Source/Game/PASS12.c,table,high,0.64,,1.0
0603F6A4,Passive12_0078,Source/Game/PASS12.c,table,high,0.64,,1.0
0603F6C4,Passive12_0079,Source/Game/PASS12.c,table,high,1.0,,1.0
0603F71A,Passive12_0080,Source/Game/PASS12.c,table,high,0.84,1.0,1.0
0603F7A4,Passive12_0081,Source/Game/PASS12.c,table,high,0.98,,1.0
0603F814,Passive12_0082,Source/Game/PASS12.c,table,high,0.31,1.0,0.83
0603F8DE,Passive12_0083,Source/Game/PASS12.c,table,high,0.72,,1.0
0603F900,Passive12_0084,Source/Game/PASS12.c,table,high,0.64,,1.0
0603F920,Passive12_0085,Source/Game/PASS12.c,table,high,0.72,,1.0
0603F942,Passive12_0086,Source/Game/PASS12.c,table,high,0.64,,1.0
0603F998,Passive12_0087,Source/Game/PASS12.c,table,high,0.96,,1.0
0603F9CA,Passive12_0088,Source/Game/PASS12.c,table,high,0.56,,1.0
0603F9E8,Passive12_0089,Source/Game/PASS12.c,table,high,0.53,1.0,0.86
0603FA3A,Passive12_0090,Source/Game/PASS12.c,table,high,0.95,1.0,1.0
0603FAC2,Passive12_0091,Source/Game/PASS12.c,table,high,0.96,,1.0
0603FB20,Passive12_0092,Source/Game/PASS12.c,table,high,0.97,,1.0
0603FBAC,Passive12_0093,Source/Game/PASS12.c,table,high,0.99,,1.0
0603FC00,Passive12_0094,Source/Game/PASS12.c,table,high,0.96,,1.0
0603FC4E,Passive12_0095,Source/Game/PASS12.c,table,high,0.94,1.0,1.0
0603FCBC,Passive12_0096,Source/Game/PASS12.c,table,high,0.94,,1.0
0603FCFC,Passive12_0097,Source/Game/PASS12.c,table,high,0.99,,1.0
0603FD44,Passive12_0098,Source/Game/PASS12.c,table,high,0.64,,1.0
0603FD64,Passive12_0099,Source/Game/PASS12.c,table,high,0.64,,1.0
0603FD84,Passive12_0100,Source/Game/PASS12.c,table,high,0.64,,1.0
0603FDC0,Passive12_0101,Source/Game/PASS12.c,table,high,0.98,1.0,1.0
0603FE16,Passive12_0102,Source/Game/PASS12.c,table,high,0.99,1.0,1.0
0603FE84,Passive12_0103,Source/Game/PASS12.c,table,high,0.89,1.0,1.0
0603FEE6,Passive12_0104,Source/Game/PASS12.c,table,high,0.94,1.0,1.0
0603FF26,Passive12_0105,Source/Game/PASS12.c,table,high,1.0,,1.0
0603FF9A,Passive12_0106,Source/Game/PASS12.c,table,high,0.65,,1.0
06040006,Passive12_0107,Source/Game/PASS12.c,table,high,1.0,1.0,1.0
06040022,Game12_1,Source/Game/Game.c,table-align,low,0.19,,0.0
06040054,Passive12_0108,Source/Game/PASS12.c,table,high,1.0,,1.0
060400A2,Passive12_0109,Source/Game/PASS12.c,table,high,0.71,,1.0
06040116,Passive12_0110,Source/Game/PASS12.c,table,high,0.96,,1.0
0604017A,Passive12_0111,Source/Game/PASS12.c,table,high,0.96,,1.0
060401FC,Passive12_0112,Source/Game/PASS12.c,table,high,0.64,,1.0
0604021C,Passive12_0113,Source/Game/PASS12.c,table,high,0.64,,1.0
0604023C,Passive12_0114,Source/Game/PASS12.c,table,high,0.53,,0.86
06040298,Passive12_0115,Source/Game/PASS12.c,table,high,0.9,,1.0
06040342,Passive12_0116,Source/Game/PASS12.c,table,high,0.56,,1.0
06040360,Passive12_0117,Source/Game/PASS12.c,table,high,0.94,1.0,1.0
060403A0,Passive12_0118,Source/Game/PASS12.c,table,high,0.94,,1.0
06040408,Passive12_0119,Source/Game/PASS12.c,table,high,0.98,1.0,1.0
0604045E,Passive12_0120,Source/Game/PASS12.c,table,medium,0.28,,0.75
060404B2,Passive12_0121,Source/Game/PASS12.c,table,high,0.64,,1.0
060404D2,Passive12_0122,Source/Game/PASS12.c,table,high,0.5,,0.8
0604051E,Passive12_0123,Source/Game/PASS12.c,table,medium,0.25,,0.67
06040564,Passive12_0124,Source/Game/PASS12.c,table,high,0.5,1.0,0.86
060405AE,Passive12_0125,Source/Game/PASS12.c,table,high,0.93,,1.0
0604061A,Passive12_0126,Source/Game/PASS12.c,table,medium,0.3,,0.75
06040676,Passive12_0127,Source/Game/PASS12.c,table,high,0.31,,0.8
06040722,Passive12_0128,Source/Game/PASS12.c,table,high,1.0,1.0,1.0
060407A0,Passive12_0129,Source/Game/PASS12.c,table,high,0.21,1.0,0.73
06040852,Passive12_0130,Source/Game/PASS12.c,table,high,1.0,,1.0
060408D0,Passive12_0131,Source/Game/PASS12.c,table,high,0.67,,1.0
06040948,Passive12_0132,Source/Game/PASS12.c,table,high,1.0,,1.0
060409B0,Passive12_0133,Source/Game/PASS12.c,table,high,0.85,,1.0
06040A52,Passive12_0134,Source/Game/PASS12.c,table,high,1.0,,1.0
06040ABA,Passive12_0135,Source/Game/PASS12.c,table,high,1.0,,1.0
06040B08,Passive12_0136,Source/Game/PASS12.c,table,high,0.78,,1.0
06040B88,Passive12_0137,Source/Game/PASS12.c,table,high,0.96,,1.0
06040BD6,Passive12_0138,Source/Game/PASS12.c,table,high,0.96,,1.0
06040C24,Passive12_0139,Source/Game/PASS12.c,table,high,0.95,,1.0
06040CAC,Passive12_0140,Source/Game/PASS12.c,table,high,0.96,,1.0
06040D10,Passive12_0141,Source/Game/PASS12.c,table,high,0.94,,1.0
06040D70,Passive12_0142,Source/Game/PASS12.c,table,high,1.0,,1.0
06040DE4,Passive12_0143,Source/Game/PASS12.c,table,high,1.0,,1.0
06040E78,Passive12_0144,Source/Game/PASS12.c,table,high,1.0,,1.0
06040EFC,Passive12_0145,Source/Game/PASS12.c,table,high,0.91,,1.0
06040FA2,Passive12_0146,Source/Game/PASS12.c,table,high,1.0,,1.0
06040FF8,Passive12_0147,Source/Game/PASS12.c,table,high,0.38,,0.83
06041094,Passive12_0148,Source/Game/PASS12.c,table,high,0.49,,0.89
060410E8,Passive12_0149,Source/Game/PASS12.c,table,high,0.33,,0.8
0604116C,Passive12_0150,Source/Game/PASS12.c,table,high,0.96,,1.0
060411DA,Passive12_0151,Source/Game/PASS12.c,table,high,0.35,,0.83
06041276,Passive12_0152,Source/Game/PASS12.c,table,high,1.0,1.0,1.0
060412C0,Passive12_0153,Source/Game/PASS12.c,table,high,0.98,,1.0
06041316,Passive12_0154,Source/Game/PASS12.c,table,high,0.64,,1.0
06041370,Passive12_0155,Source/Game/PASS12.c,table,high,0.64,,1.0
0604139C,Passive12_0156,Source/Game/PASS12.c,table,high,0.96,,1.0
060413EA,Passive12_0157,Source/Game/PASS12.c,table,high,0.77,,1.0
060414B4,Passive12_0158,Source/Game/PASS12.c,table,high,0.98,,1.0
06041578,Passive12_0159,Source/Game/PASS12.c,table,high,0.96,,1.0
060415DC,Passive12_0160,Source/Game/PASS12.c,table,high,1.0,,1.0
06041644,Passive12_0161,Source/Game/PASS12.c,table,high,0.67,,1.0
060416E4,Passive12_0162,Source/Game/PASS12.c,table,high,0.94,,1.0
06041724,Passive12_0163,Source/Game/PASS12.c,table,high,0.32,,0.83
060417E8,Passive12_0164,Source/Game/PASS12.c,table,high,1.0,,1.0
0604183A,Passive12_0165,Source/Game/PASS12.c,table,high,1.0,,1.0
060418D0,Passive12_0166,Source/Game/PASS12.c,table,high,1.0,,1.0
06041922,Passive12_0167,Source/Game/PASS12.c,table,high,1.0,,1.0
0604198A,Passive12_0168,Source/Game/PASS12.c,table,high,0.72,,1.0
060419D4,Passive12_0169,Source/Game/PASS12.c,table,high,0.94,,1.0
06041A14,Passive12_0170,Source/Game/PASS12.c,table,high,0.64,,1.0
06041A40,Passive12_0171,Source/Game/PASS12.c,table,high,0.96,,1.0
06041A8E,Passive12_0172,Source/Game/PASS12.c,table,high,0.83,,1.0
06041AF6,Passive12_0173,Source/Game/PASS12.c,table,high,0.37,,0.83
06041BC0,Passive12_0174,Source/Game/PASS12.c,table,high,0.99,,1.0
06041C52,Passive12_0175,Source/Game/PASS12.c,table,high,0.5,,0.86
06041CC8,Passive12_0176,Source/Game/PASS12.c,table,high,0.33,,0.8
06041D3A,Passive12_0177,Source/Game/PASS12.c,table,high,1.0,,1.0
06041DB8,Passive12_0178,Source/Game/PASS12.c,table,high,1.0,,1.0
06041E42,Passive12_0179,Source/Game/PASS12.c,table,high,0.7,,1.0
06041E70,Passive12_0180,Source/Game/PASS12.c,table,high,0.75,,1.0
06041EE0,Passive12_0181,Source/Game/PASS12.c,table,high,0.97,,1.0
06041F30,Passive12_0182,Source/Game/PASS12.c,table,high,0.64,,1.0
06041F50,Passive12_0183,Source/Game/PASS12.c,table,high,1.0,,1.0
06041FE4,Passive12_0184,Source/Game/PASS12.c,table,high,0.37,,0.83
06042082,Passive12_0185,Source/Game/PASS12.c,table,high,0.64,,1.0
060420A2,Passive12_0186,Source/Game/PASS12.c,table,high,0.71,1.0,1.0
06042120,Passive12_0187,Source/Game/PASS12.c,table,high,1.0,1.0,1.0
06042172,Passive12_0188,Source/Game/PASS12.c,table,high,1.0,,1.0
060421C4,Passive12_0189,Source/Game/PASS12.c,table,high,0.87,,1.0
06042228,Passive12_0190,Source/Game/PASS12.c,table,high,1.0,,1.0
06042274,Passive12_0191,Source/Game/PASS12.c,table,high,0.99,,1.0
060422BC,Passive12_0192,Source/Game/PASS12.c,table,high,0.75,1.0,1.0
0604232C,Passive12_0193,Source/Game/PASS12.c,table,high,1.0,1.0,1.0
06042376,Passive12_0194,Source/Game/PASS12.c,table,high,0.98,,1.0
060423BC,Passive12_0195,Source/Game/PASS12.c,table,high,0.98,,1.0
06042402,Passive12_0196,Source/Game/PASS12.c,table,high,0.77,,1.0
06042470,Passive12_0197,Source/Game/PASS12.c,table,high,0.97,,1.0
060424B4,Passive12_0198,Source/Game/PASS12.c,table,high,0.56,,1.0
060424D2,Passive12_0199,Source/Game/PASS12.c,table,high,0.94,,1.0
06042512,Passive12_0200,Source/Game/PASS12.c,table,high,0.87,,1.0
06042576,Passive12_0201,Source/Game/PASS12.c,table,high,0.98,,1.0
060425D8,Passive12_0202,Source/Game/PASS12.c,table,high,0.98,,1.0
0604262E,Passive12_0203,Source/Game/PASS12.c,table,high,0.81,1.0,1.0
06042698,Passive12_0204,Source/Game/PASS12.c,table,high,0.99,,1.0
06042702,Passive12_0205,Source/Game/PASS12.c,table,high,0.29,1.0,0.75
0604278A,Passive12_0206,Source/Game/PASS12.c,table,high,0.64,,1.0
060427AA,Passive12_0207,Source/Game/PASS12.c,table,high,0.97,,1.0
060427FA,Passive12_0208,Source/Game/PASS12.c,table,high,0.97,,1.0
0604284A,Passive12_0209,Source/Game/PASS12.c,table,high,0.64,,1.0
0604288C,Passive12_0210,Source/Game/PASS12.c,table,high,0.93,,1.0
060428D6,Passive12_0211,Source/Game/PASS12.c,table,high,0.99,,1.0
06042994,Passive12_0212,Source/Game/PASS12.c,table,high,1.0,1.0,1.0
06042A08,Passive12_0213,Source/Game/PASS12.c,table,high,0.8,,1.0
06042AC4,Passive12_0214,Source/Game/PASS12.c,table,high,0.94,,1.0
06042B04,Passive12_0215,Source/Game/PASS12.c,table,high,0.7,,1.0
06042B32,Passive12_0216,Source/Game/PASS12.c,table,high,0.7,,1.0
06042B60,Passive12_0217,Source/Game/PASS12.c,table,high,0.54,,0.92
06042C0C,Passive12_0218,Source/Game/PASS12.c,table,high,0.96,,1.0
06042C3E,Passive12_0219,Source/Game/PASS12.c,table,high,0.96,1.0,1.0
06042C70,Passive12_0220,Source/Game/PASS12.c,table,high,0.96,,1.0
06042CA2,Passive12_0221,Source/Game/PASS12.c,table,high,0.59,,1.0
06042D02,Passive12_0222,Source/Game/PASS12.c,table,high,0.53,,0.89
06042D5C,Passive12_0223,Source/Game/PASS12.c,table,high,0.96,,1.0
06042D8E,Passive12_0224,Source/Game/PASS12.c,table,high,0.72,,1.0
06042DB0,Passive12_0225,Source/Game/PASS12.c,table,high,0.64,,1.0
06042DF4,Passive12_0226,Source/Game/PASS12.c,table,high,0.96,,1.0
06042E26,Passive12_0227,Source/Game/PASS12.c,table,high,0.96,,1.0
06042E58,Passive12_0228,Source/Game/PASS12.c,table,high,0.99,,1.0
06042E9C,Passive12_0229,Source/Game/PASS12.c,table,high,0.84,,1.0
06042F2E,Passive12_0230,Source/Game/PASS12.c,table,high,1.0,1.0,1.0
06042F9C,Passive13_0000,Source/Game/pass13.c,table,high,0.92,,1.0
06042FD0,Passive13_0001,Source/Game/pass13.c,table,high,0.64,,1.0
06042FF8,Passive13_0002,Source/Game/pass13.c,table,high,1.0,,1.0
06043062,Passive13_0003,Source/Game/pass13.c,table,high,0.56,,1.0
060430B8,Passive13_0004,Source/Game/pass13.c,table,high,0.96,,1.0
060430FA,Passive13_0005,Source/Game/pass13.c,table,high,0.56,,1.0
06043118,Passive13_0006,Source/Game/pass13.c,table,high,0.97,1.0,1.0
0604315C,Passive13_0007,Source/Game/pass13.c,table,high,0.96,,1.0
0604318E,Passive13_0008,Source/Game/pass13.c,table,high,0.91,,1.0
060431FE,Passive13_0009,Source/Game/pass13.c,table,high,1.0,,1.0
0604325C,Passive13_0010,Source/Game/pass13.c,table,high,0.96,,1.0
0604328E,Passive13_0011,Source/Game/pass13.c,table,high,0.96,,1.0
060432E4,Passive13_0012,Source/Game/pass13.c,table,high,1.0,,1.0
0604332E,Passive13_0013,Source/Game/pass13.c,table,high,0.5,,0.86
06043378,Passive13_0014,Source/Game/pass13.c,table,high,0.64,,1.0
06043398,Passive13_0015,Source/Game/pass13.c,table,high,0.64,,1.0
060433D8,Passive13_0016,Source/Game/pass13.c,table,high,0.36,1.0,0.89
0604341C,Passive13_0017,Source/Game/pass13.c,table,high,0.53,1.0,0.91
06043482,Passive13_0018,Source/Game/pass13.c,table,high,0.55,1.0,0.89
060434E2,Passive13_0019,Source/Game/pass13.c,table,high,0.64,,1.0
06043502,Passive13_0020,Source/Game/pass13.c,table,high,0.64,,1.0
06043522,Passive13_0021,Source/Game/pass13.c,table,high,0.94,,1.0
06043562,Passive13_0022,Source/Game/pass13.c,table,high,0.51,1.0,0.89
060435F2,Passive13_0023,Source/Game/pass13.c,table,high,0.55,1.0,0.89
0604365A,Passive13_0024,Source/Game/pass13.c,table,high,0.64,,1.0
06043686,Passive13_0025,Source/Game/pass13.c,table,high,0.92,,1.0
0604370C,Passive13_0026,Source/Game/pass13.c,table,high,0.64,,1.0
0604372C,Passive13_0027,Source/Game/pass13.c,table,high,0.96,,1.0
0604375E,Passive13_0028,Source/Game/pass13.c,table,high,0.64,,1.0
0604377E,Passive13_0029,Source/Game/pass13.c,table,medium,0.18,,0.67
060437B6,Passive13_0030,Source/Game/pass13.c,table,high,0.91,,1.0
06043816,Passive13_0031,Source/Game/pass13.c,table,high,0.72,,1.0
06043838,Passive13_0032,Source/Game/pass13.c,table,high,0.32,,0.8
06043864,Passive13_0033,Source/Game/pass13.c,table,high,0.7,,1.0
06043892,Passive13_0034,Source/Game/pass13.c,table,high,0.64,,1.0
060438DC,Passive13_0035,Source/Game/pass13.c,table,medium,0.25,,0.67
06043922,Passive13_0036,Source/Game/pass13.c,table,high,0.53,1.0,0.89
0604397E,Passive13_0037,Source/Game/pass13.c,table,high,0.79,1.0,1.0
060439FC,Passive13_0038,Source/Game/pass13.c,table,high,0.97,1.0,1.0
06043A40,Passive13_0039,Source/Game/pass13.c,table,high,0.98,1.0,1.0
06043A92,Passive13_0040,Source/Game/pass13.c,table,high,0.56,,0.91
06043B20,Passive13_0041,Source/Game/pass13.c,table,high,0.52,,0.86
06043B6E,Passive13_0042,Source/Game/pass13.c,table,high,1.0,1.0,1.0
06043BB0,Passive13_0043,Source/Game/pass13.c,table,high,0.69,,1.0
06043C26,Passive13_0044,Source/Game/pass13.c,table,high,1.0,,1.0
06043C74,Passive13_0045,Source/Game/pass13.c,table,high,1.0,,1.0
06043CC2,Passive13_0046,Source/Game/pass13.c,table,high,0.64,,1.0
06043CE2,Passive13_0047,Source/Game/pass13.c,table,high,0.47,,0.8
06043D36,Passive13_0048,Source/Game/pass13.c,table,high,0.5,,0.86
06043D80,Passive13_0049,Source/Game/pass13.c,table,high,0.64,,1.0
06043DA0,Passive13_0050,Source/Game/pass13.c,table,high,0.32,,0.8
06043DCC,Passive13_0051,Source/Game/pass13.c,table,high,0.5,,0.86
06043E34,Passive13_0052,Source/Game/pass13.c,table,high,0.64,,1.0
06043E54,Passive13_0053,Source/Game/pass13.c,table,high,0.96,,1.0
06043E86,Passive13_0054,Source/Game/pass13.c,table,high,0.94,1.0,1.0
06043EC6,Passive13_0055,Source/Game/pass13.c,table,high,0.96,1.0,1.0
06043F14,Passive13_0056,Source/Game/pass13.c,table,high,0.79,1.0,1.0
06043F6E,Passive13_0057,Source/Game/pass13.c,table,high,1.0,1.0,1.0
06043FB0,Passive13_0058,Source/Game/pass13.c,table,high,0.64,,1.0
06043FD0,Passive13_0059,Source/Game/pass13.c,table,high,0.7,,1.0
06043FFE,Passive13_0060,Source/Game/pass13.c,table,high,0.56,,1.0
0604401C,Passive13_0061,Source/Game/pass13.c,table,high,0.62,,1.0
0604407A,Passive13_0062,Source/Game/pass13.c,table,high,0.98,,1.0
060440C0,Passive13_0063,Source/Game/pass13.c,table,high,0.96,,1.0
060440F2,Passive13_0064,Source/Game/pass13.c,table,high,0.72,,1.0
06044114,Passive13_0065,Source/Game/pass13.c,table,high,0.7,,1.0
06044164,Passive13_0066,Source/Game/pass13.c,table,high,0.96,,1.0
060441A6,Passive13_0067,Source/Game/pass13.c,table,high,0.96,,1.0
060441D8,Passive13_0068,Source/Game/pass13.c,table,high,0.99,,1.0
06044216,Passive13_0069,Source/Game/pass13.c,table,high,0.98,,1.0
06044268,Passive13_0070,Source/Game/pass13.c,table,high,0.98,,1.0
060442B6,Passive13_0071,Source/Game/pass13.c,table,high,0.52,,0.89
0604430E,Passive13_0072,Source/Game/pass13.c,table,high,0.93,,1.0
06044358,Passive13_0073,Source/Game/pass13.c,table,high,0.46,1.0,0.86
060443D6,Passive13_0074,Source/Game/pass13.c,table,medium,0.25,,0.67
0604441C,Passive13_0075,Source/Game/pass13.c,table,high,0.5,,0.86
06044488,Passive13_0076,Source/Game/pass13.c,table,high,0.59,1.0,0.91
0604450C,Passive13_0077,Source/Game/pass13.c,table,high,1.0,1.0,1.0
0604458C,Passive13_0078,Source/Game/pass13.c,table,high,0.32,1.0,0.75
060445F8,Passive13_0079,Source/Game/pass13.c,table,high,1.0,1.0,1.0
0604464A,Passive13_0080,Source/Game/pass13.c,table,high,0.47,1.0,0.86
060446C6,Passive13_0081,Source/Game/pass13.c,table,high,0.53,1.0,0.86
06044720,Passive13_0082,Source/Game/pass13.c,table,high,1.0,1.0,1.0
06044798,Passive13_0083,Source/Game/pass13.c,table,high,0.56,1.0,0.89
0604480C,Passive13_0084,Source/Game/pass13.c,table,high,0.56,1.0,0.89
060448A8,Passive13_0085,Source/Game/pass13.c,table,high,0.97,,1.0
060448E6,Passive13_0086,Source/Game/pass13.c,table,high,1.0,,1.0
0604495E,Passive13_0087,Source/Game/pass13.c,table,high,0.99,,1.0
060449EE,Passive13_0088,Source/Game/pass13.c,table,high,0.8,1.0,1.0
06044AC4,Passive13_0089,Source/Game/pass13.c,table,high,0.96,,1.0
06044AF6,Passive13_0090,Source/Game/pass13.c,table,high,0.96,,1.0
06044B28,Passive13_0091,Source/Game/pass13.c,table,high,0.96,,1.0
06044B8C,Passive13_0092,Source/Game/pass13.c,table,high,1.0,,1.0
06044BDA,Passive13_0093,Source/Game/pass13.c,table,high,0.2,,0.8
06044BFE,Passive13_0094,Source/Game/pass13.c,table,high,1.0,,1.0
06044C38,Passive13_0095,Source/Game/pass13.c,table,high,1.0,,1.0
06044CAC,Passive13_0096,Source/Game/pass13.c,table,high,0.97,,1.0
06044CF0,Passive13_0097,Source/Game/pass13.c,table,high,0.99,1.0,1.0
06044D44,Passive13_0098,Source/Game/pass13.c,table,high,0.54,,0.91
06044DE2,Passive13_0099,Source/Game/pass13.c,table,high,0.5,,0.86
06044E2C,Passive13_0100,Source/Game/pass13.c,table,high,0.94,,1.0
06044E6C,Passive13_0101,Source/Game/pass13.c,table,high,0.99,,1.0
06044EB4,Passive13_0102,Source/Game/pass13.c,table,high,1.0,,1.0
06044F02,Passive13_0103,Source/Game/pass13.c,table,high,0.72,,1.0
06044F3E,Passive13_0104,Source/Game/pass13.c,table,high,0.64,,1.0
06044F5E,Passive13_0105,Source/Game/pass13.c,table,high,0.93,,1.0
06044FE4,Passive13_0106,Source/Game/pass13.c,table,high,0.72,,1.0
06045020,Passive13_0107,Source/Game/pass13.c,table,high,0.51,,0.89
06045076,Passive13_0108,Source/Game/pass13.c,table,high,0.64,1.0,1.0
06045096,Passive13_0109,Source/Game/pass13.c,table,high,0.49,,0.89
0604512C,Passive13_0110,Source/Game/pass13.c,table,high,1.0,,1.0
0604518A,Passive13_0111,Source/Game/pass13.c,table,high,0.98,1.0,1.0
060451DC,Passive13_0112,Source/Game/pass13.c,table,high,1.0,,1.0
06045246,Passive13_0113,Source/Game/pass13.c,table,high,0.98,,1.0
06045320,Passive13_0114,Source/Game/pass13.c,table,high,0.56,,0.89
0604538A,Passive13_0115,Source/Game/pass13.c,table,high,0.61,,0.92
06045416,Passive13_0116,Source/Game/pass13.c,table,high,0.67,1.0,1.0
0604547A,Passive13_0117,Source/Game/pass13.c,table,high,1.0,1.0,1.0
060454BC,Passive13_0118,Source/Game/pass13.c,table,high,1.0,1.0,1.0
060454FE,Passive13_0119,Source/Game/pass13.c,table,high,1.0,1.0,1.0
06045540,Passive13_0120,Source/Game/pass13.c,table,high,0.84,1.0,1.0
06045596,Passive13_0121,Source/Game/pass13.c,table,high,1.0,1.0,1.0
060455D8,Passive13_0122,Source/Game/pass13.c,table,high,0.97,,1.0
0604561C,Passive13_0123,Source/Game/pass13.c,table,high,0.59,,0.91
0604569E,Passive13_0124,Source/Game/pass13.c,table,high,0.54,,0.91
06045700,Passive13_0125,Source/Game/pass13.c,table,high,0.72,,1.0
0604573C,Passive13_0126,Source/Game/pass13.c,table,high,0.64,,1.0
06045780,Passive13_0127,Source/Game/pass13.c,table,high,0.72,1.0,1.0
060457BC,Passive13_0128,Source/Game/pass13.c,table,high,0.5,,0.86
06045806,Passive13_0129,Source/Game/pass13.c,table,high,0.72,,1.0
06045828,Passive13_0130,Source/Game/pass13.c,table,high,1.0,,1.0
0604589A,Passive13_0131,Source/Game/pass13.c,table,high,0.94,1.0,1.0
060458EE,Passive13_0132,Source/Game/pass13.c,table,high,1.0,,1.0
06045938,Passive13_0133,Source/Game/pass13.c,table,high,0.98,,1.0
06045990,Passive13_0134,Source/Game/pass13.c,table,high,0.99,,1.0
060459F8,Passive13_0135,Source/Game/pass13.c,table,high,0.56,,1.0
06045A16,Passive13_0136,Source/Game/pass13.c,table,high,0.99,1.0,1.0
06045A6A,Passive13_0137,Source/Game/pass13.c,table,medium,0.31,,0.75
06045AF8,Passive13_0138,Source/Game/pass13.c,table,medium,0.31,,0.75
06045B5E,Passive13_0139,Source/Game/pass13.c,table,high,1.0,,1.0
06045BD2,Passive13_0140,Source/Game/pass13.c,table,high,0.81,1.0,1.0
06045C22,Passive13_0141,Source/Game/pass13.c,table,high,0.96,,1.0
06045C54,Passive13_0142,Source/Game/pass13.c,table,high,0.96,,1.0
06045C86,Passive13_0143,Source/Game/pass13.c,table,high,0.96,,1.0
06045CB8,Passive13_0144,Source/Game/pass13.c,table,high,0.99,1.0,1.0
06045CEE,Passive13_0145,Source/Game/pass13.c,table,high,0.81,,1.0
06045D3E,Passive13_0146,Source/Game/pass13.c,table,high,0.96,,1.0
06045D70,Passive13_0147,Source/Game/pass13.c,table,high,0.96,,1.0
06045DA2,Passive13_0148,Source/Game/pass13.c,table,high,0.56,,1.0
06045DC0,Passive13_0149,Source/Game/pass13.c,table,high,1.0,1.0,1.0
06045E02,Passive13_0150,Source/Game/pass13.c,table,high,0.72,,1.0
06045E48,Passive13_0151,Source/Game/pass13.c,table,high,0.96,,1.0
06045E8A,Passive13_0152,Source/Game/pass13.c,table,high,1.0,,1.0
06045EE2,Passive13_0153,Source/Game/pass13.c,table,high,1.0,1.0,1.0
06045F78,Passive13_0154,Source/Game/pass13.c,table,medium,0.23,,0.73
06046008,Passive13_0155,Source/Game/pass13.c,table,high,0.98,,1.0
0604604E,Passive13_0156,Source/Game/pass13.c,table,high,0.8,,1.0
060460D4,Passive13_0157,Source/Game/pass13.c,table,high,0.72,,1.0
060460F6,Passive13_0158,Source/Game/pass13.c,table,high,0.64,,1.0
06046116,Passive13_0159,Source/Game/pass13.c,table,high,0.64,,1.0
06046136,Passive13_0160,Source/Game/pass13.c,table,high,0.72,,1.0
06046158,Passive13_0161,Source/Game/pass13.c,table,high,0.72,,1.0
0604617A,Passive13_0162,Source/Game/pass13.c,table,high,0.72,,1.0
060461BC,Passive13_0163,Source/Game/pass13.c,table,high,0.7,,1.0
06046214,Passive14_0000,Source/Game/pass14.c,table,high,0.92,,1.0
06046248,Passive14_0001,Source/Game/pass14.c,table,high,0.64,,1.0
06046270,Passive14_0002,Source/Game/pass14.c,table,high,0.98,,1.0
060462C2,Passive14_0003,Source/Game/pass14.c,table,high,0.98,1.0,1.0
06046314,Passive14_0004,Source/Game/pass14.c,table,high,0.72,1.0,1.0
0604639A,Passive14_0005,Source/Game/pass14.c,table,high,0.99,,1.0
060463EE,Passive14_0006,Source/Game/pass14.c,table,high,0.99,,1.0
06046442,Passive14_0007,Source/Game/pass14.c,table,high,0.89,,1.0
060464B4,Passive14_0008,Source/Game/pass14.c,table,high,0.94,,1.0
060464F4,Passive14_0009,Source/Game/pass14.c,table,high,0.98,,1.0
0604655C,Passive14_0010,Source/Game/pass14.c,table,high,0.99,,1.0
060465DA,Passive14_0011,Source/Game/pass14.c,table,high,1.0,,1.0
0604669C,Passive14_0012,Source/Game/pass14.c,table,high,0.99,,1.0
060466F6,Passive14_0013,Source/Game/pass14.c,table,high,1.0,1.0,1.0
06046742,Passive14_0014,Source/Game/pass14.c,table,high,1.0,,1.0
0604678E,Passive14_0015,Source/Game/pass14.c,table,high,0.81,,1.0
0604680A,Passive14_0016,Source/Game/pass14.c,table,high,0.98,,1.0
060468EC,Passive14_0017,Source/Game/pass14.c,table,high,1.0,,1.0
06046976,Passive14_0018,Source/Game/pass14.c,table,high,0.98,,1.0
060469DE,Passive14_0019,Source/Game/pass14.c,table,high,1.0,,1.0
06046A4C,Passive14_0020,Source/Game/pass14.c,table,high,0.98,,1.0
06046A9E,Passive14_0021,Source/Game/pass14.c,table,high,0.82,,1.0
06046B22,Passive14_0022,Source/Game/pass14.c,table,high,1.0,,1.0
06046B6E,Passive14_0023,Source/Game/pass14.c,table,high,1.0,,1.0
06046C00,Passive14_0024,Source/Game/pass14.c,table,high,1.0,,1.0
06046C8A,Passive14_0025,Source/Game/pass14.c,table,high,0.86,,1.0
06046D22,Passive14_0026,Source/Game/pass14.c,table,high,1.0,,1.0
06046D92,Passive14_0027,Source/Game/pass14.c,table,high,0.98,,1.0
06046E1C,Passive14_0028,Source/Game/pass14.c,table,high,0.97,,1.0
06046EC4,Passive14_0029,Source/Game/pass14.c,table,high,0.78,,1.0
06046F96,Passive14_0030,Source/Game/pass14.c,table,high,0.98,,1.0
06047078,Passive14_0031,Source/Game/pass14.c,table,high,1.0,,1.0
060470FC,Passive14_0032,Source/Game/pass14.c,table,high,0.98,,1.0
0604718C,Passive14_0033,Source/Game/pass14.c,table,high,1.0,,1.0
06047210,Passive14_0034,Source/Game/pass14.c,table,high,0.98,,1.0
060472D0,Passive14_0035,Source/Game/pass14.c,table,low,0.02,,0.17
060473A0,Passive14_0036,Source/Game/pass14.c,table,high,0.99,,1.0
060473E8,Passive14_0037,Source/Game/pass14.c,table,high,1.0,,1.0
0604744A,Passive14_0038,Source/Game/pass14.c,table,high,0.99,,1.0
06047492,Passive14_0039,Source/Game/pass14.c,table,high,1.0,,1.0
060474F4,Passive14_0040,Source/Game/pass14.c,table,high,0.72,,1.0
0604757A,Passive14_0041,Source/Game/pass14.c,table,high,0.98,,1.0
060475E2,Passive14_0042,Source/Game/pass14.c,table,high,0.48,,0.8
06047624,Passive14_0043,Source/Game/pass14.c,table,high,0.65,,1.0
0604768A,Passive14_0044,Source/Game/pass14.c,table,high,1.0,,1.0
060476CC,Passive14_0045,Source/Game/pass14.c,table,high,1.0,,1.0
0604776C,Passive14_0046,Source/Game/pass14.c,table,high,0.99,,1.0
060477FE,Passive14_0047,Source/Game/pass14.c,table,high,0.82,,1.0
060478B6,Passive14_0048,Source/Game/pass14.c,table,high,1.0,,1.0
060478F8,Passive14_0049,Source/Game/pass14.c,table,high,0.97,,1.0
0604793C,Passive14_0050,Source/Game/pass14.c,table,high,0.65,,1.0
060479B6,Passive14_0051,Source/Game/pass14.c,table,high,1.0,,1.0
06047A12,Passive14_0052,Source/Game/pass14.c,table,high,0.64,,1.0
06047A3E,Passive14_0053,Source/Game/pass14.c,table,high,0.56,,1.0
06047A5C,Passive14_0054,Source/Game/pass14.c,table,high,0.64,,1.0
06047A7C,Passive14_0055,Source/Game/pass14.c,table,high,0.64,,1.0
06047AC4,Passive14_0056,Source/Game/pass14.c,table,high,0.64,,1.0
06047AF0,Passive14_0057,Source/Game/pass14.c,table,high,0.7,,1.0
06047B1E,Passive14_0058,Source/Game/pass14.c,table,high,0.64,,1.0
06047B4A,Passive14_0059,Source/Game/pass14.c,table,high,0.7,,1.0
06047B78,Passive14_0060,Source/Game/pass14.c,table,high,0.64,,1.0
06047BC0,Passive14_0061,Source/Game/pass14.c,table,high,0.64,,1.0
06047BEC,Passive14_0062,Source/Game/pass14.c,table,high,0.96,,1.0
06047C3A,Passive14_0063,Source/Game/pass14.c,table,high,0.73,,1.0
06047C72,Passive14_0064,Source/Game/pass14.c,table,high,0.64,,1.0
06047CC0,Passive14_0065,Source/Game/pass14.c,table,high,0.64,,1.0
06047CEC,Passive14_0066,Source/Game/pass14.c,table,high,0.96,,1.0
06047D3A,Passive14_0067,Source/Game/pass14.c,table,high,0.64,,1.0
06047D66,Passive14_0068,Source/Game/pass14.c,table,high,0.91,,1.0
06047DFE,Passive14_0069,Source/Game/pass14.c,table,high,0.98,,1.0
06047E54,Passive14_0070,Source/Game/pass14.c,table,high,0.98,,1.0
06047ED4,Passive14_0071,Source/Game/pass14.c,table,high,0.64,,1.0
06047F0C,Passive14_0072,Source/Game/pass14.c,table,high,0.69,,1.0
06047F46,Passive14_0073,Source/Game/pass14.c,table,high,0.98,,1.0
06047FC0,Passive14_0074,Source/Game/pass14.c,table,high,0.98,,1.0
06048016,Passive14_0075,Source/Game/pass14.c,table,high,0.98,,1.0
0604806C,Passive14_0076,Source/Game/pass14.c,table,high,0.98,,1.0
060480C2,Passive14_0077,Source/Game/pass14.c,table,high,0.94,1.0,1.0
06048152,Passive14_0078,Source/Game/pass14.c,table,high,0.73,,1.0
0604818A,Passive14_0079,Source/Game/pass14.c,table,high,0.96,,1.0
060481BC,Passive14_0080,Source/Game/pass14.c,table,high,0.43,,0.8
06048228,Passive14_0081,Source/Game/pass14.c,table,high,1.0,1.0,1.0
060482B0,Passive14_0082,Source/Game/pass14.c,table,high,0.86,1.0,1.0
06048360,Passive14_0083,Source/Game/pass14.c,table,high,1.0,1.0,1.0
060483E8,Passive14_0084,Source/Game/pass14.c,table,high,0.88,1.0,1.0
06048496,Passive14_0085,Source/Game/pass14.c,table,high,0.98,,1.0
060484F8,Passive14_0086,Source/Game/pass14.c,table,high,0.32,,0.8
06048550,Passive14_0087,Source/Game/pass14.c,table,high,0.94,,1.0
06048590,Passive14_0088,Source/Game/pass14.c,table,high,0.94,,1.0
060485D0,Passive14_0089,Source/Game/pass14.c,table,high,0.94,,1.0
06048610,Passive14_0090,Source/Game/pass14.c,table,high,0.96,,1.0
06048668,Passive14_0091,Source/Game/pass14.c,table,high,0.98,,1.0
060486BE,Passive14_0092,Source/Game/pass14.c,table,high,0.98,,1.0
06048714,Passive14_0093,Source/Game/pass14.c,table,high,0.96,,1.0
06048782,Passive14_0094,Source/Game/pass14.c,table,medium,0.3,,0.75
060487DC,Passive14_0095,Source/Game/pass14.c,table,high,0.56,,0.91
06048868,Passive14_0096,Source/Game/pass14.c,table,high,0.56,,0.91
060488D4,Passive14_0097,Source/Game/pass14.c,table,high,0.99,,1.0
0604891C,Passive14_0098,Source/Game/pass14.c,table,high,0.32,,0.8
06048970,Passive14_0099,Source/Game/pass14.c,table,high,0.32,,0.8
0604899C,Passive14_0100,Source/Game/pass14.c,table,high,0.32,,0.8
060489C8,Passive14_0101,Source/Game/pass14.c,table,medium,0.25,,0.67
06048A0E,Passive14_0102,Source/Game/pass14.c,table,high,0.53,,0.86
06048A6E,Passive14_0103,Source/Game/pass14.c,table,high,0.5,,0.86
06048AB8,Passive14_0104,Source/Game/pass14.c,table,high,0.56,,0.91
06048B40,Passive14_0105,Source/Game/pass14.c,table,high,0.48,,0.8
06048B82,Passive14_0106,Source/Game/pass14.c,table,high,0.48,,0.8
06048BC4,Passive14_0107,Source/Game/pass14.c,table,high,0.56,,1.0
06048BE2,Passive14_0108,Source/Game/pass14.c,table,high,0.64,,1.0
06048C0E,Passive14_0109,Source/Game/pass14.c,table,high,0.64,,1.0
06048C3A,Passive14_0110,Source/Game/pass14.c,table,high,1.0,,1.0
06048C7E,Passive14_0111,Source/Game/pass14.c,table,high,0.64,,1.0
06048CAA,Passive14_0112,Source/Game/pass14.c,table,high,0.96,,1.0
06048CF8,Passive14_0113,Source/Game/pass14.c,table,high,1.0,,1.0
06048D42,Passive14_0114,Source/Game/pass14.c,table,high,0.72,,1.0
06048DAC,Passive14_0115,Source/Game/pass14.c,table,high,1.0,,1.0
06048DF6,Passive14_0116,Source/Game/pass14.c,table,high,1.0,,1.0
06048E40,Passive14_0117,Source/Game/pass14.c,table,high,1.0,,1.0
06048E9C,Passive14_0118,Source/Game/pass14.c,table,high,1.0,,1.0
06048EE6,Passive14_0119,Source/Game/pass14.c,table,high,1.0,,1.0
06048F30,Passive14_0120,Source/Game/pass14.c,table,high,1.0,,1.0
06048F7A,Passive14_0121,Source/Game/pass14.c,table,high,0.87,,1.0
06048FD6,Passive14_0122,Source/Game/pass14.c,table,high,1.0,1.0,1.0
06049010,Passive14_0123,Source/Game/pass14.c,table,high,1.0,1.0,1.0
0604904A,Passive14_0124,Source/Game/pass14.c,table,high,1.0,,1.0
06049084,Passive14_0125,Source/Game/pass14.c,table,high,1.0,,1.0
060490D8,Passive14_0126,Source/Game/pass14.c,table,high,1.0,1.0,1.0
0604912C,Passive14_0127,Source/Game/pass14.c,table,high,0.99,,1.0
06049174,Passive14_0128,Source/Game/pass14.c,table,high,0.99,1.0,1.0
060491BC,Passive14_0129,Source/Game/pass14.c,table,high,1.0,,1.0
06049204,Passive14_0130,Source/Game/pass14.c,table,high,0.7,,1.0
06049232,Passive14_0131,Source/Game/pass14.c,table,high,1.0,,1.0
0604926A,Passive14_0132,Source/Game/pass14.c,table,high,0.96,,1.0
0604929C,Passive14_0133,Source/Game/pass14.c,table,high,0.96,,1.0
060492CE,Passive14_0134,Source/Game/pass14.c,table,high,0.78,,1.0
06049320,Passive14_0135,Source/Game/pass14.c,table,high,0.96,,1.0
06049352,Passive14_0136,Source/Game/pass14.c,table,high,0.96,,1.0
06049384,Passive14_0137,Source/Game/pass14.c,table,high,0.96,,1.0
060493B6,Passive14_0138,Source/Game/pass14.c,table,high,1.0,1.0,1.0
060493F0,Passive14_0139,Source/Game/pass14.c,table,high,0.7,1.0,1.0
06049448,Passive14_0140,Source/Game/pass14.c,table,high,0.99,,1.0
06049490,Passive14_0141,Source/Game/pass14.c,table,high,0.99,,1.0
060494D8,Passive14_0142,Source/Game/pass14.c,table,high,0.99,,1.0
06049520,Passive14_0143,Source/Game/pass14.c,table,high,0.89,1.0,1.0
0604958A,Passive14_0144,Source/Game/pass14.c,table,high,0.96,,1.0
060495BC,Passive14_0145,Source/Game/pass14.c,table,high,1.0,,1.0
0604960E,Passive14_0146,Source/Game/pass14.c,table,high,1.0,,1.0
06049690,Passive14_0147,Source/Game/pass14.c,table,low,0.02,,0.17
06049732,Passive14_0148,Source/Game/pass14.c,table,high,1.0,1.0,1.0
06049788,Passive14_0149,Source/Game/pass14.c,table,high,1.0,1.0,1.0
060497C2,Passive14_0150,Source/Game/pass14.c,table,high,0.73,,1.0
06049834,Passive14_0151,Source/Game/pass14.c,table,high,1.0,,1.0
060498BC,Passive14_0152,Source/Game/pass14.c,table,high,0.72,1.0,1.0
06049986,Passive14_0153,Source/Game/pass14.c,table,high,0.72,,1.0
060499A8,Passive14_0154,Source/Game/pass14.c,table,high,0.97,,1.0
060499EC,Passive14_0155,Source/Game/pass14.c,table,high,0.76,,1.0
06049A9C,Passive14_0156,Source/Game/pass14.c,table,high,0.99,,1.0
06049B64,Passive14_0157,Source/Game/pass14.c,table,high,1.0,,1.0
06049BDA,Passive14_0158,Source/Game/pass14.c,table,high,0.81,,1.0
06049CAE,Passive14_0159,Source/Game/pass14.c,table,high,1.0,,1.0
06049D16,Passive14_0160,Source/Game/pass14.c,table,high,0.84,,1.0
06049DCA,Passive14_0161,Source/Game/pass14.c,table,high,1.0,,1.0
06049E32,Passive14_0162,Source/Game/pass14.c,table,high,0.84,,1.0
06049EE6,Passive14_0163,Source/Game/pass14.c,table,high,0.96,,1.0
06049F18,Passive14_0164,Source/Game/pass14.c,table,high,1.0,1.0,1.0
06049FC0,Passive14_0165,Source/Game/pass14.c,table,high,0.99,1.0,1.0
0604A02C,Passive14_0166,Source/Game/pass14.c,table,high,1.0,1.0,1.0
0604A07C,Passive14_0167,Source/Game/pass14.c,table,high,0.55,,0.91
0604A120,Passive14_0168,Source/Game/pass14.c,table,high,0.52,,0.93
0604A1F4,Passive14_0169,Source/Game/pass14.c,table,high,1.0,,1.0
0604A288,Passive14_0170,Source/Game/pass14.c,table,high,0.76,1.0,1.0
0604A354,Passive14_0171,Source/Game/pass14.c,table,high,1.0,,1.0
0604A418,Passive14_0172,Source/Game/pass14.c,table,high,0.56,,0.89
0604A48A,Passive14_0173,Source/Game/pass14.c,table,high,0.53,,0.92
0604A542,Passive14_0174,Source/Game/pass14.c,table,high,1.0,,1.0
0604A5C8,Passive14_0175,Source/Game/pass14.c,table,high,0.85,1.0,1.0
0604A684,Passive14_0176,Source/Game/pass14.c,table,high,1.0,,1.0
0604A70A,Passive14_0177,Source/Game/pass14.c,table,high,0.5,,1.0
0604A772,Passive14_0178,Source/Game/pass14.c,table,high,0.56,,0.89
0604A7E4,Passive14_0179,Source/Game/pass14.c,table,high,0.52,,0.92
0604A8A0,Passive14_0180,Source/Game/pass14.c,table,high,1.0,,1.0
0604A958,Passive14_0181,Source/Game/pass14.c,table,high,1.0,1.0,1.0
0604A9E6,Passive14_0182,Source/Game/pass14.c,table,high,0.77,,1.0
0604AA9E,Passive14_0183,Source/Game/pass14.c,table,high,1.0,1.0,1.0
0604AB2C,Passive14_0184,Source/Game/pass14.c,table,high,0.8,,1.0
0604ABC4,Passive14_0185,Source/Game/pass14.c,table,high,1.0,,1.0
0604AC4E,Passive14_0186,Source/Game/pass14.c,table,high,1.0,1.0,1.0
0604ACD0,Passive14_0187,Source/Game/pass14.c,table,high,1.0,,1.0
0604AD38,Passive14_0188,Source/Game/pass14.c,table,high,1.0,,1.0
0604ADE8,Passive14_0189,Source/Game/pass14.c,table,high,1.0,,1.0
0604AE6E,Passive14_0190,Source/Game/pass14.c,table,high,1.0,1.0,1.0
0604AEE8,Passive14_0191,Source/Game/pass14.c,table,high,1.0,1.0,1.0
0604AF76,Passive14_0192,Source/Game/pass14.c,table,high,0.53,1.0,0.93
0604B03C,Passive14_0193,Source/Game/pass14.c,table,high,1.0,1.0,1.0
0604B086,Passive14_0194,Source/Game/pass14.c,table,high,1.0,1.0,1.0
0604B0C2,Passive14_0195,Source/Game/pass14.c,table,high,0.36,1.0,1.0
0604B138,Passive14_0196,Source/Game/pass14.c,table,high,1.0,1.0,1.0
0604B174,Passive14_0197,Source/Game/pass14.c,table,high,0.77,,1.0
0604B26C,Passive14_0198,Source/Game/pass14.c,table,high,0.64,,1.0
0604B28C,Passive14_0199,Source/Game/pass14.c,table,high,0.96,,1.0
0604B2F0,Passive14_0200,Source/Game/pass14.c,table,high,0.73,,1.0
0604B388,Passive14_0201,Source/Game/pass14.c,table,high,1.0,,1.0
0604B3F2,Passive14_0202,Source/Game/pass14.c,table,high,0.87,,1.0
0604B478,Passive14_0203,Source/Game/pass14.c,table,high,1.0,,1.0
0604B4E2,Passive14_0204,Source/Game/pass14.c,table,high,1.0,,1.0
0604B532,Passive14_0205,Source/Game/pass14.c,table,high,0.86,,1.0
0604B5A0,Passive14_0206,Source/Game/pass14.c,table,high,1.0,,1.0
0604B5F0,Passive14_0207,Source/Game/pass14.c,table,high,1.0,,1.0
0604B640,Passive14_0208,Source/Game/pass14.c,table,high,0.79,1.0,1.0
0604B6DA,Passive14_0209,Source/Game/pass14.c,table,high,0.99,,1.0
0604B750,Passive14_0210,Source/Game/pass14.c,table,high,0.99,1.0,1.0
0604B7E8,Passive14_0211,Source/Game/pass14.c,table,high,0.99,,1.0
0604B85E,Passive14_0212,Source/Game/pass14.c,table,high,1.0,1.0,1.0
0604B8AE,Passive14_0213,Source/Game/pass14.c,table,high,0.69,,1.0
0604B92E,Passive14_0214,Source/Game/pass14.c,table,high,1.0,,1.0
0604B982,Passive14_0215,Source/Game/pass14.c,table,high,1.0,,1.0
0604B9D6,Passive14_0216,Source/Game/pass14.c,table,high,1.0,,1.0
0604BA2A,Passive14_0217,Source/Game/pass14.c,table,high,0.85,,1.0
0604BACC,Passive14_0218,Source/Game/pass14.c,table,high,0.99,,1.0
0604BB50,Passive14_0219,Source/Game/pass14.c,table,high,0.84,,1.0
0604BBF4,Passive14_0220,Source/Game/pass14.c,table,high,0.99,,1.0
0604BC78,Passive14_0221,Source/Game/pass14.c,table,high,0.91,1.0,1.0
0604BD20,Passive14_0222,Source/Game/pass14.c,table,high,1.0,1.0,1.0
0604BDD0,Passive14_0223,Source/Game/pass14.c,table,high,1.0,1.0,1.0
0604BE58,Passive14_0224,Source/Game/pass14.c,table,high,0.86,1.0,1.0
0604BF08,Passive14_0225,Source/Game/pass14.c,table,high,1.0,,1.0
0604BF80,Passive14_0226,Source/Game/pass14.c,table,high,1.0,,1.0
0604BFF8,Passive14_0227,Source/Game/pass14.c,table,high,1.0,,1.0
0604C070,Passive14_0228,Source/Game/pass14.c,table,high,0.93,,1.0
0604C104,Passive14_0229,Source/Game/pass14.c,table,high,1.0,,1.0
0604C17C,Passive14_0230,Source/Game/pass14.c,table,high,0.99,,1.0
0604C226,Passive14_0231,Source/Game/pass14.c,table,high,0.8,,1.0
0604C306,Passive14_0232,Source/Game/pass14.c,table,high,0.59,,1.0
0604C330,Passive14_0233,Source/Game/pass14.c,table,high,0.59,,1.0
0604C35A,Passive14_0234,Source/Game/pass14.c,table,high,0.84,,1.0
0604C3F4,Passive14_0235,Source/Game/pass14.c,table,high,1.0,,1.0
0604C456,Passive14_0236,Source/Game/pass14.c,table,high,0.72,1.0,1.0
0604C520,Passive14_0237,Source/Game/pass14.c,table,high,1.0,,1.0
0604C56C,Passive14_0238,Source/Game/pass14.c,table,high,0.5,,0.86
0604C5B6,Passive14_0239,Source/Game/pass14.c,table,high,0.56,,1.0
0604C600,Passive14_0240,Source/Game/pass14.c,table,high,1.0,1.0,1.0
0604C64A,Passive14_0241,Source/Game/pass14.c,table,high,1.0,1.0,1.0
0604C700,Passive14_0242,Source/Game/pass14.c,table,high,1.0,1.0,1.0
0604C77A,Passive14_0243,Source/Game/pass14.c,table,high,1.0,,1.0
0604C7B4,Passive14_0244,Source/Game/pass14.c,table,high,0.86,,1.0
0604C864,Passive14_0245,Source/Game/pass14.c,table,high,1.0,,1.0
0604C8EA,Passive14_0246,Source/Game/pass14.c,table,high,0.91,,1.0
0604C992,Passive14_0247,Source/Game/pass14.c,table,high,1.0,,1.0
0604CA18,Passive14_0248,Source/Game/pass14.c,table,high,0.59,1.0,1.0
0604CA78,Passive14_0249,Source/Game/pass14.c,table,high,0.94,,1.0
0604CAB8,Passive14_0250,Source/Game/pass14.c,table,high,1.0,,1.0
0604CAF2,Passive14_0251,Source/Game/pass14.c,table,high,0.99,1.0,1.0
0604CB60,Passive14_0252,Source/Game/pass14.c,table,high,0.99,1.0,1.0
0604D078,Catch_00000,Source/Game/PLPCA.c,table,low,0.0,,0.0
0604D0D2,Catch_01000,Source/Game/PLPCA.c,table,low,0.94,,0.0
0604D11E,Catch_02000,Source/Game/PLPCA.c,table,low,0.99,,0.0
0604D16A,Catch_03000,Source/Game/PLPCA.c,table,low,0.81,,0.0
0604D1E6,Catch_04000,Source/Game/PLPCA.c,table,low,0.48,,0.0
0604D2C8,Catch_05000,Source/Game/PLPCA.c,table,low,0.18,,0.0
0604D352,Catch_06000,Source/Game/PLPCA.c,table,low,0.92,,0.0
0604D3BA,Catch_07000,Source/Game/PLPCA.c,table,low,0.01,,0.0
0604D428,Catch_08000,Source/Game/PLPCA.c,table,low,0.53,,0.0
06053478,Passive16_0000,Source/Game/pass16.c,table,high,0.92,,1.0
060534AC,Passive16_0001,Source/Game/pass16.c,table,high,0.64,,1.0
060534D4,Passive16_0002,Source/Game/pass16.c,table,high,1.0,,1.0
0605353E,Passive16_0003,Source/Game/pass16.c,table,high,0.56,,1.0
06053594,Passive16_0004,Source/Game/pass16.c,table,high,0.96,,1.0
060535D6,Passive16_0005,Source/Game/pass16.c,table,high,0.56,,1.0
060535F4,Passive16_0006,Source/Game/pass16.c,table,high,0.97,,1.0
06053638,Passive16_0007,Source/Game/pass16.c,table,high,0.94,,1.0
06053678,Passive16_0008,Source/Game/pass16.c,table,medium,0.28,,0.67
060536CA,Passive16_0009,Source/Game/pass16.c,table,high,0.96,,1.0
060536FC,Passive16_0010,Source/Game/pass16.c,table,high,0.96,,1.0
0605372E,Passive16_0011,Source/Game/pass16.c,table,high,1.0,,1.0
06053770,Passive16_0012,Source/Game/pass16.c,table,high,0.64,,1.0
06053790,Passive16_0013,Source/Game/pass16.c,table,high,0.85,,1.0
060537F6,Passive16_0014,Source/Game/pass16.c,table,high,0.44,,0.8
0605382C,Passive16_0015,Source/Game/pass16.c,table,high,0.64,,1.0
0605384C,Passive16_0016,Source/Game/pass16.c,table,high,0.96,,1.0
060538D8,Passive16_0017,Source/Game/pass16.c,table,medium,0.26,,0.75
06053926,Passive16_0018,Source/Game/pass16.c,table,high,0.99,,0.86
0605399E,Passive16_0019,Source/Game/pass16.c,table,high,0.79,,1.0
060539E6,Passive16_0020,Source/Game/pass16.c,table,high,0.64,,1.0
06053A06,Passive16_0021,Source/Game/pass16.c,table,high,0.94,,1.0
06053A46,Passive16_0022,Source/Game/pass16.c,table,high,0.31,,0.8
06053AD4,Passive16_0023,Source/Game/pass16.c,table,high,1.0,,1.0
06053B34,Passive16_0024,Source/Game/pass16.c,table,high,0.7,,1.0
06053BB0,Passive16_0025,Source/Game/pass16.c,table,high,0.28,,0.86
06053C08,Passive16_0026,Source/Game/pass16.c,table,high,0.97,,1.0
06053C4C,Passive16_0027,Source/Game/pass16.c,table,high,0.94,,1.0
06053CBC,Passive16_0028,Source/Game/pass16.c,table,high,0.96,,1.0
06053CEE,Passive16_0029,Source/Game/pass16.c,table,medium,0.08,,0.67
06053D16,Passive16_0030,Source/Game/pass16.c,table,high,0.98,,1.0
06053D5C,Passive16_0031,Source/Game/pass16.c,table,high,0.5,,0.8
06053D8C,Passive16_0032,Source/Game/pass16.c,table,high,0.52,,0.86
06053DFE,Passive16_0033,Source/Game/pass16.c,table,high,1.0,1.0,1.0
06053E36,Passive16_0034,Source/Game/pass16.c,table,high,0.39,,0.86
06053E76,Passive16_0035,Source/Game/pass16.c,table,medium,0.24,,0.67
06053ED8,Passive16_0036,Source/Game/pass16.c,table,high,0.99,,1.0
06053F26,Passive16_0037,Source/Game/pass16.c,table,high,1.0,1.0,1.0
06053F78,Passive16_0038,Source/Game/pass16.c,table,medium,0.21,,0.5
06053FEC,Passive16_0039,Source/Game/pass16.c,table,high,1.0,,1.0
0605403A,Passive16_0040,Source/Game/pass16.c,table,medium,0.31,,0.75
0605409A,Passive16_0041,Source/Game/pass16.c,table,high,0.79,,1.0
06054106,Passive16_0042,Source/Game/pass16.c,table,high,0.96,,1.0
06054138,Passive16_0043,Source/Game/pass16.c,table,high,1.0,,1.0
06054186,Passive16_0044,Source/Game/pass16.c,table,high,0.49,,0.89
060541E4,Passive16_0045,Source/Game/pass16.c,table,medium,0.48,,0.57
06054256,Passive16_0046,Source/Game/pass16.c,table,high,0.64,,1.0
06054276,Passive16_0047,Source/Game/pass16.c,table,high,0.94,,1.0
060542B6,Passive16_0048,Source/Game/pass16.c,table,high,0.29,,0.8
060542E0,Passive16_0049,Source/Game/pass16.c,table,high,0.77,,1.0
0605434E,Passive16_0050,Source/Game/pass16.c,table,high,0.97,,1.0
06054392,Passive16_0051,Source/Game/pass16.c,table,high,0.32,,0.8
060543BE,Passive16_0052,Source/Game/pass16.c,table,high,0.64,,1.0
060543DE,Passive16_0053,Source/Game/pass16.c,table,high,0.57,,0.5
06054400,Passive16_0054,Source/Game/pass16.c,table,high,0.62,,0.5
0605445E,Passive16_0055,Source/Game/pass16.c,table,high,0.96,,0.5
06054490,Passive16_0056,Source/Game/pass16.c,table,high,1.0,,1.0
060544D2,Passive16_0057,Source/Game/pass16.c,table,high,1.0,,1.0
06054514,Passive16_0058,Source/Game/pass16.c,table,high,0.64,,1.0
06054534,Passive16_0059,Source/Game/pass16.c,table,high,0.73,,1.0
0605458A,Passive16_0060,Source/Game/pass16.c,table,high,0.56,,1.0
060545A8,Passive16_0061,Source/Game/pass16.c,table,medium,0.08,,0.67
060545F0,Passive16_0062,Source/Game/pass16.c,table,high,0.64,,0.75
0605462C,Passive16_0063,Source/Game/pass16.c,table,medium,0.28,,0.67
06054690,Passive16_0064,Source/Game/pass16.c,table,high,0.64,,0.5
060546B0,Passive16_0065,Source/Game/pass16.c,table,high,0.99,,0.8
0605471C,Passive16_0066,Source/Game/pass16.c,table,medium,0.42,,0.67
060547AA,Passive16_0067,Source/Game/pass16.c,table,high,0.64,,1.0
060547D6,Passive16_0068,Source/Game/pass16.c,table,high,1.0,,1.0
06054818,Passive16_0069,Source/Game/pass16.c,table,high,0.96,,1.0
0605484A,Passive16_0070,Source/Game/pass16.c,table,high,0.7,,1.0
06054878,Passive16_0071,Source/Game/pass16.c,table,high,0.75,1.0,1.0
060548E8,Passive16_0072,Source/Game/pass16.c,table,high,0.47,,0.91
06054948,Passive16_0073,Source/Game/pass16.c,table,high,0.53,,0.86
06054998,Passive16_0074,Source/Game/pass16.c,table,medium,0.32,,0.75
06054A0E,Passive16_0075,Source/Game/pass16.c,table,high,0.51,,0.91
06054A7A,Passive16_0076,Source/Game/pass16.c,table,medium,0.13,,0.57
06054B2C,Passive16_0077,Source/Game/pass16.c,table,high,1.0,,1.0
06054B7C,Passive16_0078,Source/Game/pass16.c,table,high,0.53,,0.86
06054C00,Passive16_0079,Source/Game/pass16.c,table,high,1.0,,1.0
06054C52,Passive16_0080,Source/Game/pass16.c,table,high,1.0,,1.0
06054CA2,Passive16_0081,Source/Game/pass16.c,table,high,0.53,,0.86
06054D20,Passive16_0082,Source/Game/pass16.c,table,high,1.0,,1.0
06054D70,Passive16_0083,Source/Game/pass16.c,table,medium,0.31,,0.75
06054DD4,Passive16_0084,Source/Game/pass16.c,table,medium,0.32,,0.5
06054E44,Passive16_0085,Source/Game/pass16.c,table,high,0.97,,0.67
06054E82,Passive16_0086,Source/Game/pass16.c,table,high,0.78,,0.83
06054F4A,Passive16_0087,Source/Game/pass16.c,table,high,0.99,,0.83
06054FE2,Passive16_0088,Source/Game/pass16.c,table,high,0.99,,0.83
0605507A,Passive16_0089,Source/Game/pass16.c,table,high,0.96,,1.0
060550AC,Passive16_0090,Source/Game/pass16.c,table,high,0.96,,1.0
060550DE,Passive16_0091,Source/Game/pass16.c,table,high,0.96,,1.0
06055110,Passive16_0092,Source/Game/pass16.c,table,high,0.67,,0.67
06055188,Passive16_0093,Source/Game/pass16.c,table,high,0.29,,0.8
060551B2,Passive16_0094,Source/Game/pass16.c,table,high,0.72,,1.0
060551D4,Passive16_0095,Source/Game/pass16.c,table,high,0.49,,0.86
0605521C,Passive16_0096,Source/Game/pass16.c,table,high,0.81,,1.0
06055286,Passive16_0097,Source/Game/pass16.c,table,high,1.0,1.0,1.0
060552E6,Passive16_0098,Source/Game/pass16.c,table,high,0.84,,1.0
0605538A,Passive16_0099,Source/Game/pass16.c,table,high,1.0,,1.0
060553EA,Passive16_0100,Source/Game/pass16.c,table,high,0.53,,0.91
06055454,Passive16_0101,Source/Game/pass16.c,table,high,0.8,,1.0
060554DA,Passive16_0102,Source/Game/pass16.c,table,high,0.98,,1.0
06055520,Passive16_0103,Source/Game/pass16.c,table,high,0.64,,1.0
06055540,Passive16_0104,Source/Game/pass16.c,table,high,0.79,,0.5
06055572,Passive16_0105,Source/Game/pass16.c,table,high,0.79,,0.5
060555C8,Passive16_0106,Source/Game/pass16.c,table,high,0.79,,0.5
060555FA,Passive16_0107,Source/Game/pass16.c,table,high,0.72,,1.0
06055636,Passive16_0108,Source/Game/pass16.c,table,high,0.64,,1.0
06055656,Passive16_0109,Source/Game/pass16.c,table,high,0.93,,1.0
060556B0,Passive16_0110,Source/Game/pass16.c,table,high,0.72,,1.0
060556EC,Passive16_0111,Source/Game/pass16.c,table,high,1.0,,1.0
0605574E,Passive16_0112,Source/Game/pass16.c,table,high,0.64,,1.0
060557A0,Passive16_0113,Source/Game/pass16.c,table,high,0.99,,1.0
060557E8,Passive16_0114,Source/Game/pass16.c,table,high,1.0,,0.67
06055836,Passive16_0115,Source/Game/pass16.c,table,high,1.0,,1.0
06055878,Passive16_0116,Source/Game/pass16.c,table,high,0.56,,1.0
060558E6,Passive16_0117,Source/Game/pass16.c,table,high,0.96,,1.0
06055918,Passive16_0118,Source/Game/pass16.c,table,high,0.64,,1.0
06055938,Passive16_0119,Source/Game/pass16.c,table,high,1.0,,1.0
060559DC,Passive16_0120,Source/Game/pass16.c,table,high,1.0,,1.0
06055A1E,Passive16_0121,Source/Game/pass16.c,table,high,1.0,,1.0
06055A60,Passive16_0122,Source/Game/pass16.c,table,high,1.0,,1.0
06055AA2,Passive16_0123,Source/Game/pass16.c,table,high,1.0,,1.0
06055AE4,Passive16_0124,Source/Game/pass16.c,table,high,0.91,,1.0
06055B34,Passive16_0125,Source/Game/pass16.c,table,high,1.0,,1.0
06055B76,Passive16_0126,Source/Game/pass16.c,table,high,0.97,,1.0
06055BBA,Passive16_0127,Source/Game/pass16.c,table,medium,0.03,,0.33
06055BDA,Passive16_0128,Source/Game/pass16.c,table,high,0.8,,0.67
06055C3C,Passive16_0129,Source/Game/pass16.c,table,high,0.96,,1.0
06055C6E,Passive16_0130,Source/Game/pass16.c,table,high,0.96,,1.0
06055CA0,Passive16_0131,Source/Game/pass16.c,table,high,0.96,,1.0
06055CD2,Passive16_0132,Source/Game/pass16.c,table,high,0.99,1.0,1.0
06055D08,Passive16_0133,Source/Game/pass16.c,table,high,0.91,,1.0
06055D68,Passive16_0134,Source/Game/pass16.c,table,high,0.96,,1.0
06055D9A,Passive16_0135,Source/Game/pass16.c,table,high,0.8,,0.67
06055DDA,Passive16_0136,Source/Game/pass16.c,table,high,0.8,,0.67
06055E1A,Passive16_0137,Source/Game/pass16.c,table,high,0.81,,1.0
06055E84,Passive16_0138,Source/Game/pass16.c,table,high,0.8,,0.67
06055EC4,Passive16_0139,Source/Game/pass16.c,table,high,0.79,,0.5
06055EF6,Passive16_0140,Source/Game/pass16.c,table,high,0.56,,1.0
06055F14,Passive16_0141,Source/Game/pass16.c,table,high,0.97,,1.0
06055F58,Passive16_0142,Source/Game/pass16.c,table,high,0.76,,1.0
06055FA2,Passive16_0143,Source/Game/pass16.c,table,high,0.99,0.0,1.0
06055FEA,Passive16_0144,Source/Game/pass16.c,table,high,1.0,0.0,1.0
06056048,Passive16_0145,Source/Game/pass16.c,table,high,0.22,0.0,0.8
060560E4,Passive16_0146,Source/Game/pass16.c,table,high,0.35,,0.83
06056154,Passive16_0147,Source/Game/pass16.c,table,high,0.8,1.0,0.67
060561C8,Passive16_0148,Source/Game/pass16.c,table,high,0.64,,1.0
060561F0,Passive16_0149,Source/Game/pass16.c,table,high,1.0,,1.0
06056232,Passive16_0150,Source/Game/pass16.c,table,high,1.0,,1.0
06056284,Passive16_0151,Source/Game/pass16.c,table,high,0.2,,0.8
060562CC,Passive16_0152,Source/Game/pass16.c,table,high,0.49,,0.86
06056314,Passive16_0153,Source/Game/pass16.c,table,high,0.97,,1.0
06056358,Passive16_0154,Source/Game/pass16.c,table,high,0.51,,0.86
060563BC,Passive16_0155,Source/Game/pass16.c,table,high,0.99,,1.0
060563FE,Passive16_0156,Source/Game/pass16.c,table,high,0.84,1.0,0.75
0605644A,Passive16_0157,Source/Game/pass16.c,table,high,0.72,,1.0
0605646C,Passive16_0158,Source/Game/pass16.c,table,high,0.72,,1.0
0605648E,Passive16_0159,Source/Game/pass16.c,table,high,0.64,,1.0
060564D4,Passive16_0160,Source/Game/pass16.c,table,high,0.38,,0.83
0605654E,Passive16_0161,Source/Game/pass16.c,table,high,0.26,,0.8
060565A0,Passive16_0162,Source/Game/pass16.c,table,high,0.34,,0.8
0605660C,Passive16_0163,Source/Game/pass16.c,table,high,0.58,,0.5
06056688,Passive16_0164,Source/Game/pass16.c,table,medium,0.42,,0.4
060566BC,Passive16_0165,Source/Game/pass16.c,table,medium,0.44,,0.4
060566E4,Passive16_0166,Source/Game/pass16.c,table,low,0.26,,0.25
06057B30,Init_Task_1st,Source/Game/init3rd.c,table,low,0.0,,0.0
06057B72,Init_Task_Aload,Source/Game/init3rd.c,table,low,0.91,,0.0
06057BD2,Init_Task_2nd,Source/Game/init3rd.c,table,low,0.94,,0.0
06057C00,Init_Task_End,Source/Game/init3rd.c,table,low,0.52,,0.0
06057C48,Init_Task_Test1,Source/Game/init3rd.c,table,low,0.42,,0.0
06057CEA,Init_Task_Test2,Source/Game/init3rd.c,table,low,0.79,,0.0
06058030,Pattern10_0000,Source/Game/active10.c,table,high,0.82,,0.33
06058088,Pattern10_0001,Source/Game/active10.c,table,high,0.97,,0.67
060580D8,Pattern10_0002,Source/Game/active10.c,table,medium,0.13,,0.4
0605815A,Pattern10_0003,Source/Game/active10.c,table,high,0.94,,0.67
060581AE,Pattern10_0004,Source/Game/active10.c,table,medium,0.48,,0.4
060581F0,Pattern10_0005,Source/Game/active10.c,table,low,0.01,,0.25
060582A2,Pattern10_0006,Source/Game/active10.c,table,low,0.01,,0.25
06058334,Pattern10_0007,Source/Game/active10.c,table,medium,0.22,,0.4
060583C6,Pattern10_0008,Source/Game/active10.c,table,medium,0.4,,0.4
060583F8,Pattern10_0009,Source/Game/active10.c,table,medium,0.17,,0.33
0605842A,Pattern10_0010,Source/Game/active10.c,table,high,1.0,,0.5
06058480,Pattern10_0011,Source/Game/active10.c,table,high,0.95,,0.33
060584D2,Pattern10_0012,Source/Game/active10.c,table,high,0.92,,1.0
060584FC,Pattern10_0013,Source/Game/active10.c,table,high,0.72,,1.0
0605851E,Pattern10_0014,Source/Game/active10.c,table,medium,0.49,,0.4
06058584,Pattern10_0015,Source/Game/active10.c,table,medium,0.41,,0.4
060585CA,Pattern10_0016,Source/Game/active10.c,table,low,0.43,,0.29
0605862C,Pattern10_0017,Source/Game/active10.c,table,medium,0.33,,0.33
060586D4,Pattern10_0018,Source/Game/active10.c,table,medium,0.17,,0.33
06058734,Pattern10_0019,Source/Game/active10.c,table,medium,0.49,,0.31
060587E6,Pattern10_0020,Source/Game/active10.c,table,high,0.52,,0.57
0605883C,Pattern10_0021,Source/Game/active10.c,table,medium,0.49,,0.4
06058882,Pattern10_0022,Source/Game/active10.c,table,medium,0.38,,0.5
060588A2,Pattern10_0023,Source/Game/active10.c,table,medium,0.28,,0.5
06058914,Pattern10_0024,Source/Game/active10.c,table,high,0.97,,0.5
0605895C,Pattern10_0025,Source/Game/active10.c,table,high,0.5,,0.4
060589A4,Pattern10_0026,Source/Game/active10.c,table,low,0.51,,0.29
06058A04,Pattern10_0027,Source/Game/active10.c,table,high,0.64,,0.5
06058A24,Pattern10_0028,Source/Game/active10.c,table,low,0.1,,0.29
06058A7E,Pattern10_0029,Source/Game/active10.c,table,low,0.28,,0.22
06058ABA,Pattern10_0030,Source/Game/active10.c,table,low,0.5,,0.22
06058B44,Pattern10_0031,Source/Game/active10.c,table,medium,0.13,,0.4
06058B66,Pattern10_0032,Source/Game/active10.c,table,high,0.99,,0.33
06058BAE,Pattern10_0033,Source/Game/active10.c,table,high,0.97,,0.33
06058BFE,Pattern10_0034,Source/Game/active10.c,table,medium,0.44,,0.4
06058C62,Pattern10_0035,Source/Game/active10.c,table,high,0.88,,0.5
06058CA4,Pattern10_0036,Source/Game/active10.c,table,high,1.0,,0.5
06058CD6,Pattern10_0037,Source/Game/active10.c,table,high,0.11,,0.8
06058CF6,Pattern10_0038,Source/Game/active10.c,table,medium,0.32,,0.44
06058D8E,Pattern10_0039,Source/Game/active10.c,table,medium,0.48,,0.4
06058DD0,Pattern10_0040,Source/Game/active10.c,table,medium,0.48,,0.4
06058E12,Pattern10_0041,Source/Game/active10.c,table,low,0.02,,0.2
06058E54,Pattern10_0042,Source/Game/active10.c,table,medium,0.28,,0.33
06058EB6,Pattern10_0043,Source/Game/active10.c,table,high,1.0,,1.0
06058EF8,Pattern10_0044,Source/Game/active10.c,table,high,1.0,,1.0
06058F3A,Pattern10_0045,Source/Game/active10.c,table,low,0.46,,0.29
06058F98,Pattern10_0046,Source/Game/active10.c,table,high,0.95,,0.5
06058FDC,Pattern10_0047,Source/Game/active10.c,table,medium,0.35,,0.4
06059034,Pattern10_0048,Source/Game/active10.c,table,high,0.96,,1.0
06059066,Pattern10_0049,Source/Game/active10.c,table,high,0.96,,0.5
060590BC,Pattern10_0050,Source/Game/active10.c,table,high,0.96,,0.5
060590EE,Pattern10_0051,Source/Game/active10.c,table,high,0.99,,0.5
06059124,Pattern10_0052,Source/Game/active10.c,table,high,0.94,,0.67
06059164,Pattern10_0053,Source/Game/active10.c,table,high,0.35,,0.8
06059196,Pattern10_0054,Source/Game/active10.c,table,high,0.8,,0.33
0605920A,Pattern10_0055,Source/Game/active10.c,table,medium,0.41,,0.4
06059262,Pattern10_0056,Source/Game/active10.c,table,high,0.98,,0.67
060592AE,Pattern10_0057,Source/Game/active10.c,table,high,0.69,,0.33
0605932E,Pattern10_0058,Source/Game/active10.c,table,low,0.05,,0.25
06059378,Pattern10_0059,Source/Game/active10.c,table,low,0.0,,0.25
06059396,Pattern10_0060,Source/Game/active10.c,table,low,0.07,,0.22
060593DA,Pattern10_0061,Source/Game/active10.c,table,low,0.0,,0.29
06059424,Pattern10_0062,Source/Game/active10.c,table,high,0.91,,0.67
0605946C,Pattern10_0063,Source/Game/active10.c,table,low,0.49,,0.29
060594CA,Pattern10_0064,Source/Game/active10.c,table,high,0.56,,0.44
06059542,Pattern10_0065,Source/Game/active10.c,table,low,0.26,,0.29
060595CE,Pattern10_0066,Source/Game/active10.c,table,medium,0.35,,0.4
06059654,Pattern10_0067,Source/Game/active10.c,table,medium,0.44,,0.4
0605967C,Pattern10_0068,Source/Game/active10.c,table,high,0.96,,0.5
060596BE,Pattern10_0069,Source/Game/active10.c,table,high,0.99,,0.33
06059BDC,Passive17_0000,Source/Game/pass17.c,table,high,0.92,,1.0
06059C10,Passive17_0001,Source/Game/pass17.c,table,high,0.64,,1.0
06059C38,Passive17_0002,Source/Game/pass17.c,table,high,1.0,,1.0
06059CA2,Passive17_0003,Source/Game/pass17.c,table,high,0.56,,1.0
06059CF8,Passive17_0004,Source/Game/pass17.c,table,high,0.96,,1.0
06059D3A,Passive17_0005,Source/Game/pass17.c,table,high,0.56,,1.0
06059D58,Passive17_0006,Source/Game/pass17.c,table,high,0.97,,1.0
06059D9C,Passive17_0007,Source/Game/pass17.c,table,high,0.94,,1.0
06059DFC,Passive17_0008,Source/Game/pass17.c,table,high,0.98,,1.0
06059E4E,Passive17_0009,Source/Game/pass17.c,table,high,0.96,,1.0
06059E80,Passive17_0010,Source/Game/pass17.c,table,high,0.96,,1.0
06059EB2,Passive17_0011,Source/Game/pass17.c,table,high,1.0,,1.0
06059F18,Passive17_0012,Source/Game/pass17.c,table,high,0.64,,1.0
06059F38,Passive17_0013,Source/Game/pass17.c,table,high,0.96,,1.0
06059F7A,Passive17_0014,Source/Game/pass17.c,table,high,0.97,,1.0
06059FB8,Passive17_0015,Source/Game/pass17.c,table,high,0.64,,1.0
06059FF8,Passive17_0016,Source/Game/pass17.c,table,high,0.97,,1.0
0605A064,Passive17_0017,Source/Game/pass17.c,table,medium,0.26,,0.75
0605A0D8,Passive17_0018,Source/Game/pass17.c,table,high,1.0,,1.0
0605A152,Passive17_0019,Source/Game/pass17.c,table,high,0.64,,1.0
0605A172,Passive17_0020,Source/Game/pass17.c,table,high,0.64,,1.0
0605A192,Passive17_0021,Source/Game/pass17.c,table,high,0.87,,1.0
0605A1F6,Passive17_0022,Source/Game/pass17.c,table,high,0.33,,0.8
0605A26A,Passive17_0023,Source/Game/pass17.c,table,high,0.99,,1.0
0605A2F4,Passive17_0024,Source/Game/pass17.c,table,high,0.7,,1.0
0605A344,Passive17_0025,Source/Game/pass17.c,table,high,0.4,,0.86
0605A3E0,Passive17_0026,Source/Game/pass17.c,table,high,0.97,,1.0
0605A424,Passive17_0027,Source/Game/pass17.c,table,high,0.94,,1.0
0605A464,Passive17_0028,Source/Game/pass17.c,table,high,0.96,,1.0
0605A496,Passive17_0029,Source/Game/pass17.c,table,medium,0.18,,0.67
0605A4F0,Passive17_0030,Source/Game/pass17.c,table,high,0.98,,1.0
0605A536,Passive17_0031,Source/Game/pass17.c,table,high,0.72,,1.0
0605A558,Passive17_0032,Source/Game/pass17.c,table,high,0.99,,1.0
0605A5A0,Passive17_0033,Source/Game/pass17.c,table,high,1.0,,1.0
0605A604,Passive17_0034,Source/Game/pass17.c,table,high,0.94,,1.0
0605A644,Passive17_0035,Source/Game/pass17.c,table,medium,0.24,,0.67
0605A686,Passive17_0036,Source/Game/pass17.c,table,high,0.99,,1.0
0605A6D4,Passive17_0037,Source/Game/pass17.c,table,high,0.87,,1.0
0605A740,Passive17_0038,Source/Game/pass17.c,table,high,1.0,,1.0
0605A79E,Passive17_0039,Source/Game/pass17.c,table,high,1.0,,1.0
0605A810,Passive17_0040,Source/Game/pass17.c,table,high,0.29,1.0,0.75
0605A868,Passive17_0041,Source/Game/pass17.c,table,high,0.98,,1.0
0605A8AE,Passive17_0042,Source/Game/pass17.c,table,high,0.96,,1.0
0605A8E0,Passive17_0043,Source/Game/pass17.c,table,high,0.73,,1.0
0605A952,Passive17_0044,Source/Game/pass17.c,table,high,1.0,,1.0
0605A9B0,Passive17_0045,Source/Game/pass17.c,table,high,0.98,,1.0
0605A9F6,Passive17_0046,Source/Game/pass17.c,table,high,0.64,,1.0
0605AA16,Passive17_0047,Source/Game/pass17.c,table,high,0.81,,1.0
0605AA80,Passive17_0048,Source/Game/pass17.c,table,high,0.29,,0.8
0605AAAA,Passive17_0049,Source/Game/pass17.c,table,high,0.97,,1.0
0605AAEE,Passive17_0050,Source/Game/pass17.c,table,high,0.97,,1.0
0605AB32,Passive17_0051,Source/Game/pass17.c,table,high,0.49,,0.8
0605AB82,Passive17_0052,Source/Game/pass17.c,table,high,0.64,,1.0
0605ABA2,Passive17_0053,Source/Game/pass17.c,table,high,0.96,,1.0
0605ABD4,Passive17_0054,Source/Game/pass17.c,table,high,0.99,,1.0
0605AC0A,Passive17_0055,Source/Game/pass17.c,table,high,0.96,,1.0
0605AC3C,Passive17_0056,Source/Game/pass17.c,table,high,0.72,,1.0
0605AC9C,Passive17_0057,Source/Game/pass17.c,table,high,0.99,,1.0
0605ACE0,Passive17_0058,Source/Game/pass17.c,table,high,0.64,,1.0
0605AD00,Passive17_0059,Source/Game/pass17.c,table,high,0.96,,1.0
0605AD32,Passive17_0060,Source/Game/pass17.c,table,high,0.56,,1.0
0605AD74,Passive17_0061,Source/Game/pass17.c,table,high,0.99,,1.0
0605ADE0,Passive17_0062,Source/Game/pass17.c,table,high,0.98,,1.0
0605AE38,Passive17_0063,Source/Game/pass17.c,table,high,0.54,,0.86
0605AE92,Passive17_0064,Source/Game/pass17.c,table,high,0.64,,1.0
0605AEB2,Passive17_0065,Source/Game/pass17.c,table,high,1.0,,1.0
0605AF0E,Passive17_0066,Source/Game/pass17.c,table,high,0.94,,1.0
0605AF4E,Passive17_0067,Source/Game/pass17.c,table,high,1.0,,1.0
0605AF96,Passive17_0068,Source/Game/pass17.c,table,high,0.99,,1.0
0605AFDA,Passive17_0069,Source/Game/pass17.c,table,high,0.96,,1.0
0605B00C,Passive17_0070,Source/Game/pass17.c,table,high,0.64,,1.0
0605B038,Passive17_0071,Source/Game/pass17.c,table,high,0.99,,1.0
0605B0AC,Passive17_0072,Source/Game/pass17.c,table,high,0.97,,1.0
0605B10C,Passive17_0073,Source/Game/pass17.c,table,high,0.98,,1.0
0605B15E,Passive17_0074,Source/Game/pass17.c,table,high,0.79,,1.0
0605B1CA,Passive17_0075,Source/Game/pass17.c,table,high,0.98,,1.0
0605B244,Passive17_0076,Source/Game/pass17.c,table,high,0.99,,1.0
0605B2B0,Passive17_0077,Source/Game/pass17.c,table,high,0.93,,1.0
0605B314,Passive17_0078,Source/Game/pass17.c,table,high,0.53,,0.86
0605B36E,Passive17_0079,Source/Game/pass17.c,table,high,1.0,,1.0
0605B3E4,Passive17_0080,Source/Game/pass17.c,table,high,1.0,,1.0
0605B43A,Passive17_0081,Source/Game/pass17.c,table,high,0.53,,0.86
0605B494,Passive17_0082,Source/Game/pass17.c,table,high,0.86,,1.0
0605B502,Passive17_0083,Source/Game/pass17.c,table,medium,0.31,,0.75
0605B566,Passive17_0084,Source/Game/pass17.c,table,medium,0.28,,0.75
0605B5BA,Passive17_0085,Source/Game/pass17.c,table,high,0.78,,1.0
0605B61E,Passive17_0086,Source/Game/pass17.c,table,high,0.56,,0.89
0605B694,Passive17_0087,Source/Game/pass17.c,table,high,0.52,,0.89
0605B72A,Passive17_0088,Source/Game/pass17.c,table,high,0.56,,0.89
0605B7A0,Passive17_0089,Source/Game/pass17.c,table,high,0.96,,1.0
0605B7D2,Passive17_0090,Source/Game/pass17.c,table,high,0.96,,1.0
0605B804,Passive17_0091,Source/Game/pass17.c,table,high,0.96,,1.0
0605B836,Passive17_0092,Source/Game/pass17.c,table,high,1.0,,1.0
0605B886,Passive17_0093,Source/Game/pass17.c,table,high,0.5,,0.8
0605B8D0,Passive17_0094,Source/Game/pass17.c,table,high,0.72,,1.0
0605B8F2,Passive17_0095,Source/Game/pass17.c,table,high,0.49,1.0,0.86
0605B93A,Passive17_0096,Source/Game/pass17.c,table,high,0.98,,1.0
0605B980,Passive17_0097,Source/Game/pass17.c,table,high,0.75,,1.0
0605BA0C,Passive17_0098,Source/Game/pass17.c,table,high,1.0,,1.0
0605BA86,Passive17_0099,Source/Game/pass17.c,table,high,0.64,,1.0
0605BB20,Passive17_0100,Source/Game/pass17.c,table,high,0.96,,1.0
0605BB84,Passive17_0101,Source/Game/pass17.c,table,high,0.99,1.0,1.0
0605BBDE,Passive17_0102,Source/Game/pass17.c,table,high,0.75,,1.0
0605BC4E,Passive17_0103,Source/Game/pass17.c,table,high,0.64,,1.0
0605BC6E,Passive17_0104,Source/Game/pass17.c,table,high,0.96,1.0,1.0
0605BCA0,Passive17_0105,Source/Game/pass17.c,table,high,0.96,1.0,1.0
0605BCD2,Passive17_0106,Source/Game/pass17.c,table,high,0.96,,1.0
0605BD28,Passive17_0107,Source/Game/pass17.c,table,high,0.72,,1.0
0605BD64,Passive17_0108,Source/Game/pass17.c,table,high,0.64,,1.0
0605BD84,Passive17_0109,Source/Game/pass17.c,table,high,0.93,,1.0
0605BDDE,Passive17_0110,Source/Game/pass17.c,table,high,0.72,,1.0
0605BE1A,Passive17_0111,Source/Game/pass17.c,table,high,1.0,,1.0
0605BE7C,Passive17_0112,Source/Game/pass17.c,table,high,0.64,,1.0
0605BE9C,Passive17_0113,Source/Game/pass17.c,table,high,0.99,,1.0
0605BEE4,Passive17_0114,Source/Game/pass17.c,table,high,0.61,,1.0
0605BF62,Passive17_0115,Source/Game/pass17.c,table,high,1.0,,1.0
0605BFA4,Passive17_0116,Source/Game/pass17.c,table,high,1.0,,1.0
0605BFE6,Passive17_0117,Source/Game/pass17.c,table,high,0.96,,1.0
0605C018,Passive17_0118,Source/Game/pass17.c,table,high,0.64,,1.0
0605C038,Passive17_0119,Source/Game/pass17.c,table,high,0.64,,1.0
0605C094,Passive17_0120,Source/Game/pass17.c,table,high,1.0,,1.0
0605C0D6,Passive17_0121,Source/Game/pass17.c,table,high,1.0,,1.0
0605C118,Passive17_0122,Source/Game/pass17.c,table,high,1.0,,1.0
0605C15A,Passive17_0123,Source/Game/pass17.c,table,high,1.0,,1.0
0605C1AC,Passive17_0124,Source/Game/pass17.c,table,high,1.0,,1.0
0605C1EE,Passive17_0125,Source/Game/pass17.c,table,high,1.0,,1.0
0605C230,Passive17_0126,Source/Game/pass17.c,table,high,0.97,,1.0
0605C274,Passive17_0127,Source/Game/pass17.c,table,high,0.64,,1.0
0605C294,Passive17_0128,Source/Game/pass17.c,table,high,0.95,,1.0
0605C2EE,Passive17_0129,Source/Game/pass17.c,table,high,0.96,,1.0
0605C320,Passive17_0130,Source/Game/pass17.c,table,high,0.96,,1.0
0605C352,Passive17_0131,Source/Game/pass17.c,table,high,0.96,,1.0
0605C384,Passive17_0132,Source/Game/pass17.c,table,high,0.99,1.0,1.0
0605C3BA,Passive17_0133,Source/Game/pass17.c,table,high,0.92,,1.0
0605C418,Passive17_0134,Source/Game/pass17.c,table,high,0.96,,1.0
0605C44A,Passive17_0135,Source/Game/pass17.c,table,high,0.94,,1.0
0605C48A,Passive17_0136,Source/Game/pass17.c,table,high,0.94,,1.0
0605C4CA,Passive17_0137,Source/Game/pass17.c,table,high,0.85,,1.0
0605C530,Passive17_0138,Source/Game/pass17.c,table,high,0.94,,1.0
0605C570,Passive17_0139,Source/Game/pass17.c,table,high,0.96,,1.0
0605C5A2,Passive17_0140,Source/Game/pass17.c,table,high,0.56,,1.0
0605C5C0,Passive17_0141,Source/Game/pass17.c,table,high,0.72,,1.0
0605C5E2,Passive17_0142,Source/Game/pass17.c,table,high,0.73,,1.0
0605C62E,Passive17_0143,Source/Game/pass17.c,table,high,0.99,1.0,1.0
0605C676,Passive17_0144,Source/Game/pass17.c,table,high,1.0,1.0,1.0
0605C6D4,Passive17_0145,Source/Game/pass17.c,table,high,0.86,1.0,1.0
0605C752,Passive17_0146,Source/Game/pass17.c,table,high,0.33,,0.8
0605C7C0,Passive17_0147,Source/Game/pass17.c,table,high,0.94,1.0,1.0
0605C800,Passive17_0148,Source/Game/pass17.c,table,high,0.79,,1.0
0605C85A,Passive17_0149,Source/Game/pass17.c,table,high,1.0,,1.0
0605C89A,Passive17_0150,Source/Game/pass17.c,table,high,1.0,,1.0
0605C8EC,Passive17_0151,Source/Game/pass17.c,table,high,0.2,,0.8
0605C910,Passive17_0152,Source/Game/pass17.c,table,high,0.51,,0.86
0605C978,Passive17_0153,Source/Game/pass17.c,table,high,0.97,,1.0
0605C9BC,Passive17_0154,Source/Game/pass17.c,table,high,0.49,,0.86
0605CA04,Passive17_0155,Source/Game/pass17.c,table,high,0.99,,1.0
0605CA64,Passive17_0156,Source/Game/pass17.c,table,high,0.95,1.0,1.0
0605CAB0,Passive17_0157,Source/Game/pass17.c,table,high,0.72,,1.0
0605CAD2,Passive17_0158,Source/Game/pass17.c,table,high,0.72,,1.0
0605CAF4,Passive17_0159,Source/Game/pass17.c,table,high,0.64,,1.0
0605CB38,Passive17_0160,Source/Game/pass17.c,table,high,0.38,,0.83
0605CBB2,Passive17_0161,Source/Game/pass17.c,table,high,0.26,,0.8
0605CC04,Passive17_0162,Source/Game/pass17.c,table,high,0.34,,0.8
0605CC70,Passive17_0163,Source/Game/pass17.c,table,high,0.94,,1.0
0605CCB0,Passive17_0164,Source/Game/pass17.c,table,high,0.96,,1.0
0605CD2C,Passive17_0165,Source/Game/pass17.c,table,high,0.95,,1.0
0605CD78,Passive17_0166,Source/Game/pass17.c,table,high,1.0,,1.0
0605CDE2,Passive17_0167,Source/Game/pass17.c,table,high,1.0,,1.0
0605CE32,Passive17_0168,Source/Game/pass17.c,table,high,1.0,,1.0
0605CE94,Passive17_0169,Source/Game/pass17.c,table,high,0.92,,1.0
0605CF2A,Passive17_0170,Source/Game/pass17.c,table,high,0.99,1.0,1.0
0605CFBC,Passive17_0171,Source/Game/pass17.c,table,high,0.52,1.0,0.89
0605D040,Passive17_0172,Source/Game/pass17.c,table,high,0.52,,0.89
0605D098,Passive17_0173,Source/Game/pass17.c,table,high,0.93,,1.0
0605D0F2,Passive17_0174,Source/Game/pass17.c,table,high,0.55,1.0,0.89
0605D16C,Passive17_0175,Source/Game/pass17.c,table,high,0.48,,0.89
0605D1BE,Passive17_0176,Source/Game/pass17.c,table,high,0.52,,0.92
0605D272,Passive17_0177,Source/Game/pass17.c,table,high,0.61,,0.92
0605D300,Passive17_0178,Source/Game/pass17.c,table,high,0.89,,1.0
0605D3AC,Passive17_0179,Source/Game/pass17.c,table,high,0.94,,1.0
0605D3EC,Passive17_0180,Source/Game/pass17.c,table,high,0.93,,1.0
0605D436,Passive17_0181,Source/Game/pass17.c,table,high,0.62,,1.0
0605D4B0,Passive18_0000,Source/Game/pass18.c,table,high,0.92,,1.0
0605D4E4,Passive18_0001,Source/Game/pass18.c,table,high,0.64,,1.0
0605D50C,Passive18_0002,Source/Game/pass18.c,table,high,0.93,,1.0
0605D556,Passive18_0003,Source/Game/pass18.c,table,high,0.56,,1.0
0605D574,Passive18_0004,Source/Game/pass18.c,table,high,0.96,,1.0
0605D5B6,Passive18_0005,Source/Game/pass18.c,table,high,0.56,,1.0
0605D5D4,Passive18_0006,Source/Game/pass18.c,table,high,0.57,,1.0
0605D656,Passive18_0007,Source/Game/pass18.c,table,high,0.94,1.0,1.0
0605D696,Passive18_0008,Source/Game/pass18.c,table,high,0.98,,1.0
0605D6E8,Passive18_0009,Source/Game/pass18.c,table,high,0.99,,1.0
0605D71E,Passive18_0010,Source/Game/pass18.c,table,high,0.81,,1.0
0605D76E,Passive18_0011,Source/Game/pass18.c,table,high,1.0,,1.0
0605D7B0,Passive18_0012,Source/Game/pass18.c,table,high,0.64,,1.0
0605D7D0,Passive18_0013,Source/Game/pass18.c,table,high,0.96,,1.0
0605D812,Passive18_0014,Source/Game/pass18.c,table,high,0.97,,1.0
0605D87C,Passive18_0015,Source/Game/pass18.c,table,high,0.64,,1.0
0605D89C,Passive18_0016,Source/Game/pass18.c,table,high,0.96,,1.0
0605D906,Passive18_0017,Source/Game/pass18.c,table,medium,0.26,,0.75
0605D97C,Passive18_0018,Source/Game/pass18.c,table,high,1.0,,1.0
0605D9F6,Passive18_0019,Source/Game/pass18.c,table,high,0.64,,1.0
0605DA16,Passive18_0020,Source/Game/pass18.c,table,high,0.64,,1.0
0605DA36,Passive18_0021,Source/Game/pass18.c,table,high,0.87,,1.0
0605DA9A,Passive18_0022,Source/Game/pass18.c,table,high,0.33,,0.8
0605DB0E,Passive18_0023,Source/Game/pass18.c,table,high,1.0,,1.0
0605DB94,Passive18_0024,Source/Game/pass18.c,table,high,0.7,,1.0
0605DBE4,Passive18_0025,Source/Game/pass18.c,table,high,0.4,,0.86
0605DC80,Passive18_0026,Source/Game/pass18.c,table,high,0.97,,1.0
0605DCC4,Passive18_0027,Source/Game/pass18.c,table,high,0.94,,1.0
0605DD04,Passive18_0028,Source/Game/pass18.c,table,high,0.96,,1.0
0605DD36,Passive18_0029,Source/Game/pass18.c,table,medium,0.18,,0.67
0605DD90,Passive18_0030,Source/Game/pass18.c,table,high,0.99,,1.0
0605DDE4,Passive18_0031,Source/Game/pass18.c,table,high,0.72,,1.0
0605DE06,Passive18_0032,Source/Game/pass18.c,table,high,0.99,,1.0
0605DE4E,Passive18_0033,Source/Game/pass18.c,table,high,1.0,,1.0
0605DEB8,Passive18_0034,Source/Game/pass18.c,table,high,1.0,,1.0
0605DF12,Passive18_0035,Source/Game/pass18.c,table,medium,0.24,,0.67
0605DF54,Passive18_0036,Source/Game/pass18.c,table,high,0.99,,1.0
0605DFC4,Passive18_0037,Source/Game/pass18.c,table,high,1.0,,1.0
0605E026,Passive18_0038,Source/Game/pass18.c,table,high,0.98,,1.0
0605E088,Passive18_0039,Source/Game/pass18.c,table,high,0.78,1.0,1.0
0605E110,Passive18_0040,Source/Game/pass18.c,table,medium,0.29,,0.75
0605E168,Passive18_0041,Source/Game/pass18.c,table,high,0.99,1.0,1.0
0605E1E8,Passive18_0042,Source/Game/pass18.c,table,high,0.96,,1.0
0605E21A,Passive18_0043,Source/Game/pass18.c,table,high,0.98,,1.0
0605E27E,Passive18_0044,Source/Game/pass18.c,table,high,1.0,,1.0
0605E304,Passive18_0045,Source/Game/pass18.c,table,high,0.99,,1.0
0605E34C,Passive18_0046,Source/Game/pass18.c,table,high,0.64,,1.0
0605E36C,Passive18_0047,Source/Game/pass18.c,table,high,0.94,,1.0
0605E3AC,Passive18_0048,Source/Game/pass18.c,table,high,0.29,,0.8
0605E3FC,Passive18_0049,Source/Game/pass18.c,table,high,0.99,1.0,1.0
0605E450,Passive18_0050,Source/Game/pass18.c,table,high,0.97,,1.0
0605E494,Passive18_0051,Source/Game/pass18.c,table,high,0.32,,0.8
0605E4C0,Passive18_0052,Source/Game/pass18.c,table,high,0.64,,1.0
0605E508,Passive18_0053,Source/Game/pass18.c,table,high,0.96,,1.0
0605E53A,Passive18_0054,Source/Game/pass18.c,table,high,0.99,,1.0
0605E570,Passive18_0055,Source/Game/pass18.c,table,high,0.96,,1.0
0605E5A2,Passive18_0056,Source/Game/pass18.c,table,high,1.0,,1.0
0605E5E4,Passive18_0057,Source/Game/pass18.c,table,high,0.7,,1.0
0605E646,Passive18_0058,Source/Game/pass18.c,table,high,0.64,,1.0
0605E666,Passive18_0059,Source/Game/pass18.c,table,high,0.96,,1.0
0605E698,Passive18_0060,Source/Game/pass18.c,table,high,0.56,,1.0
0605E6B6,Passive18_0061,Source/Game/pass18.c,table,high,1.0,,1.0
0605E702,Passive18_0062,Source/Game/pass18.c,table,high,0.92,,1.0
0605E770,Passive18_0063,Source/Game/pass18.c,table,high,0.72,,1.0
0605E7AC,Passive18_0064,Source/Game/pass18.c,table,high,0.64,,1.0
0605E7CC,Passive18_0065,Source/Game/pass18.c,table,high,0.99,,1.0
0605E838,Passive18_0066,Source/Game/pass18.c,table,high,0.65,,1.0
0605E8A8,Passive18_0067,Source/Game/pass18.c,table,high,0.64,,1.0
0605E8D4,Passive18_0068,Source/Game/pass18.c,table,high,1.0,,1.0
0605E916,Passive18_0069,Source/Game/pass18.c,table,high,0.96,,1.0
0605E948,Passive18_0070,Source/Game/pass18.c,table,high,0.7,,1.0
0605E9AC,Passive18_0071,Source/Game/pass18.c,table,high,0.99,,1.0
0605E9F4,Passive18_0072,Source/Game/pass18.c,table,high,1.0,,1.0
0605EA5E,Passive18_0073,Source/Game/pass18.c,table,high,0.74,,1.0
0605EAE2,Passive18_0074,Source/Game/pass18.c,table,high,0.99,,1.0
0605EB2A,Passive18_0075,Source/Game/pass18.c,table,high,1.0,,1.0
0605EB76,Passive18_0076,Source/Game/pass18.c,table,high,1.0,,1.0
0605EBC2,Passive18_0077,Source/Game/pass18.c,table,high,0.92,,1.0
0605EC28,Passive18_0078,Source/Game/pass18.c,table,high,0.53,,0.86
0605EC82,Passive18_0079,Source/Game/pass18.c,table,high,1.0,,1.0
0605ECD4,Passive18_0080,Source/Game/pass18.c,table,high,0.8,,1.0
0605ED48,Passive18_0081,Source/Game/pass18.c,table,high,0.53,,0.86
0605EDA0,Passive18_0082,Source/Game/pass18.c,table,high,1.0,,1.0
0605EE10,Passive18_0083,Source/Game/pass18.c,table,medium,0.31,,0.75
0605EE74,Passive18_0084,Source/Game/pass18.c,table,medium,0.28,,0.75
0605EEC8,Passive18_0085,Source/Game/pass18.c,table,high,0.73,,1.0
0605EF44,Passive18_0086,Source/Game/pass18.c,table,high,0.37,1.0,0.83
0605F000,Passive18_0087,Source/Game/pass18.c,table,high,0.35,,0.8
0605F086,Passive18_0088,Source/Game/pass18.c,table,high,0.35,,0.8
0605F10C,Passive18_0089,Source/Game/pass18.c,table,high,0.74,,1.0
0605F174,Passive18_0090,Source/Game/pass18.c,table,high,1.0,,1.0
0605F1BE,Passive18_0091,Source/Game/pass18.c,table,high,1.0,,1.0
0605F208,Passive18_0092,Source/Game/pass18.c,table,high,1.0,,1.0
0605F278,Passive18_0093,Source/Game/pass18.c,table,high,0.29,,0.8
0605F2A2,Passive18_0094,Source/Game/pass18.c,table,high,0.72,,1.0
0605F2C4,Passive18_0095,Source/Game/pass18.c,table,high,0.47,,0.86
0605F30A,Passive18_0096,Source/Game/pass18.c,table,high,0.99,,1.0
0605F384,Passive18_0097,Source/Game/pass18.c,table,high,1.0,,1.0
0605F3E6,Passive18_0098,Source/Game/pass18.c,table,high,1.0,,1.0
0605F48C,Passive18_0099,Source/Game/pass18.c,table,high,1.0,,1.0
0605F4EC,Passive18_0100,Source/Game/pass18.c,table,high,0.98,,1.0
0605F544,Passive18_0101,Source/Game/pass18.c,table,high,0.85,,1.0
0605F5C4,Passive18_0102,Source/Game/pass18.c,table,high,0.98,,1.0
0605F60A,Passive18_0103,Source/Game/pass18.c,table,high,0.64,,1.0
0605F62A,Passive18_0104,Source/Game/pass18.c,table,high,0.96,,1.0
0605F65C,Passive18_0105,Source/Game/pass18.c,table,high,0.96,,1.0
0605F68E,Passive18_0106,Source/Game/pass18.c,table,high,0.96,,1.0
0605F6C0,Passive18_0107,Source/Game/pass18.c,table,high,0.72,,1.0
0605F6FC,Passive18_0108,Source/Game/pass18.c,table,high,0.64,,1.0
0605F71C,Passive18_0109,Source/Game/pass18.c,table,high,0.93,,1.0
0605F776,Passive18_0110,Source/Game/pass18.c,table,high,0.72,,1.0
0605F7E8,Passive18_0111,Source/Game/pass18.c,table,high,1.0,,1.0
0605F84A,Passive18_0112,Source/Game/pass18.c,table,high,0.64,,1.0
0605F86A,Passive18_0113,Source/Game/pass18.c,table,high,0.99,,1.0
0605F8B2,Passive18_0114,Source/Game/pass18.c,table,high,1.0,,1.0
0605F900,Passive18_0115,Source/Game/pass18.c,table,high,0.74,,1.0
0605F95E,Passive18_0116,Source/Game/pass18.c,table,high,1.0,,1.0
0605F9A0,Passive18_0117,Source/Game/pass18.c,table,high,0.96,,1.0
0605F9D2,Passive18_0118,Source/Game/pass18.c,table,high,0.64,,1.0
0605F9F2,Passive18_0119,Source/Game/pass18.c,table,high,0.86,,1.0
0605FA8A,Passive18_0120,Source/Game/pass18.c,table,high,1.0,,1.0
0605FACC,Passive18_0121,Source/Game/pass18.c,table,high,1.0,,1.0
0605FB0E,Passive18_0122,Source/Game/pass18.c,table,high,1.0,,1.0
0605FB50,Passive18_0123,Source/Game/pass18.c,table,high,0.7,,1.0
0605FBB2,Passive18_0124,Source/Game/pass18.c,table,high,1.0,,1.0
0605FBF4,Passive18_0125,Source/Game/pass18.c,table,high,1.0,,1.0
0605FC36,Passive18_0126,Source/Game/pass18.c,table,high,0.97,,1.0
0605FC7A,Passive18_0127,Source/Game/pass18.c,table,high,0.64,,1.0
0605FCB0,Passive18_0128,Source/Game/pass18.c,table,high,0.94,,1.0
0605FCF0,Passive18_0129,Source/Game/pass18.c,table,high,1.0,,1.0
0605FD36,Passive18_0130,Source/Game/pass18.c,table,high,1.0,,1.0
0605FD7C,Passive18_0131,Source/Game/pass18.c,table,high,1.0,,1.0
0605FDDC,Passive18_0132,Source/Game/pass18.c,table,high,0.99,1.0,1.0
0605FE12,Passive18_0133,Source/Game/pass18.c,table,high,1.0,,1.0
0605FE6C,Passive18_0134,Source/Game/pass18.c,table,high,0.96,,1.0
0605FE9E,Passive18_0135,Source/Game/pass18.c,table,high,0.94,,1.0
0605FF08,Passive18_0136,Source/Game/pass18.c,table,high,0.94,,1.0
0605FF48,Passive18_0137,Source/Game/pass18.c,table,high,1.0,,1.0
0605FF94,Passive18_0138,Source/Game/pass18.c,table,high,0.94,,1.0
0605FFD4,Passive18_0139,Source/Game/pass18.c,table,high,0.86,,1.0
06060022,Game12_2,Source/Game/Game.c,table-align,low,0.94,,0.0
06060024,Passive18_0140,Source/Game/pass18.c,table,high,0.56,,1.0
06060042,Passive18_0141,Source/Game/pass18.c,table,high,0.97,,1.0
06060086,Passive18_0142,Source/Game/pass18.c,table,high,0.56,,1.0
060600A4,Passive18_0143,Source/Game/pass18.c,table,high,0.99,,1.0
060600EC,Passive18_0144,Source/Game/pass18.c,table,high,0.83,,1.0
0606016E,Passive18_0145,Source/Game/pass18.c,table,high,1.0,1.0,1.0
060601CC,Passive18_0146,Source/Game/pass18.c,table,high,0.96,,1.0
06060250,Passive18_0147,Source/Game/pass18.c,table,high,0.94,,1.0
06060290,Passive18_0148,Source/Game/pass18.c,table,high,0.64,,1.0
060602B8,Passive18_0149,Source/Game/pass18.c,table,high,1.0,,1.0
060602FA,Passive18_0150,Source/Game/pass18.c,table,high,1.0,,1.0
06060378,Passive18_0151,Source/Game/pass18.c,table,high,0.2,,0.8
0606039C,Passive18_0152,Source/Game/pass18.c,table,high,0.49,,0.86
060603E4,Passive18_0153,Source/Game/pass18.c,table,high,0.97,,1.0
06060428,Passive18_0154,Source/Game/pass18.c,table,high,0.53,,0.86
0606048A,Passive18_0155,Source/Game/pass18.c,table,high,0.98,,1.0
060604CA,Passive18_0156,Source/Game/pass18.c,table,high,0.95,1.0,1.0
06060516,Passive18_0157,Source/Game/pass18.c,table,high,0.72,,1.0
06060538,Passive18_0158,Source/Game/pass18.c,table,high,0.72,,1.0
06060580,Passive18_0159,Source/Game/pass18.c,table,high,0.64,,1.0
060605A0,Passive18_0160,Source/Game/pass18.c,table,high,0.38,,0.83
0606061A,Passive18_0161,Source/Game/pass18.c,table,high,0.34,,0.8
06060688,Passive18_0162,Source/Game/pass18.c,table,high,0.34,,0.8
060606F4,Passive18_0163,Source/Game/pass18.c,table,high,1.0,,1.0
06060744,Passive18_0164,Source/Game/pass18.c,table,high,0.64,,1.0
06060788,Passive18_0165,Source/Game/pass18.c,table,high,0.94,,1.0
060607C8,Passive18_0166,Source/Game/pass18.c,table,high,1.0,,1.0
0606080A,Passive18_0167,Source/Game/pass18.c,table,high,1.0,,1.0
06060854,Passive18_0168,Source/Game/pass18.c,table,high,0.96,,1.0
060608C0,Passive18_0169,Source/Game/pass18.c,table,high,0.96,,1.0
06060902,Passive18_0170,Source/Game/pass18.c,table,high,0.96,,1.0
06060934,Passive18_0171,Source/Game/pass18.c,table,high,0.93,,1.0
0606097E,Passive18_0172,Source/Game/pass18.c,table,high,0.93,,1.0
060609C8,Passive18_0173,Source/Game/pass18.c,table,high,0.64,,1.0
060609F4,Passive18_0174,Source/Game/pass18.c,table,high,0.64,,1.0
06060A14,Passive18_0175,Source/Game/pass18.c,table,high,0.64,,1.0
06060A34,Passive18_0176,Source/Game/pass18.c,table,high,0.91,,1.0
06060A94,Passive18_0177,Source/Game/pass18.c,table,high,1.0,,1.0
06060ADA,Passive18_0178,Source/Game/pass18.c,table,high,0.94,,1.0
06060B1A,Passive18_0179,Source/Game/pass18.c,table,high,0.94,,1.0
06060B5A,Passive18_0180,Source/Game/pass18.c,table,high,0.95,,1.0
06060BB4,Passive18_0181,Source/Game/pass18.c,table,high,0.94,,1.0
06060BF4,Passive18_0182,Source/Game/pass18.c,table,high,0.94,,1.0
06060C34,Passive18_0183,Source/Game/pass18.c,table,high,0.94,,1.0
06060C88,Passive18_0184,Source/Game/pass18.c,table,high,0.94,,1.0
06060CC8,Passive18_0185,Source/Game/pass18.c,table,high,0.94,,1.0
06060D08,Passive18_0186,Source/Game/pass18.c,table,high,0.94,,1.0
06060D48,Passive18_0187,Source/Game/pass18.c,table,medium,0.29,,0.67
06060DA2,Passive18_0188,Source/Game/pass18.c,table,medium,0.27,,0.67
06060DF2,Passive18_0189,Source/Game/pass18.c,table,medium,0.29,,0.75
06060E50,Passive18_0190,Source/Game/pass18.c,table,high,0.89,,1.0
06060EB2,Passive18_0191,Source/Game/pass18.c,table,high,1.0,1.0,1.0
06060EEC,Passive18_0192,Source/Game/pass18.c,table,high,0.99,,1.0
06060F34,Passive18_0193,Source/Game/pass18.c,table,high,0.98,,1.0
06060F86,Passive18_0194,Source/Game/pass18.c,table,high,0.64,,1.0
06060FA6,Passive18_0195,Source/Game/pass18.c,table,high,1.0,,1.0
06060FEC,Passive18_0196,Source/Game/pass18.c,table,high,0.67,1.0,1.0
06061046,Passive18_0197,Source/Game/pass18.c,table,high,0.96,,1.0
06061078,Passive18_0198,Source/Game/pass18.c,table,high,1.0,,1.0
060610C2,Passive18_0199,Source/Game/pass18.c,table,high,1.0,1.0,1.0
060610FC,Passive18_0200,Source/Game/pass18.c,table,high,0.78,1.0,1.0
06061172,Passive18_0201,Source/Game/pass18.c,table,high,1.0,1.0,1.0
060611AC,Passive18_0202,Source/Game/pass18.c,table,high,0.99,1.0,1.0
06061216,Passive18_0203,Source/Game/pass18.c,table,high,0.63,1.0,1.0
060612B4,Passive19_0000,Source/Game/pass19.c,table,high,0.92,,1.0
060612E8,Passive19_0001,Source/Game/pass19.c,table,high,0.64,,1.0
06061310,Passive19_0002,Source/Game/pass19.c,table,high,1.0,,1.0
0606137A,Passive19_0003,Source/Game/pass19.c,table,high,0.56,,1.0
060613D0,Passive19_0004,Source/Game/pass19.c,table,high,0.96,,1.0
06061412,Passive19_0005,Source/Game/pass19.c,table,high,0.56,,1.0
06061430,Passive19_0006,Source/Game/pass19.c,table,high,0.97,,1.0
06061474,Passive19_0007,Source/Game/pass19.c,table,high,0.96,,1.0
060614A6,Passive19_0008,Source/Game/pass19.c,table,high,0.78,,1.0
060614F8,Passive19_0009,Source/Game/pass19.c,table,high,0.96,,1.0
0606152A,Passive19_0010,Source/Game/pass19.c,table,high,0.96,,1.0
0606155C,Passive19_0011,Source/Game/pass19.c,table,high,1.0,,1.0
0606159E,Passive19_0012,Source/Game/pass19.c,table,high,0.64,,1.0
060615BE,Passive19_0013,Source/Game/pass19.c,table,high,0.83,,1.0
06061626,Passive19_0014,Source/Game/pass19.c,table,high,0.96,,1.0
06061658,Passive19_0015,Source/Game/pass19.c,table,high,0.64,,1.0
06061678,Passive19_0016,Source/Game/pass19.c,table,high,0.96,,1.0
06061708,Passive19_0017,Source/Game/pass19.c,table,medium,0.26,,0.75
06061756,Passive19_0018,Source/Game/pass19.c,table,high,0.99,,1.0
060617CE,Passive19_0019,Source/Game/pass19.c,table,high,0.79,,1.0
06061816,Passive19_0020,Source/Game/pass19.c,table,high,0.64,,1.0
06061836,Passive19_0021,Source/Game/pass19.c,table,high,0.94,,1.0
06061876,Passive19_0022,Source/Game/pass19.c,table,high,0.33,,0.8
06061910,Passive19_0023,Source/Game/pass19.c,table,high,1.0,,1.0
06061970,Passive19_0024,Source/Game/pass19.c,table,high,0.7,,1.0
060619EC,Passive19_0025,Source/Game/pass19.c,table,high,0.4,,0.86
06061A66,Passive19_0026,Source/Game/pass19.c,table,high,0.97,,1.0
06061AAA,Passive19_0027,Source/Game/pass19.c,table,high,0.81,,1.0
06061B14,Passive19_0028,Source/Game/pass19.c,table,high,0.96,,1.0
06061B46,Passive19_0029,Source/Game/pass19.c,table,medium,0.18,,0.67
06061B7E,Passive19_0030,Source/Game/pass19.c,table,high,0.98,,1.0
06061BC4,Passive19_0031,Source/Game/pass19.c,table,high,0.72,,1.0
06061C0C,Passive19_0032,Source/Game/pass19.c,table,high,1.0,,1.0
06061C5C,Passive19_0033,Source/Game/pass19.c,table,high,1.0,,1.0
06061C96,Passive19_0034,Source/Game/pass19.c,table,high,0.94,,1.0
06061CD6,Passive19_0035,Source/Game/pass19.c,table,medium,0.28,,0.67
06061D38,Passive19_0036,Source/Game/pass19.c,table,high,0.99,,1.0
06061D86,Passive19_0037,Source/Game/pass19.c,table,high,1.0,,1.0
06061DDA,Passive19_0038,Source/Game/pass19.c,table,high,0.67,1.0,1.0
06061E52,Passive19_0039,Source/Game/pass19.c,table,high,0.99,1.0,1.0
06061EA4,Passive19_0040,Source/Game/pass19.c,table,high,0.99,1.0,1.0
06061EF6,Passive19_0041,Source/Game/pass19.c,table,high,0.99,,1.0
06061F4A,Passive19_0042,Source/Game/pass19.c,table,high,0.75,,1.0
06061F9E,Passive19_0043,Source/Game/pass19.c,table,high,1.0,,1.0
06061FEA,Passive19_0044,Source/Game/pass19.c,table,high,1.0,,1.0
06062048,Passive19_0045,Source/Game/pass19.c,table,high,0.77,,1.0
060620B6,Passive19_0046,Source/Game/pass19.c,table,high,0.64,,1.0
060620D6,Passive19_0047,Source/Game/pass19.c,table,high,0.94,,1.0
06062116,Passive19_0048,Source/Game/pass19.c,table,high,0.26,,0.8
0606213E,Passive19_0049,Source/Game/pass19.c,table,high,0.97,,1.0
060621A4,Passive19_0050,Source/Game/pass19.c,table,high,0.97,,1.0
060621E8,Passive19_0051,Source/Game/pass19.c,table,high,0.32,,0.8
06062214,Passive19_0052,Source/Game/pass19.c,table,high,0.64,,1.0
06062234,Passive19_0053,Source/Game/pass19.c,table,high,0.96,,1.0
06062266,Passive19_0054,Source/Game/pass19.c,table,high,0.99,,1.0
060622C0,Passive19_0055,Source/Game/pass19.c,table,high,0.96,,1.0
060622F2,Passive19_0056,Source/Game/pass19.c,table,high,1.0,,1.0
06062334,Passive19_0057,Source/Game/pass19.c,table,high,1.0,,1.0
06062376,Passive19_0058,Source/Game/pass19.c,table,high,0.64,,1.0
06062396,Passive19_0059,Source/Game/pass19.c,table,high,0.96,,1.0
060623E8,Passive19_0060,Source/Game/pass19.c,table,high,0.56,,1.0
06062406,Passive19_0061,Source/Game/pass19.c,table,high,0.99,,1.0
0606244E,Passive19_0062,Source/Game/pass19.c,table,high,0.98,,1.0
060624A6,Passive19_0063,Source/Game/pass19.c,table,high,0.85,,1.0
06062526,Passive19_0064,Source/Game/pass19.c,table,high,0.64,,1.0
06062546,Passive19_0065,Source/Game/pass19.c,table,high,0.99,,1.0
060625B8,Passive19_0066,Source/Game/pass19.c,table,high,0.94,,1.0
0606261C,Passive19_0067,Source/Game/pass19.c,table,high,0.64,,1.0
06062648,Passive19_0068,Source/Game/pass19.c,table,high,1.0,,1.0
0606268A,Passive19_0069,Source/Game/pass19.c,table,high,0.96,,1.0
060626BC,Passive19_0070,Source/Game/pass19.c,table,high,0.64,,1.0
060626E8,Passive19_0071,Source/Game/pass19.c,table,high,0.77,,1.0
06062756,Passive19_0072,Source/Game/pass19.c,table,high,0.98,,1.0
060627A8,Passive19_0073,Source/Game/pass19.c,table,high,0.98,,1.0
060627FA,Passive19_0074,Source/Game/pass19.c,table,high,0.69,,1.0
0606287A,Passive19_0075,Source/Game/pass19.c,table,high,0.99,,1.0
060628C2,Passive19_0076,Source/Game/pass19.c,table,high,0.99,1.0,1.0
0606292E,Passive19_0077,Source/Game/pass19.c,table,high,0.86,,1.0
0606299C,Passive19_0078,Source/Game/pass19.c,table,high,0.53,,0.86
060629F6,Passive19_0079,Source/Game/pass19.c,table,high,1.0,,1.0
06062A48,Passive19_0080,Source/Game/pass19.c,table,high,0.84,,1.0
06062AB8,Passive19_0081,Source/Game/pass19.c,table,high,0.53,,0.86
06062B10,Passive19_0082,Source/Game/pass19.c,table,high,1.0,,1.0
06062B7C,Passive19_0083,Source/Game/pass19.c,table,medium,0.31,,0.75
06062BE0,Passive19_0084,Source/Game/pass19.c,table,medium,0.28,,0.75
06062C34,Passive19_0085,Source/Game/pass19.c,table,high,0.81,,1.0
06062C9E,Passive19_0086,Source/Game/pass19.c,table,high,0.35,,0.8
06062D24,Passive19_0087,Source/Game/pass19.c,table,high,0.35,,0.8
06062DAA,Passive19_0088,Source/Game/pass19.c,table,high,0.35,,0.8
06062E30,Passive19_0089,Source/Game/pass19.c,table,high,0.96,,1.0
06062E62,Passive19_0090,Source/Game/pass19.c,table,high,0.7,,1.0
06062EBA,Passive19_0091,Source/Game/pass19.c,table,high,0.96,,1.0
06062EEC,Passive19_0092,Source/Game/pass19.c,table,high,1.0,,1.0
06062F3A,Passive19_0093,Source/Game/pass19.c,table,high,0.29,,0.8
06062F64,Passive19_0094,Source/Game/pass19.c,table,high,0.72,,1.0
06062FA8,Passive19_0095,Source/Game/pass19.c,table,high,0.49,,0.86
06062FF0,Passive19_0096,Source/Game/pass19.c,table,high,0.99,,1.0
06063044,Passive19_0097,Source/Game/pass19.c,table,high,0.72,,1.0
060630D4,Passive19_0098,Source/Game/pass19.c,table,high,1.0,,1.0
0606314E,Passive19_0099,Source/Game/pass19.c,table,high,1.0,,1.0
060631E0,Passive19_0100,Source/Game/pass19.c,table,high,0.96,,1.0
06063244,Passive19_0101,Source/Game/pass19.c,table,high,0.98,,1.0
0606329C,Passive19_0102,Source/Game/pass19.c,table,high,0.75,,1.0
0606330C,Passive19_0103,Source/Game/pass19.c,table,high,0.64,,1.0
0606332C,Passive19_0104,Source/Game/pass19.c,table,high,0.96,,1.0
0606335E,Passive19_0105,Source/Game/pass19.c,table,high,0.96,,1.0
06063390,Passive19_0106,Source/Game/pass19.c,table,high,0.96,,1.0
060633C2,Passive19_0107,Source/Game/pass19.c,table,high,0.72,,1.0
060633FE,Passive19_0108,Source/Game/pass19.c,table,high,0.64,,1.0
0606341E,Passive19_0109,Source/Game/pass19.c,table,high,0.93,,1.0
06063478,Passive19_0110,Source/Game/pass19.c,table,high,0.72,,1.0
060634B4,Passive19_0111,Source/Game/pass19.c,table,high,0.66,,1.0
0606354C,Passive19_0112,Source/Game/pass19.c,table,high,0.72,,1.0
0606356E,Passive19_0113,Source/Game/pass19.c,table,high,0.99,,1.0
060635B6,Passive19_0114,Source/Game/pass19.c,table,high,1.0,,1.0
06063604,Passive19_0115,Source/Game/pass19.c,table,high,0.65,,1.0
0606366A,Passive19_0116,Source/Game/pass19.c,table,high,1.0,,1.0
060636AC,Passive19_0117,Source/Game/pass19.c,table,high,0.96,,1.0
060636DE,Passive19_0118,Source/Game/pass19.c,table,high,0.64,,1.0
060636FE,Passive19_0119,Source/Game/pass19.c,table,high,0.86,,1.0
06063796,Passive19_0120,Source/Game/pass19.c,table,high,1.0,,1.0
060637D8,Passive19_0121,Source/Game/pass19.c,table,high,1.0,,1.0
0606381A,Passive19_0122,Source/Game/pass19.c,table,high,1.0,,1.0
0606385C,Passive19_0123,Source/Game/pass19.c,table,high,0.7,,1.0
060638BE,Passive19_0124,Source/Game/pass19.c,table,high,1.0,,1.0
06063900,Passive19_0125,Source/Game/pass19.c,table,high,1.0,,1.0
06063942,Passive19_0126,Source/Game/pass19.c,table,high,0.97,,1.0
06063986,Passive19_0127,Source/Game/pass19.c,table,high,0.64,,1.0
060639BC,Passive19_0128,Source/Game/pass19.c,table,high,0.94,,1.0
060639FC,Passive19_0129,Source/Game/pass19.c,table,high,0.96,,1.0
06063A2E,Passive19_0130,Source/Game/pass19.c,table,high,0.96,,1.0
06063A60,Passive19_0131,Source/Game/pass19.c,table,high,0.96,,1.0
06063A92,Passive19_0132,Source/Game/pass19.c,table,high,0.73,1.0,1.0
06063AE8,Passive19_0133,Source/Game/pass19.c,table,high,0.94,,1.0
06063B28,Passive19_0134,Source/Game/pass19.c,table,high,0.96,,1.0
06063B5A,Passive19_0135,Source/Game/pass19.c,table,high,0.94,,1.0
06063B9A,Passive19_0136,Source/Game/pass19.c,table,high,0.94,,1.0
06063BF4,Passive19_0137,Source/Game/pass19.c,table,high,1.0,,1.0
06063C40,Passive19_0138,Source/Game/pass19.c,table,high,0.94,,1.0
06063C80,Passive19_0139,Source/Game/pass19.c,table,high,0.96,,1.0
06063CB2,Passive19_0140,Source/Game/pass19.c,table,high,0.56,,1.0
06063CD0,Passive19_0141,Source/Game/pass19.c,table,high,0.79,,1.0
06063D3C,Passive19_0142,Source/Game/pass19.c,table,high,0.56,,1.0
06063D5A,Passive19_0143,Source/Game/pass19.c,table,high,0.99,,1.0
06063DA2,Passive19_0144,Source/Game/pass19.c,table,high,1.0,,1.0
06063E24,Passive19_0145,Source/Game/pass19.c,table,high,1.0,1.0,1.0
06063EA6,Passive19_0146,Source/Game/pass19.c,table,high,0.96,,1.0
06063F2C,Passive19_0147,Source/Game/pass19.c,table,high,0.94,1.0,1.0
06063F6C,Passive19_0148,Source/Game/pass19.c,table,high,0.64,,1.0
06063F94,Passive19_0149,Source/Game/pass19.c,table,high,1.0,,1.0
06063FD6,Passive19_0150,Source/Game/pass19.c,table,high,1.0,,1.0
06064058,Passive19_0151,Source/Game/pass19.c,table,high,0.2,,0.8
0606407C,Passive19_0152,Source/Game/pass19.c,table,high,0.49,,0.86
060640C4,Passive19_0153,Source/Game/pass19.c,table,high,0.97,,1.0
06064108,Passive19_0154,Source/Game/pass19.c,table,high,0.53,,0.86
0606416A,Passive19_0155,Source/Game/pass19.c,table,high,0.99,,1.0
060641AC,Passive19_0156,Source/Game/pass19.c,table,high,0.95,1.0,1.0
060641F8,Passive19_0157,Source/Game/pass19.c,table,high,0.72,,1.0
0606421A,Passive19_0158,Source/Game/pass19.c,table,high,0.72,,1.0
06064264,Passive19_0159,Source/Game/pass19.c,table,high,0.64,,1.0
06064284,Passive19_0160,Source/Game/pass19.c,table,high,0.38,,0.83
060642FE,Passive19_0161,Source/Game/pass19.c,table,high,0.34,,0.8
0606436C,Passive19_0162,Source/Game/pass19.c,table,high,0.34,,0.8
060643D8,Passive19_0163,Source/Game/pass19.c,table,high,0.72,,1.0
060643FA,Passive19_0164,Source/Game/pass19.c,table,high,0.96,,1.0
0606442C,Passive19_0165,Source/Game/pass19.c,table,high,0.81,,1.0
0606447C,Passive19_0166,Source/Game/pass19.c,table,high,1.0,,1.0
060644E0,Passive19_0167,Source/Game/pass19.c,table,high,0.99,,1.0
06064528,Passive19_0168,Source/Game/pass19.c,table,high,0.95,,1.0
0606457A,Passive19_0169,Source/Game/pass19.c,table,high,0.98,,1.0
060645CC,Passive19_0170,Source/Game/pass19.c,table,high,0.53,,0.86
0606462C,Passive19_0171,Source/Game/pass19.c,table,high,0.55,,0.89
0606469A,Passive19_0172,Source/Game/pass19.c,table,high,0.56,,1.0
060646B8,Passive19_0173,Source/Game/pass19.c,table,high,0.56,,1.0
060646D6,Passive19_0174,Source/Game/pass19.c,table,high,0.56,,1.0
06064718,Passive19_0175,Source/Game/pass19.c,table,high,0.56,,1.0
0606475C,Pattern00_0000,Source/Game/ACTIVE00.c,table,high,0.64,,1.0
06064784,Pattern00_0001,Source/Game/ACTIVE00.c,table,high,0.32,,0.8
060647B0,Pattern00_0002,Source/Game/ACTIVE00.c,table,high,0.96,,1.0
060647E2,Pattern00_0003,Source/Game/ACTIVE00.c,table,high,0.64,,1.0
0606480E,Pattern00_0004,Source/Game/ACTIVE00.c,table,high,0.96,,1.0
06064840,Pattern00_0005,Source/Game/ACTIVE00.c,table,high,0.91,,1.0
06064898,Pattern00_0006,Source/Game/ACTIVE00.c,table,high,0.56,,1.0
060648B6,Pattern00_0007,Source/Game/ACTIVE00.c,table,high,0.64,,1.0
060648D6,Pattern00_0008,Source/Game/ACTIVE00.c,table,high,0.32,,0.8
06064902,Pattern00_0009,Source/Game/ACTIVE00.c,table,high,0.69,,1.0
06064938,Pattern00_0010,Source/Game/ACTIVE00.c,table,high,0.64,,1.0
06064980,Pattern00_0011,Source/Game/ACTIVE00.c,table,high,0.32,,0.8
060649AC,Pattern00_0012,Source/Game/ACTIVE00.c,table,high,0.64,,1.0
060649CC,Pattern00_0013,Source/Game/ACTIVE00.c,table,high,0.64,,1.0
060649EC,Pattern00_0014,Source/Game/ACTIVE00.c,table,high,1.0,,1.0
06064A2E,Pattern00_0015,Source/Game/ACTIVE00.c,table,medium,0.22,,0.67
06064A50,Pattern00_0016,Source/Game/ACTIVE00.c,table,high,0.95,,1.0
06064AA2,Pattern00_0017,Source/Game/ACTIVE00.c,table,high,0.96,,1.0
06064AD4,Pattern00_0018,Source/Game/ACTIVE00.c,table,high,0.96,,1.0
06064B06,Pattern00_0019,Source/Game/ACTIVE00.c,table,high,0.96,1.0,1.0
06064B48,Pattern00_0020,Source/Game/ACTIVE00.c,table,high,1.0,,1.0
06064BB0,Pattern00_0021,Source/Game/ACTIVE00.c,table,high,1.0,,1.0
06064BF2,Pattern00_0022,Source/Game/ACTIVE00.c,table,high,0.98,,1.0
06064C54,Pattern00_0023,Source/Game/ACTIVE00.c,table,high,0.64,1.0,1.0
06064C74,Pattern00_0024,Source/Game/ACTIVE00.c,table,high,0.72,,1.0
06064CC8,Pattern00_0025,Source/Game/ACTIVE00.c,table,high,0.75,,1.0
06064CF8,Pattern00_0026,Source/Game/ACTIVE00.c,table,high,0.97,,1.0
06064D36,Pattern00_0027,Source/Game/ACTIVE00.c,table,high,1.0,,1.0
06064D78,Pattern00_0028,Source/Game/ACTIVE00.c,table,high,0.64,1.0,1.0
06064DC4,Pattern00_0029,Source/Game/ACTIVE00.c,table,medium,0.23,,0.67
06064E04,Pattern00_0030,Source/Game/ACTIVE00.c,table,medium,0.25,,0.67
06064E48,Pattern00_0031,Source/Game/ACTIVE00.c,table,high,0.94,,1.0
06064E88,Pattern00_0032,Source/Game/ACTIVE00.c,table,high,1.0,,1.0
06064ED0,Pattern00_0033,Source/Game/ACTIVE00.c,table,high,0.64,,1.0
06064EFC,Pattern00_0034,Source/Game/ACTIVE00.c,table,high,0.97,1.0,1.0
06064F4C,Pattern00_0035,Source/Game/ACTIVE00.c,table,high,0.64,,1.0
06064F6C,Pattern00_0036,Source/Game/ACTIVE00.c,table,high,0.64,,1.0
06064F8C,Pattern00_0037,Source/Game/ACTIVE00.c,table,high,0.97,,1.0
06064FDC,Pattern00_0038,Source/Game/ACTIVE00.c,table,high,0.96,,1.0
0606502A,Pattern00_0039,Source/Game/ACTIVE00.c,table,high,0.94,,1.0
0606506A,Pattern00_0040,Source/Game/ACTIVE00.c,table,high,0.99,,1.0
060650D0,Pattern00_0041,Source/Game/ACTIVE00.c,table,high,0.94,,1.0
06065110,Pattern00_0042,Source/Game/ACTIVE00.c,table,medium,0.23,,0.67
06065150,Pattern00_0043,Source/Game/ACTIVE00.c,table,high,1.0,,1.0
06065192,Pattern00_0044,Source/Game/ACTIVE00.c,table,high,0.72,,1.0
060651F2,Pattern00_0045,Source/Game/ACTIVE00.c,table,high,1.0,,1.0
06065234,Pattern00_0046,Source/Game/ACTIVE00.c,table,high,1.0,,1.0
0606526C,Pattern00_0047,Source/Game/ACTIVE00.c,table,high,1.0,,1.0
060652A4,Pattern00_0048,Source/Game/ACTIVE00.c,table,high,1.0,,1.0
060652DC,Pattern00_0049,Source/Game/ACTIVE00.c,table,high,0.86,,1.0
06065328,Pattern00_0050,Source/Game/ACTIVE00.c,table,high,0.86,,1.0
0606535A,Pattern00_0051,Source/Game/ACTIVE00.c,table,high,0.96,,1.0
0606538C,Pattern00_0052,Source/Game/ACTIVE00.c,table,high,1.0,,1.0
060653DC,Pattern00_0053,Source/Game/ACTIVE00.c,table,high,1.0,,1.0
06065416,Pattern00_0054,Source/Game/ACTIVE00.c,table,high,0.81,,1.0
06065466,Pattern00_0055,Source/Game/ACTIVE00.c,table,high,0.64,,1.0
06065492,Pattern00_0056,Source/Game/ACTIVE00.c,table,high,1.0,,1.0
060654E4,Pattern00_0057,Source/Game/ACTIVE00.c,table,high,0.94,1.0,1.0
0606555C,Pattern00_0058,Source/Game/ACTIVE00.c,table,high,0.64,,1.0
06065584,Pattern00_0059,Source/Game/ACTIVE00.c,table,high,0.96,,1.0
060655B6,Pattern00_0060,Source/Game/ACTIVE00.c,table,high,0.72,,1.0
060655D8,Pattern00_0061,Source/Game/ACTIVE00.c,table,high,0.32,,0.8
06065604,Pattern00_0062,Source/Game/ACTIVE00.c,table,high,0.64,,1.0
06065624,Pattern00_0063,Source/Game/ACTIVE00.c,table,high,0.72,,1.0
06065664,Pattern00_0064,Source/Game/ACTIVE00.c,table,high,0.56,,1.0
06065682,Pattern00_0065,Source/Game/ACTIVE00.c,table,high,0.94,1.0,1.0
060656C2,Pattern00_0066,Source/Game/ACTIVE00.c,table,high,0.96,,1.0
06065704,Pattern00_0067,Source/Game/ACTIVE00.c,table,high,0.96,,1.0
060657AC,Pattern01_0000,Source/Game/active01.c,table,high,0.64,,1.0
060657D4,Pattern01_0001,Source/Game/active01.c,table,high,0.2,,0.8
060657F8,Pattern01_0002,Source/Game/active01.c,table,high,0.94,,1.0
06065838,Pattern01_0003,Source/Game/active01.c,table,high,0.64,,1.0
06065864,Pattern01_0004,Source/Game/active01.c,table,high,0.62,,1.0
060658C2,Pattern01_0005,Source/Game/active01.c,table,high,0.98,,1.0
06065908,Pattern01_0006,Source/Game/active01.c,table,high,0.56,,1.0
06065926,Pattern01_0007,Source/Game/active01.c,table,high,0.95,,1.0
06065972,Pattern01_0008,Source/Game/active01.c,table,high,0.64,,1.0
060659B8,Pattern01_0009,Source/Game/active01.c,table,high,0.69,,1.0
060659EE,Pattern01_0010,Source/Game/active01.c,table,high,0.64,,1.0
06065A0E,Pattern01_0011,Source/Game/active01.c,table,high,0.64,,1.0
06065A2E,Pattern01_0012,Source/Game/active01.c,table,high,0.64,,1.0
06065A4E,Pattern01_0013,Source/Game/active01.c,table,high,0.72,,1.0
06065A70,Pattern01_0014,Source/Game/active01.c,table,high,0.7,,1.0
06065AD2,Pattern01_0015,Source/Game/active01.c,table,high,0.72,,1.0
06065AF4,Pattern01_0016,Source/Game/active01.c,table,high,0.72,,1.0
06065B16,Pattern01_0017,Source/Game/active01.c,table,high,0.96,,1.0
06065B48,Pattern01_0018,Source/Game/active01.c,table,high,0.96,,1.0
06065B7A,Pattern01_0019,Source/Game/active01.c,table,high,0.72,,1.0
06065BC4,Pattern01_0020,Source/Game/active01.c,table,high,0.99,,1.0
06065C0C,Pattern01_0021,Source/Game/active01.c,table,high,1.0,,1.0
06065C4E,Pattern01_0022,Source/Game/active01.c,table,high,0.96,,1.0
06065C80,Pattern01_0023,Source/Game/active01.c,table,high,0.64,1.0,1.0
06065CA0,Pattern01_0024,Source/Game/active01.c,table,high,0.72,,1.0
06065CE8,Pattern01_0025,Source/Game/active01.c,table,high,0.72,,1.0
06065D0A,Pattern01_0026,Source/Game/active01.c,table,high,0.97,,1.0
06065D48,Pattern01_0027,Source/Game/active01.c,table,high,0.56,,1.0
06065D66,Pattern01_0028,Source/Game/active01.c,table,high,0.64,1.0,1.0
06065D86,Pattern01_0029,Source/Game/active01.c,table,medium,0.25,,0.67
06065DF4,Pattern01_0030,Source/Game/active01.c,table,high,0.32,,0.8
06065E20,Pattern01_0031,Source/Game/active01.c,table,high,1.0,,1.0
06065E70,Pattern01_0032,Source/Game/active01.c,table,high,0.94,,1.0
06065EB0,Pattern01_0033,Source/Game/active01.c,table,high,0.87,,1.0
06065F14,Pattern01_0034,Source/Game/active01.c,table,medium,0.22,,0.67
06065F52,Pattern01_0035,Source/Game/active01.c,table,high,0.64,,1.0
06065F72,Pattern01_0036,Source/Game/active01.c,table,high,0.64,,1.0
06065F92,Pattern01_0037,Source/Game/active01.c,table,high,0.96,,1.0
06065FD4,Pattern01_0038,Source/Game/active01.c,table,high,1.0,,1.0
0606602C,Pattern01_0039,Source/Game/active01.c,table,high,0.99,,1.0
06066074,Pattern01_0040,Source/Game/active01.c,table,high,0.94,,1.0
060660B4,Pattern01_0041,Source/Game/active01.c,table,high,0.94,,1.0
06066110,Pattern01_0042,Source/Game/active01.c,table,medium,0.21,,0.67
0606614C,Pattern01_0043,Source/Game/active01.c,table,high,0.38,,0.83
060661E0,Pattern01_0044,Source/Game/active01.c,table,high,0.26,,0.8
06066232,Pattern01_0045,Source/Game/active01.c,table,high,0.34,,0.8
0606629E,Pattern01_0046,Source/Game/active01.c,table,high,0.96,1.0,1.0
060662D0,Pattern01_0047,Source/Game/active01.c,table,high,0.96,1.0,1.0
06066302,Pattern01_0048,Source/Game/active01.c,table,high,0.99,,1.0
06066338,Pattern01_0049,Source/Game/active01.c,table,high,0.96,,1.0
0606636A,Pattern01_0050,Source/Game/active01.c,table,high,0.96,,1.0
0606639C,Pattern01_0051,Source/Game/active01.c,table,high,0.96,,1.0
060663FC,Pattern01_0052,Source/Game/active01.c,table,high,0.99,,1.0
06066468,Pattern01_0053,Source/Game/active01.c,table,high,0.99,,1.0
060664D4,Pattern01_0054,Source/Game/active01.c,table,high,0.97,1.0,1.0
06066540,Pattern01_0055,Source/Game/active01.c,table,high,0.64,,1.0
06066568,Pattern01_0056,Source/Game/active01.c,table,high,0.96,,1.0
0606659A,Pattern01_0057,Source/Game/active01.c,table,high,0.96,,1.0
060665CC,Pattern01_0058,Source/Game/active01.c,table,high,0.96,,1.0
060665FE,Pattern01_0059,Source/Game/active01.c,table,high,0.81,,1.0
0606664E,Pattern01_0060,Source/Game/active01.c,table,high,0.96,,1.0
06066680,Pattern01_0061,Source/Game/active01.c,table,high,0.96,,1.0
060666B2,Pattern01_0062,Source/Game/active01.c,table,high,0.72,,1.0
060666D4,Pattern01_0063,Source/Game/active01.c,table,high,0.72,,1.0
060666F6,Pattern01_0064,Source/Game/active01.c,table,high,0.96,,1.0
06066740,Pattern01_0065,Source/Game/active01.c,table,high,0.96,,1.0
06066772,Pattern01_0066,Source/Game/active01.c,table,high,0.96,,1.0
060667A4,Pattern01_0067,Source/Game/active01.c,table,high,0.72,,1.0
060667C6,Pattern01_0068,Source/Game/active01.c,table,high,0.99,,1.0
060667FC,Pattern01_0069,Source/Game/active01.c,table,high,0.8,,1.0
0606688C,Pattern02_0000,Source/Game/active02.c,table,high,0.64,,1.0
060668B4,Pattern02_0001,Source/Game/active02.c,table,medium,0.23,,0.67
060668F4,Pattern02_0002,Source/Game/active02.c,table,high,0.96,,1.0
06066926,Pattern02_0003,Source/Game/active02.c,table,high,0.32,,0.8
06066952,Pattern02_0004,Source/Game/active02.c,table,high,0.7,,1.0
060669AA,Pattern02_0005,Source/Game/active02.c,table,high,0.72,,1.0
060669CC,Pattern02_0006,Source/Game/active02.c,table,high,0.56,,1.0
060669EA,Pattern02_0007,Source/Game/active02.c,table,high,0.95,,1.0
06066A26,Pattern02_0008,Source/Game/active02.c,table,high,0.99,,1.0
06066A6A,Pattern02_0009,Source/Game/active02.c,table,high,0.67,,1.0
06066AC4,Pattern02_0010,Source/Game/active02.c,table,high,0.64,,1.0
06066AE4,Pattern02_0011,Source/Game/active02.c,table,high,0.64,,1.0
06066B04,Pattern02_0012,Source/Game/active02.c,table,high,0.64,,1.0
06066B24,Pattern02_0013,Source/Game/active02.c,table,high,0.64,,1.0
06066B44,Pattern02_0014,Source/Game/active02.c,table,high,0.99,,1.0
06066B88,Pattern02_0015,Source/Game/active02.c,table,high,0.72,,1.0
06066BCC,Pattern02_0016,Source/Game/active02.c,table,high,0.72,,1.0
06066BEE,Pattern02_0017,Source/Game/active02.c,table,high,0.96,,1.0
06066C20,Pattern02_0018,Source/Game/active02.c,table,high,0.69,,1.0
06066C52,Pattern02_0019,Source/Game/active02.c,table,high,1.0,,1.0
06066C9E,Pattern02_0020,Source/Game/active02.c,table,high,0.59,,1.0
06066CFE,Pattern02_0021,Source/Game/active02.c,table,high,0.96,,1.0
06066D30,Pattern02_0022,Source/Game/active02.c,table,high,0.99,,1.0
06066D74,Pattern02_0023,Source/Game/active02.c,table,high,0.64,,1.0
06066D94,Pattern02_0024,Source/Game/active02.c,table,high,0.72,,1.0
06066DB6,Pattern02_0025,Source/Game/active02.c,table,high,0.72,,1.0
06066E00,Pattern02_0026,Source/Game/active02.c,table,high,0.96,,1.0
06066E48,Pattern02_0027,Source/Game/active02.c,table,high,0.56,,1.0
06066E66,Pattern02_0028,Source/Game/active02.c,table,high,0.64,,1.0
06066E86,Pattern02_0029,Source/Game/active02.c,table,high,0.94,,1.0
06066EC6,Pattern02_0030,Source/Game/active02.c,table,high,0.95,,1.0
06066F18,Pattern02_0031,Source/Game/active02.c,table,high,1.0,,1.0
06066F6A,Pattern02_0032,Source/Game/active02.c,table,high,0.32,,0.8
06066F96,Pattern02_0033,Source/Game/active02.c,table,high,0.94,,1.0
06066FD6,Pattern02_0034,Source/Game/active02.c,table,high,0.98,,1.0
06067032,Pattern02_0035,Source/Game/active02.c,table,high,0.64,,1.0
06067052,Pattern02_0036,Source/Game/active02.c,table,high,0.64,,1.0
06067072,Pattern02_0037,Source/Game/active02.c,table,high,0.72,,1.0
06067094,Pattern02_0038,Source/Game/active02.c,table,high,0.96,,1.0
060670E2,Pattern02_0039,Source/Game/active02.c,table,high,0.77,,1.0
06067150,Pattern02_0040,Source/Game/active02.c,table,high,0.94,,1.0
06067190,Pattern02_0041,Source/Game/active02.c,table,high,0.96,,1.0
060671DE,Pattern02_0042,Source/Game/active02.c,table,medium,0.17,,0.57
0606723A,Pattern02_0043,Source/Game/active02.c,table,high,0.99,1.0,1.0
0606727E,Pattern02_0044,Source/Game/active02.c,table,high,0.99,,1.0
060672C2,Pattern02_0045,Source/Game/active02.c,table,high,0.99,,1.0
06067306,Pattern02_0046,Source/Game/active02.c,table,medium,0.27,,0.67
06067370,Pattern02_0047,Source/Game/active02.c,table,high,1.0,,1.0
060673B6,Pattern02_0048,Source/Game/active02.c,table,high,0.95,,1.0
06067490,Pattern02_0049,Source/Game/active02.c,table,high,1.0,,1.0
06067518,Pattern02_0050,Source/Game/active02.c,table,high,0.96,,1.0
0606754A,Pattern02_0051,Source/Game/active02.c,table,high,1.0,,1.0
060675BC,Pattern02_0052,Source/Game/active02.c,table,high,1.0,,1.0
06067602,Pattern02_0053,Source/Game/active02.c,table,high,0.96,1.0,1.0
06067634,Pattern02_0054,Source/Game/active02.c,table,high,0.96,,1.0
06067666,Pattern02_0055,Source/Game/active02.c,table,high,0.56,,1.0
06067684,Pattern02_0056,Source/Game/active02.c,table,high,0.96,1.0,1.0
060676B6,Pattern02_0057,Source/Game/active02.c,table,high,0.97,1.0,1.0
060676F4,Pattern02_0058,Source/Game/active02.c,table,high,0.97,1.0,1.0
06067732,Pattern02_0059,Source/Game/active02.c,table,high,0.97,1.0,1.0
06067770,Pattern02_0060,Source/Game/active02.c,table,high,0.78,1.0,1.0
060677D4,Pattern02_0061,Source/Game/active02.c,table,high,0.64,,1.0
060677E8,Pattern02_0062,Source/Game/active02.c,table,high,0.99,,1.0
06067830,Pattern02_0063,Source/Game/active02.c,table,high,0.99,,1.0
06067874,Pattern02_0064,Source/Game/active02.c,table,high,0.88,,1.0
06067922,Pattern02_0065,Source/Game/active02.c,table,high,0.99,,1.0
0606796A,Pattern02_0066,Source/Game/active02.c,table,high,0.99,,1.0
060679DC,Pattern02_0067,Source/Game/active02.c,table,high,0.99,,1.0
06067A24,Pattern02_0068,Source/Game/active02.c,table,high,0.99,,1.0
06067A6C,Pattern02_0069,Source/Game/active02.c,table,high,0.96,,1.0
06067AAE,Pattern02_0070,Source/Game/active02.c,table,high,0.98,,1.0
06067AFA,Pattern02_0071,Source/Game/active02.c,table,high,0.64,,1.0
06067B26,Pattern02_0072,Source/Game/active02.c,table,high,1.0,,1.0
06067B6E,Pattern02_0073,Source/Game/active02.c,table,high,0.72,,1.0
06067B90,Pattern02_0074,Source/Game/active02.c,table,high,0.96,,1.0
06067C00,pl00_extra_attack,Source/Game/PLPAT00.c,table-align,medium,0.85,,
06067C18,Pattern03_0000,Source/Game/active03.c,table,high,0.64,,1.0
06067C40,Pattern03_0001,Source/Game/active03.c,table,high,0.2,,0.8
06067C64,Pattern03_0002,Source/Game/active03.c,table,high,0.99,,1.0
06067C9A,Pattern03_0003,Source/Game/active03.c,table,high,0.64,,1.0
06067CC6,Pattern03_0004,Source/Game/active03.c,table,high,0.96,,1.0
06067CF8,Pattern03_0005,Source/Game/active03.c,table,high,0.73,,1.0
06067D44,Pattern03_0006,Source/Game/active03.c,table,high,0.56,,1.0
06067D62,Pattern03_0007,Source/Game/active03.c,table,high,0.95,,1.0
06067DAE,Pattern03_0008,Source/Game/active03.c,table,high,0.32,,0.8
06067DDA,Pattern03_0009,Source/Game/active03.c,table,high,0.69,,1.0
06067E40,Pattern03_0010,Source/Game/active03.c,table,high,0.64,,1.0
06067E60,Pattern03_0011,Source/Game/active03.c,table,high,0.32,,0.8
06067E8C,Pattern03_0012,Source/Game/active03.c,table,high,0.64,,1.0
06067EAC,Pattern03_0013,Source/Game/active03.c,table,high,0.72,,1.0
06067ECE,Pattern03_0014,Source/Game/active03.c,table,high,1.0,,1.0
06067F10,Pattern03_0015,Source/Game/active03.c,table,high,0.72,,1.0
06067F5C,Pattern03_0016,Source/Game/active03.c,table,high,0.75,,1.0
06067F8C,Pattern03_0017,Source/Game/active03.c,table,high,0.96,,1.0
06067FBE,Pattern03_0018,Source/Game/active03.c,table,high,0.96,0.0,1.0
06067FF0,Pattern03_0019,Source/Game/active03.c,table,high,0.96,,1.0
06068022,Pattern03_0020,Source/Game/active03.c,table,high,0.85,,1.0
06068088,Pattern03_0021,Source/Game/active03.c,table,high,1.0,,1.0
060680CA,Pattern03_0022,Source/Game/active03.c,table,high,1.0,,1.0
0606810C,Pattern03_0023,Source/Game/active03.c,table,high,0.64,1.0,1.0
0606812C,Pattern03_0024,Source/Game/active03.c,table,high,1.0,,1.0
06068198,Pattern03_0025,Source/Game/active03.c,table,high,0.75,,1.0
060681C8,Pattern03_0026,Source/Game/active03.c,table,high,0.97,,1.0
06068206,Pattern03_0027,Source/Game/active03.c,table,high,0.56,,1.0
06068224,Pattern03_0028,Source/Game/active03.c,table,high,0.64,1.0,1.0
06068244,Pattern03_0029,Source/Game/active03.c,table,medium,0.3,,0.75
060682C4,Pattern03_0030,Source/Game/active03.c,table,medium,0.3,,0.75
06068320,Pattern03_0031,Source/Game/active03.c,table,high,0.96,,1.0
06068362,Pattern03_0032,Source/Game/active03.c,table,high,0.89,,1.0
060683C4,Pattern03_0033,Source/Game/active03.c,table,high,0.64,,1.0
060683F0,Pattern03_0034,Source/Game/active03.c,table,high,0.94,,1.0
06068430,Pattern03_0035,Source/Game/active03.c,table,high,0.64,,1.0
06068450,Pattern03_0036,Source/Game/active03.c,table,high,0.64,,1.0
06068470,Pattern03_0037,Source/Game/active03.c,table,high,0.95,,1.0
060684CA,Pattern03_0038,Source/Game/active03.c,table,high,0.98,,1.0
0606851C,Pattern03_0039,Source/Game/active03.c,table,high,1.0,,1.0
06068568,Pattern03_0040,Source/Game/active03.c,table,high,0.94,,1.0
060685C4,Pattern03_0041,Source/Game/active03.c,table,high,0.94,,1.0
06068604,Pattern03_0042,Source/Game/active03.c,table,medium,0.25,,0.67
0606864A,Pattern03_0043,Source/Game/active03.c,table,high,1.0,0.0,1.0
0606868C,Pattern03_0044,Source/Game/active03.c,table,high,0.7,,1.0
060686EE,Pattern03_0045,Source/Game/active03.c,table,medium,0.27,,0.67
0606873A,Pattern03_0046,Source/Game/active03.c,table,high,0.96,,1.0
0606876C,Pattern03_0047,Source/Game/active03.c,table,high,0.96,1.0,1.0
0606879E,Pattern03_0048,Source/Game/active03.c,table,high,0.7,1.0,1.0
060687F6,Pattern03_0049,Source/Game/active03.c,table,high,0.96,,1.0
06068828,Pattern03_0050,Source/Game/active03.c,table,high,0.96,,1.0
0606885A,Pattern03_0051,Source/Game/active03.c,table,high,0.96,,1.0
0606888C,Pattern03_0052,Source/Game/active03.c,table,high,0.99,,1.0
060688D4,Pattern03_0053,Source/Game/active03.c,table,high,0.99,,1.0
0606891C,Pattern03_0054,Source/Game/active03.c,table,high,0.98,0.0,1.0
06068978,Pattern03_0055,Source/Game/active03.c,table,high,1.0,,1.0
060689BA,Pattern03_0056,Source/Game/active03.c,table,high,0.69,,1.0
06068A3A,Pattern03_0057,Source/Game/active03.c,table,high,1.0,,1.0
06068A8C,Pattern03_0058,Source/Game/active03.c,table,high,1.0,,1.0
06068B44,Pattern03_0059,Source/Game/active03.c,table,high,0.99,,1.0
06068BC2,Pattern03_0060,Source/Game/active03.c,table,high,0.89,,1.0
06068C76,Pattern03_0061,Source/Game/active03.c,table,high,1.0,0.0,1.0
06068CEC,Pattern03_0062,Source/Game/active03.c,table,high,1.0,,1.0
06068D74,Pattern03_0063,Source/Game/active03.c,table,high,0.96,,1.0
06068DB6,Pattern03_0064,Source/Game/active03.c,table,medium,0.3,,0.75
06068E18,Pattern03_0065,Source/Game/active03.c,table,high,0.94,,1.0
06068E74,Pattern03_0066,Source/Game/active03.c,table,high,1.0,,1.0
06068EAE,Pattern03_0067,Source/Game/active03.c,table,high,0.99,,1.0
06068EE4,Pattern03_0068,Source/Game/active03.c,table,high,0.96,,1.0
06068F16,Pattern03_0069,Source/Game/active03.c,table,high,0.96,,1.0
06068F48,Pattern03_0070,Source/Game/active03.c,table,high,0.96,,1.0
06068F7A,Pattern03_0071,Source/Game/active03.c,table,high,0.96,,1.0
06068FC0,pl01_extra_attack,Source/Game/PLPAT01.c,table-align,medium,0.85,,
06068FD8,Pattern04_0000,Source/Game/active04.c,table,high,0.64,,1.0
06069000,Pattern04_0001,Source/Game/active04.c,table,medium,0.18,,0.67
06069038,Pattern04_0002,Source/Game/active04.c,table,high,0.96,,1.0
0606906A,Pattern04_0003,Source/Game/active04.c,table,high,0.2,,0.8
0606908E,Pattern04_0004,Source/Game/active04.c,table,high,0.96,,1.0
060690C0,Pattern04_0005,Source/Game/active04.c,table,high,0.89,,1.0
0606911A,Pattern04_0006,Source/Game/active04.c,table,high,0.56,,1.0
06069138,Pattern04_0007,Source/Game/active04.c,table,high,0.95,,1.0
06069184,Pattern04_0008,Source/Game/active04.c,table,high,0.99,,1.0
060691C8,Pattern04_0009,Source/Game/active04.c,table,high,0.96,,1.0
06069228,Pattern04_0010,Source/Game/active04.c,table,high,0.64,,1.0
06069248,Pattern04_0011,Source/Game/active04.c,table,high,0.64,,1.0
06069268,Pattern04_0012,Source/Game/active04.c,table,high,0.64,,1.0
06069288,Pattern04_0013,Source/Game/active04.c,table,high,0.64,,1.0
060692A8,Pattern04_0014,Source/Game/active04.c,table,high,0.99,,1.0
060692EC,Pattern04_0015,Source/Game/active04.c,table,high,0.72,,1.0
06069334,Pattern04_0016,Source/Game/active04.c,table,high,0.72,,1.0
06069356,Pattern04_0017,Source/Game/active04.c,table,high,0.96,,1.0
06069388,Pattern04_0018,Source/Game/active04.c,table,high,0.74,,1.0
060693D2,Pattern04_0019,Source/Game/active04.c,table,high,0.98,,1.0
06069448,Pattern04_0020,Source/Game/active04.c,table,high,0.99,,1.0
06069490,Pattern04_0021,Source/Game/active04.c,table,high,0.96,,1.0
060694C2,Pattern04_0022,Source/Game/active04.c,table,high,0.99,,1.0
06069506,Pattern04_0023,Source/Game/active04.c,table,high,0.64,,1.0
06069526,Pattern04_0024,Source/Game/active04.c,table,high,0.72,,1.0
06069570,Pattern04_0025,Source/Game/active04.c,table,high,0.72,,1.0
06069592,Pattern04_0026,Source/Game/active04.c,table,high,0.96,,1.0
060695DA,Pattern04_0027,Source/Game/active04.c,table,high,0.56,,1.0
060695F8,Pattern04_0028,Source/Game/active04.c,table,high,0.64,1.0,1.0
06069618,Pattern04_0029,Source/Game/active04.c,table,high,0.94,,1.0
06069680,Pattern04_0030,Source/Game/active04.c,table,high,0.64,,1.0
060696B8,Pattern04_0031,Source/Game/active04.c,table,high,1.0,,1.0
0606970A,Pattern04_0032,Source/Game/active04.c,table,high,0.32,,0.8
06069736,Pattern04_0033,Source/Game/active04.c,table,high,0.84,,1.0
060697AE,Pattern04_0034,Source/Game/active04.c,table,high,0.64,,1.0
060697E2,Pattern04_0035,Source/Game/active04.c,table,high,0.64,,1.0
06069802,Pattern04_0036,Source/Game/active04.c,table,high,0.64,,1.0
06069822,Pattern04_0037,Source/Game/active04.c,table,high,0.7,,1.0
06069874,Pattern04_0038,Source/Game/active04.c,table,high,0.54,,0.91
060698D6,Pattern04_0039,Source/Game/active04.c,table,high,0.99,,1.0
0606991E,Pattern04_0040,Source/Game/active04.c,table,high,0.81,,1.0
0606999A,Pattern04_0041,Source/Game/active04.c,table,high,0.96,,1.0
060699E8,Pattern04_0042,Source/Game/active04.c,table,medium,0.15,,0.67
06069A38,Pattern04_0043,Source/Game/active04.c,table,high,0.62,1.0,1.0
06069AA0,Pattern04_0044,Source/Game/active04.c,table,high,0.99,,1.0
06069AE4,Pattern04_0045,Source/Game/active04.c,table,high,0.99,,1.0
06069B28,Pattern04_0046,Source/Game/active04.c,table,medium,0.27,,0.67
06069B74,Pattern04_0047,Source/Game/active04.c,table,high,0.8,,1.0
06069BD6,Pattern04_0048,Source/Game/active04.c,table,high,0.7,,1.0
06069C04,Pattern04_0049,Source/Game/active04.c,table,high,0.96,,1.0
06069C36,Pattern04_0050,Source/Game/active04.c,table,high,0.96,,1.0
06069C68,Pattern04_0051,Source/Game/active04.c,table,high,1.0,,1.0
06069CD0,Pattern04_0052,Source/Game/active04.c,table,high,1.0,,1.0
06069D16,Pattern04_0053,Source/Game/active04.c,table,high,0.96,1.0,1.0
06069D48,Pattern04_0054,Source/Game/active04.c,table,high,0.96,1.0,1.0
06069D7A,Pattern04_0055,Source/Game/active04.c,table,high,0.96,,1.0
06069DAC,Pattern04_0056,Source/Game/active04.c,table,high,0.96,,1.0
06069DDE,Pattern04_0057,Source/Game/active04.c,table,high,0.96,,1.0
06069E10,Pattern04_0058,Source/Game/active04.c,table,high,0.91,,1.0
06069E80,Pattern04_0059,Source/Game/active04.c,table,high,0.99,,1.0
06069EC8,Pattern04_0060,Source/Game/active04.c,table,high,1.0,1.0,1.0
06069F38,Pattern04_0061,Source/Game/active04.c,table,high,0.57,,1.0
06069F9A,Pattern04_0062,Source/Game/active04.c,table,high,1.0,,1.0
06069FD4,Pattern04_0063,Source/Game/active04.c,table,high,0.99,,1.0
0606A018,Pattern04_0064,Source/Game/active04.c,table,high,0.96,,1.0
0606A04A,Pattern04_0065,Source/Game/active04.c,table,high,0.96,,1.0
0606A07C,Pattern04_0066,Source/Game/active04.c,table,high,0.75,,1.0
0606A0D0,Pattern04_0067,Source/Game/active04.c,table,high,0.96,,1.0
0606A110,pl02_extra_attack,Source/Game/PLPAT02.c,table-align,medium,0.85,,
0606A128,Pattern05_0000,Source/Game/active05.c,table,high,0.64,,1.0
0606A150,Pattern05_0001,Source/Game/active05.c,table,medium,0.23,,0.67
0606A190,Pattern05_0002,Source/Game/active05.c,table,high,0.96,1.0,1.0
0606A1C2,Pattern05_0003,Source/Game/active05.c,table,high,0.32,,0.8
0606A1EE,Pattern05_0004,Source/Game/active05.c,table,high,0.64,,1.0
0606A24A,Pattern05_0005,Source/Game/active05.c,table,high,0.72,,1.0
0606A26C,Pattern05_0006,Source/Game/active05.c,table,high,0.56,,1.0
0606A28A,Pattern05_0007,Source/Game/active05.c,table,high,0.95,,1.0
0606A2D6,Pattern05_0008,Source/Game/active05.c,table,high,0.99,,1.0
0606A344,Pattern05_0009,Source/Game/active05.c,table,high,0.96,,1.0
0606A376,Pattern05_0010,Source/Game/active05.c,table,high,0.64,,1.0
0606A396,Pattern05_0011,Source/Game/active05.c,table,high,0.64,,1.0
0606A3B6,Pattern05_0012,Source/Game/active05.c,table,high,0.64,,1.0
0606A3D6,Pattern05_0013,Source/Game/active05.c,table,high,0.64,,1.0
0606A3F6,Pattern05_0014,Source/Game/active05.c,table,high,0.99,,1.0
0606A45C,Pattern05_0015,Source/Game/active05.c,table,high,0.72,,1.0
0606A47E,Pattern05_0016,Source/Game/active05.c,table,high,0.72,,1.0
0606A4A0,Pattern05_0017,Source/Game/active05.c,table,high,0.96,,1.0
0606A4D2,Pattern05_0018,Source/Game/active05.c,table,high,0.69,,1.0
0606A504,Pattern05_0019,Source/Game/active05.c,table,high,0.98,,1.0
0606A574,Pattern05_0020,Source/Game/active05.c,table,high,0.96,,1.0
0606A5A6,Pattern05_0021,Source/Game/active05.c,table,high,0.96,,1.0
0606A5D8,Pattern05_0022,Source/Game/active05.c,table,high,1.0,,1.0
0606A61A,Pattern05_0023,Source/Game/active05.c,table,high,0.64,,1.0
0606A63A,Pattern05_0024,Source/Game/active05.c,table,high,0.72,,1.0
0606A65C,Pattern05_0025,Source/Game/active05.c,table,high,0.79,,1.0
0606A6A4,Pattern05_0026,Source/Game/active05.c,table,high,0.96,,1.0
0606A6EC,Pattern05_0027,Source/Game/active05.c,table,high,0.56,,1.0
0606A70A,Pattern05_0028,Source/Game/active05.c,table,high,0.64,,1.0
0606A72A,Pattern05_0029,Source/Game/active05.c,table,high,0.94,1.0,1.0
0606A794,Pattern05_0030,Source/Game/active05.c,table,high,0.94,,1.0
0606A7D4,Pattern05_0031,Source/Game/active05.c,table,high,1.0,,1.0
0606A826,Pattern05_0032,Source/Game/active05.c,table,high,0.32,,0.8
0606A852,Pattern05_0033,Source/Game/active05.c,table,high,0.77,,1.0
0606A8C0,Pattern05_0034,Source/Game/active05.c,table,high,0.64,,1.0
0606A8F4,Pattern05_0035,Source/Game/active05.c,table,high,0.64,,1.0
0606A914,Pattern05_0036,Source/Game/active05.c,table,high,0.64,,1.0
0606A934,Pattern05_0037,Source/Game/active05.c,table,high,0.72,,1.0
0606A956,Pattern05_0038,Source/Game/active05.c,table,high,0.98,,1.0
0606A9DE,Pattern05_0039,Source/Game/active05.c,table,high,0.99,,1.0
0606AA26,Pattern05_0040,Source/Game/active05.c,table,high,0.94,,1.0
0606AA66,Pattern05_0041,Source/Game/active05.c,table,high,0.94,,1.0
0606AACC,Pattern05_0042,Source/Game/active05.c,table,medium,0.1,,0.57
0606AB0C,Pattern05_0043,Source/Game/active05.c,table,high,0.99,1.0,1.0
0606AB50,Pattern05_0044,Source/Game/active05.c,table,high,0.99,,1.0
0606AB94,Pattern05_0045,Source/Game/active05.c,table,medium,0.31,,0.75
0606AC10,Pattern05_0046,Source/Game/active05.c,table,medium,0.27,,0.67
0606AC5C,Pattern05_0047,Source/Game/active05.c,table,high,1.0,,1.0
0606ACA2,Pattern05_0048,Source/Game/active05.c,table,high,0.64,,1.0
0606ACB6,Pattern05_0049,Source/Game/active05.c,table,high,0.64,,1.0
0606ACCA,Pattern05_0050,Source/Game/active05.c,table,high,0.86,,1.0
0606AD16,Pattern05_0051,Source/Game/active05.c,table,high,1.0,,1.0
0606AD58,Pattern05_0052,Source/Game/active05.c,table,high,1.0,,1.0
0606AD9E,Pattern05_0053,Source/Game/active05.c,table,high,0.96,1.0,1.0
0606ADD0,Pattern05_0054,Source/Game/active05.c,table,high,0.96,,1.0
0606AE24,Pattern05_0055,Source/Game/active05.c,table,high,0.96,1.0,1.0
0606AE56,Pattern05_0056,Source/Game/active05.c,table,high,0.96,1.0,1.0
0606AE88,Pattern05_0057,Source/Game/active05.c,table,high,0.96,,1.0
0606AEBA,Pattern05_0058,Source/Game/active05.c,table,high,0.96,1.0,1.0
0606AEEC,Pattern05_0059,Source/Game/active05.c,table,high,0.96,1.0,1.0
0606AF1E,Pattern05_0060,Source/Game/active05.c,table,high,0.96,,1.0
0606AF50,Pattern05_0061,Source/Game/active05.c,table,high,0.96,1.0,1.0
0606AF82,Pattern05_0062,Source/Game/active05.c,table,high,0.96,,1.0
0606AFB4,Pattern05_0063,Source/Game/active05.c,table,high,0.72,,1.0
0606B014,Pattern05_0064,Source/Game/active05.c,table,high,1.0,,1.0
0606B056,Pattern05_0065,Source/Game/active05.c,table,high,1.0,,1.0
0606B098,Pattern05_0066,Source/Game/active05.c,table,high,0.56,,1.0
0606B0DC,pl03_extra_attack,Source/Game/PLPAT03.c,table-align,medium,0.85,,
0606B0F4,Pattern06_0000,Source/Game/active06.c,table,high,0.64,,1.0
0606B11C,Pattern06_0001,Source/Game/active06.c,table,high,0.96,1.0,1.0
0606B14E,Pattern06_0002,Source/Game/active06.c,table,high,0.98,,1.0
0606B182,Pattern06_0003,Source/Game/active06.c,table,high,0.96,,1.0
0606B1B4,Pattern06_0004,Source/Game/active06.c,table,high,0.96,1.0,1.0
0606B1E6,Pattern06_0005,Source/Game/active06.c,table,high,0.96,1.0,1.0
0606B218,Pattern06_0006,Source/Game/active06.c,table,high,0.96,1.0,1.0
0606B24A,Pattern06_0007,Source/Game/active06.c,table,high,0.67,1.0,1.0
0606B2D6,Pattern06_0008,Source/Game/active06.c,table,high,0.99,1.0,1.0
0606B32A,Pattern06_0009,Source/Game/active06.c,table,high,0.96,,1.0
0606B36C,Pattern06_0010,Source/Game/active06.c,table,high,0.96,,1.0
0606B3D0,Pattern06_0011,Source/Game/active06.c,table,high,0.96,,1.0
0606B412,Pattern06_0012,Source/Game/active06.c,table,high,0.96,,1.0
0606B454,Pattern06_0013,Source/Game/active06.c,table,high,0.64,,1.0
0606B474,Pattern06_0014,Source/Game/active06.c,table,high,0.64,,1.0
0606B494,Pattern06_0015,Source/Game/active06.c,table,high,0.64,,1.0
0606B4CC,Pattern06_0016,Source/Game/active06.c,table,high,0.64,,1.0
0606B4EC,Pattern06_0017,Source/Game/active06.c,table,high,0.64,,1.0
0606B50C,Pattern06_0018,Source/Game/active06.c,table,high,0.97,,1.0
0606B550,Pattern06_0019,Source/Game/active06.c,table,high,0.64,,1.0
0606B570,Pattern06_0020,Source/Game/active06.c,table,high,0.64,,1.0
0606B590,Pattern06_0021,Source/Game/active06.c,table,high,0.64,,1.0
0606B5CC,Pattern06_0022,Source/Game/active06.c,table,high,0.64,,1.0
0606B5EC,Pattern06_0023,Source/Game/active06.c,table,high,0.64,,1.0
0606B60C,Pattern06_0024,Source/Game/active06.c,table,high,0.64,,1.0
0606B62C,Pattern06_0025,Source/Game/active06.c,table,high,0.94,,1.0
0606B66C,Pattern06_0026,Source/Game/active06.c,table,high,0.94,,1.0
0606B6C8,Pattern06_0027,Source/Game/active06.c,table,high,0.94,,1.0
0606B708,Pattern06_0028,Source/Game/active06.c,table,high,0.96,,1.0
0606B73A,Pattern06_0029,Source/Game/active06.c,table,high,0.96,,1.0
0606B76C,Pattern06_0030,Source/Game/active06.c,table,high,0.96,,1.0
0606B79E,Pattern06_0031,Source/Game/active06.c,table,high,0.96,,1.0
0606B7D0,Pattern06_0032,Source/Game/active06.c,table,high,0.96,,1.0
0606B802,Pattern06_0033,Source/Game/active06.c,table,high,0.96,,1.0
0606B834,Pattern06_0034,Source/Game/active06.c,table,high,0.96,,1.0
0606B866,Pattern06_0035,Source/Game/active06.c,table,high,0.96,,1.0
0606B898,Pattern06_0036,Source/Game/active06.c,table,high,0.96,,1.0
0606B8CA,Pattern06_0037,Source/Game/active06.c,table,high,0.86,,1.0
0606B91E,Pattern06_0038,Source/Game/active06.c,table,high,1.0,1.0,1.0
0606B960,Pattern06_0039,Source/Game/active06.c,table,high,1.0,,1.0
0606B9A2,Pattern06_0040,Source/Game/active06.c,table,high,1.0,,1.0
0606BA04,Pattern06_0041,Source/Game/active06.c,table,high,0.97,,1.0
0606BA64,Pattern06_0042,Source/Game/active06.c,table,high,0.97,,1.0
0606BAC4,Pattern06_0043,Source/Game/active06.c,table,high,0.94,,1.0
0606BB04,Pattern06_0044,Source/Game/active06.c,table,high,0.64,,1.0
0606BB24,Pattern06_0045,Source/Game/active06.c,table,high,0.99,,1.0
0606BB5A,Pattern06_0046,Source/Game/active06.c,table,high,0.64,,1.0
0606BB7A,Pattern06_0047,Source/Game/active06.c,table,medium,0.31,,0.75
0606BBDE,Pattern06_0048,Source/Game/active06.c,table,high,0.98,,1.0
0606BC48,Pattern06_0049,Source/Game/active06.c,table,high,0.96,,1.0
0606BC7A,Pattern06_0050,Source/Game/active06.c,table,high,0.53,,0.86
0606BCCC,Pattern06_0051,Source/Game/active06.c,table,high,0.64,,1.0
0606BCEC,Pattern06_0052,Source/Game/active06.c,table,high,0.64,,1.0
0606BD0C,Pattern06_0053,Source/Game/active06.c,table,high,0.2,,0.8
0606BD4C,Pattern06_0054,Source/Game/active06.c,table,medium,0.18,,0.67
0606BD84,Pattern06_0055,Source/Game/active06.c,table,high,1.0,,1.0
0606BDBE,Pattern06_0056,Source/Game/active06.c,table,high,1.0,,1.0
0606BE0C,Pattern06_0057,Source/Game/active06.c,table,high,0.91,,1.0
0606BEAC,Pattern06_0058,Source/Game/active06.c,table,high,0.99,,1.0
0606BEE2,Pattern06_0059,Source/Game/active06.c,table,high,0.96,,1.0
0606BF14,Pattern06_0060,Source/Game/active06.c,table,high,0.96,,1.0
0606BF46,Pattern06_0061,Source/Game/active06.c,table,high,0.67,,1.0
0606BFA0,Pattern06_0062,Source/Game/active06.c,table,high,0.99,,1.0
0606BFD6,Pattern06_0063,Source/Game/active06.c,table,high,0.99,,1.0
0606C024,pl04_extra_attack,Source/Game/PLPAT04.c,table-align,medium,0.85,,
0606C03C,Pattern07_0000,Source/Game/active07.c,table,high,0.64,,1.0
0606C064,Pattern07_0001,Source/Game/active07.c,table,medium,0.25,,0.67
0606C0AA,Pattern07_0002,Source/Game/active07.c,table,high,0.98,,1.0
0606C130,Pattern07_0003,Source/Game/active07.c,table,medium,0.14,,0.57
0606C17E,Pattern07_0004,Source/Game/active07.c,table,high,0.99,,1.0
0606C1C6,Pattern07_0005,Source/Game/active07.c,table,high,0.52,,0.86
0606C230,Pattern07_0006,Source/Game/active07.c,table,high,0.56,,1.0
0606C24E,Pattern07_0007,Source/Game/active07.c,table,high,0.95,,1.0
0606C29A,Pattern07_0008,Source/Game/active07.c,table,high,0.56,,0.89
0606C338,Pattern07_0009,Source/Game/active07.c,table,high,0.99,,1.0
0606C380,Pattern07_0010,Source/Game/active07.c,table,high,1.0,,1.0
0606C3E0,Pattern07_0011,Source/Game/active07.c,table,high,0.39,,0.86
0606C448,Pattern07_0012,Source/Game/active07.c,table,high,0.7,,1.0
0606C476,Pattern07_0013,Source/Game/active07.c,table,high,0.97,,1.0
0606C4DC,Pattern07_0014,Source/Game/active07.c,table,high,0.7,,1.0
0606C578,Pattern07_0015,Source/Game/active07.c,table,high,0.72,,1.0
0606C59A,Pattern07_0016,Source/Game/active07.c,table,high,0.72,,1.0
0606C5BC,Pattern07_0017,Source/Game/active07.c,table,high,0.96,,1.0
0606C5EE,Pattern07_0018,Source/Game/active07.c,table,high,0.72,,1.0
0606C62E,Pattern07_0019,Source/Game/active07.c,table,high,0.51,,0.89
0606C6C6,Pattern07_0020,Source/Game/active07.c,table,high,0.99,,1.0
0606C70E,Pattern07_0021,Source/Game/active07.c,table,high,0.5,,0.89
0606C7AA,Pattern07_0022,Source/Game/active07.c,table,high,0.99,,1.0
0606C804,Pattern07_0023,Source/Game/active07.c,table,high,0.64,1.0,1.0
0606C824,Pattern07_0024,Source/Game/active07.c,table,high,0.72,,1.0
0606C846,Pattern07_0025,Source/Game/active07.c,table,high,0.72,,1.0
0606C890,Pattern07_0026,Source/Game/active07.c,table,high,0.96,,1.0
0606C8EE,Pattern07_0027,Source/Game/active07.c,table,high,1.0,,1.0
0606C96E,Pattern07_0028,Source/Game/active07.c,table,high,0.64,,1.0
0606C98E,Pattern07_0029,Source/Game/active07.c,table,high,0.85,,1.0
0606C9F4,Pattern07_0030,Source/Game/active07.c,table,high,0.27,,0.86
0606CA26,Pattern07_0031,Source/Game/active07.c,table,high,1.0,,1.0
0606CA78,Pattern07_0032,Source/Game/active07.c,table,high,0.53,,0.89
0606CAFA,Pattern07_0033,Source/Game/active07.c,table,high,0.94,,1.0
0606CB3A,Pattern07_0034,Source/Game/active07.c,table,high,0.33,,0.8
0606CB9A,Pattern07_0035,Source/Game/active07.c,table,high,0.64,,1.0
0606CBDC,Pattern07_0036,Source/Game/active07.c,table,high,0.64,,1.0
0606CBFC,Pattern07_0037,Source/Game/active07.c,table,high,0.98,,1.0
0606CC4E,Pattern07_0038,Source/Game/active07.c,table,high,0.95,,1.0
0606CCE0,Pattern07_0039,Source/Game/active07.c,table,high,0.99,,1.0
0606CD28,Pattern07_0040,Source/Game/active07.c,table,high,0.94,,1.0
0606CD68,Pattern07_0041,Source/Game/active07.c,table,high,0.5,,0.86
0606CDCC,Pattern07_0042,Source/Game/active07.c,table,medium,0.27,,0.75
0606CE1E,Pattern07_0043,Source/Game/active07.c,table,high,0.99,1.0,1.0
0606CE62,Pattern07_0044,Source/Game/active07.c,table,high,0.99,,1.0
0606CEA6,Pattern07_0045,Source/Game/active07.c,table,high,0.67,,1.0
0606CF0A,Pattern07_0046,Source/Game/active07.c,table,high,0.64,,1.0
0606CF1E,Pattern07_0047,Source/Game/active07.c,table,high,1.0,,1.0
0606CF66,Pattern07_0048,Source/Game/active07.c,table,high,1.0,,1.0
0606CFF8,Pattern07_0049,Source/Game/active07.c,table,high,0.56,,0.89
0606D062,Pattern07_0050,Source/Game/active07.c,table,high,0.96,,1.0
0606D094,Pattern07_0051,Source/Game/active07.c,table,high,0.99,,1.0
0606D118,Pattern07_0052,Source/Game/active07.c,table,high,1.0,1.0,1.0
0606D15E,Pattern07_0053,Source/Game/active07.c,table,high,1.0,,1.0
0606D196,Pattern07_0054,Source/Game/active07.c,table,high,0.96,1.0,1.0
0606D1C8,Pattern07_0055,Source/Game/active07.c,table,high,0.96,1.0,1.0
0606D1FA,Pattern07_0056,Source/Game/active07.c,table,high,1.0,1.0,1.0
0606D240,Pattern07_0057,Source/Game/active07.c,table,high,1.0,1.0,1.0
0606D286,Pattern07_0058,Source/Game/active07.c,table,high,1.0,1.0,1.0
0606D2CC,Pattern07_0059,Source/Game/active07.c,table,high,0.54,,0.89
0606D350,Pattern07_0060,Source/Game/active07.c,table,medium,0.27,,0.67
0606D39C,Pattern07_0061,Source/Game/active07.c,table,medium,0.16,,0.57
0606D408,Pattern07_0062,Source/Game/active07.c,table,medium,0.31,,0.75
0606D462,Pattern07_0063,Source/Game/active07.c,table,high,1.0,1.0,1.0
0606D4AE,Pattern07_0064,Source/Game/active07.c,table,high,0.96,,1.0
0606D4E0,Pattern07_0065,Source/Game/active07.c,table,high,0.96,,1.0
0606D512,Pattern07_0066,Source/Game/active07.c,table,high,0.96,,1.0
0606D544,Pattern07_0067,Source/Game/active07.c,table,high,0.96,,1.0
0606D576,Pattern07_0068,Source/Game/active07.c,table,high,0.96,,1.0
0606D5A8,Pattern07_0069,Source/Game/active07.c,table,high,0.99,,1.0
0606D5F0,Pattern07_0070,Source/Game/active07.c,table,high,0.83,,1.0
0606D672,Pattern07_0071,Source/Game/active07.c,table,high,0.56,,0.89
0606D6E2,Pattern07_0072,Source/Game/active07.c,table,high,0.99,,1.0
0606D718,Pattern07_0073,Source/Game/active07.c,table,high,0.96,1.0,1.0
0606D74A,Pattern07_0074,Source/Game/active07.c,table,high,0.96,1.0,1.0
0606D77C,Pattern07_0075,Source/Game/active07.c,table,high,0.96,1.0,1.0
0606D7D0,pl05_extra_attack,Source/Game/PLPAT05.c,table-align,medium,0.85,,
0606D7E8,Pattern08_0000,Source/Game/active08.c,table,high,0.64,,1.0
0606D810,Pattern08_0001,Source/Game/active08.c,table,medium,0.22,,0.67
0606D84E,Pattern08_0002,Source/Game/active08.c,table,high,0.29,,0.8
0606D878,Pattern08_0003,Source/Game/active08.c,table,high,0.32,,0.8
0606D8CC,Pattern08_0004,Source/Game/active08.c,table,high,0.55,,0.89
0606D932,Pattern08_0005,Source/Game/active08.c,table,high,0.97,,1.0
0606D982,Pattern08_0006,Source/Game/active08.c,table,high,0.56,,1.0
0606D9C4,Pattern08_0007,Source/Game/active08.c,table,high,0.95,,1.0
0606DA10,Pattern08_0008,Source/Game/active08.c,table,high,1.0,1.0,1.0
0606DA78,Pattern08_0009,Source/Game/active08.c,table,medium,0.16,,0.57
0606DB0E,Pattern08_0010,Source/Game/active08.c,table,high,0.64,,1.0
0606DB2E,Pattern08_0011,Source/Game/active08.c,table,high,0.53,,0.89
0606DB8E,Pattern08_0012,Source/Game/active08.c,table,high,0.64,,1.0
0606DBC4,Pattern08_0013,Source/Game/active08.c,table,medium,0.25,,0.67
0606DC0A,Pattern08_0014,Source/Game/active08.c,table,high,1.0,,1.0
0606DC5C,Pattern08_0015,Source/Game/active08.c,table,high,0.72,,1.0
0606DC7E,Pattern08_0016,Source/Game/active08.c,table,high,0.72,,1.0
0606DCC8,Pattern08_0017,Source/Game/active08.c,table,high,0.96,,1.0
0606DCFA,Pattern08_0018,Source/Game/active08.c,table,high,0.96,,1.0
0606DD5E,Pattern08_0019,Source/Game/active08.c,table,high,0.98,,1.0
0606DDD0,Pattern08_0020,Source/Game/active08.c,table,high,0.99,,1.0
0606DE18,Pattern08_0021,Source/Game/active08.c,table,high,0.96,,1.0
0606DE4A,Pattern08_0022,Source/Game/active08.c,table,high,0.99,,1.0
0606DEA4,Pattern08_0023,Source/Game/active08.c,table,high,0.64,1.0,1.0
0606DEE4,Pattern08_0024,Source/Game/active08.c,table,high,0.72,,1.0
0606DF06,Pattern08_0025,Source/Game/active08.c,table,high,0.72,,1.0
0606DF28,Pattern08_0026,Source/Game/active08.c,table,high,0.96,,1.0
0606DF70,Pattern08_0027,Source/Game/active08.c,table,high,0.56,,1.0
0606DF8E,Pattern08_0028,Source/Game/active08.c,table,high,0.64,,1.0
0606DFD0,Pattern08_0029,Source/Game/active08.c,table,high,0.96,,1.0
0606E02E,Pattern08_0030,Source/Game/active08.c,table,high,0.53,,0.89
0606E088,Pattern08_0031,Source/Game/active08.c,table,high,0.86,,1.0
0606E0F6,Pattern08_0032,Source/Game/active08.c,table,high,0.3,,0.86
0606E12A,Pattern08_0033,Source/Game/active08.c,table,high,0.37,,0.8
0606E15A,Pattern08_0034,Source/Game/active08.c,table,high,0.37,,0.86
0606E200,Pattern08_0035,Source/Game/active08.c,table,high,0.64,,1.0
0606E220,Pattern08_0036,Source/Game/active08.c,table,high,0.64,,1.0
0606E240,Pattern08_0037,Source/Game/active08.c,table,high,0.72,,1.0
0606E262,Pattern08_0038,Source/Game/active08.c,table,high,0.55,,0.91
0606E2F4,Pattern08_0039,Source/Game/active08.c,table,high,0.99,,1.0
0606E33C,Pattern08_0040,Source/Game/active08.c,table,high,0.94,,1.0
0606E37C,Pattern08_0041,Source/Game/active08.c,table,high,0.97,,1.0
0606E3E8,Pattern08_0042,Source/Game/active08.c,table,high,0.99,,1.0
0606E42C,Pattern08_0043,Source/Game/active08.c,table,high,0.99,1.0,1.0
0606E470,Pattern08_0044,Source/Game/active08.c,table,high,1.0,,1.0
0606E4C2,Pattern08_0045,Source/Game/active08.c,table,high,0.46,,0.86
0606E540,Pattern08_0046,Source/Game/active08.c,table,medium,0.27,,0.67
0606E58C,Pattern08_0047,Source/Game/active08.c,table,medium,0.19,,0.67
0606E614,Pattern08_0048,Source/Game/active08.c,table,high,0.56,,1.0
0606E632,Pattern08_0049,Source/Game/active08.c,table,high,0.96,,1.0
0606E664,Pattern08_0050,Source/Game/active08.c,table,high,0.99,,1.0
0606E6A8,Pattern08_0051,Source/Game/active08.c,table,high,0.99,,1.0
0606E6EC,Pattern08_0052,Source/Game/active08.c,table,high,0.67,,1.0
0606E750,Pattern08_0053,Source/Game/active08.c,table,high,0.98,,1.0
0606E7A2,Pattern08_0054,Source/Game/active08.c,table,high,0.96,,1.0
0606E7D4,Pattern08_0055,Source/Game/active08.c,table,high,0.35,,0.83
0606E844,Pattern08_0056,Source/Game/active08.c,table,high,1.0,,1.0
0606E8CC,Pattern08_0057,Source/Game/active08.c,table,high,0.96,1.0,1.0
0606E8FE,Pattern08_0058,Source/Game/active08.c,table,high,0.57,1.0,1.0
0606E960,Pattern08_0059,Source/Game/active08.c,table,high,0.96,,1.0
0606E992,Pattern08_0060,Source/Game/active08.c,table,high,0.64,,1.0
0606E9A6,Pattern08_0061,Source/Game/active08.c,table,high,0.99,,1.0
0606E9EE,Pattern08_0062,Source/Game/active08.c,table,high,0.96,,1.0
0606EA20,Pattern08_0063,Source/Game/active08.c,table,high,0.64,,1.0
0606EA34,Pattern08_0064,Source/Game/active08.c,table,high,0.96,,1.0
0606EA66,Pattern08_0065,Source/Game/active08.c,table,high,0.96,,1.0
0606EA98,Pattern08_0066,Source/Game/active08.c,table,high,0.96,,1.0
0606EACA,Pattern08_0067,Source/Game/active08.c,table,high,0.96,,1.0
0606EAFC,Pattern08_0068,Source/Game/active08.c,table,high,0.93,,1.0
0606EB42,Pattern08_0069,Source/Game/active08.c,table,high,0.97,,1.0
0606EB80,Pattern08_0070,Source/Game/active08.c,table,high,0.99,,1.0
0606EBFC,pl06_extra_attack,Source/Game/PLPAT06.c,table-align,medium,0.85,,
0606EC14,Pattern09_0000,Source/Game/active09.c,table,high,1.0,,1.0
0606EC4C,Pattern09_0001,Source/Game/active09.c,table,high,0.2,,0.8
0606EC70,Pattern09_0002,Source/Game/active09.c,table,high,1.0,,1.0
0606ECBE,Pattern09_0003,Source/Game/active09.c,table,high,0.71,,1.0
0606ED32,Pattern09_0004,Source/Game/active09.c,table,high,0.96,,1.0
0606ED64,Pattern09_0005,Source/Game/active09.c,table,high,0.64,,1.0
0606ED84,Pattern09_0006,Source/Game/active09.c,table,high,0.56,,1.0
0606EDA2,Pattern09_0007,Source/Game/active09.c,table,high,0.95,,1.0
0606EDEE,Pattern09_0008,Source/Game/active09.c,table,high,0.58,,1.0
0606EE5A,Pattern09_0009,Source/Game/active09.c,table,high,1.0,,1.0
0606EEA8,Pattern09_0010,Source/Game/active09.c,table,high,0.97,,1.0
0606EEEC,Pattern09_0011,Source/Game/active09.c,table,high,0.97,,1.0
0606EF50,Pattern09_0012,Source/Game/active09.c,table,high,0.97,,1.0
0606EF94,Pattern09_0013,Source/Game/active09.c,table,high,0.97,1.0,1.0
0606EFD8,Pattern09_0014,Source/Game/active09.c,table,high,0.99,,1.0
0606F01C,Pattern09_0015,Source/Game/active09.c,table,high,0.72,,1.0
0606F068,Pattern09_0016,Source/Game/active09.c,table,high,0.72,,1.0
0606F08A,Pattern09_0017,Source/Game/active09.c,table,high,1.0,,1.0
0606F0D6,Pattern09_0018,Source/Game/active09.c,table,high,0.64,,1.0
0606F0FE,Pattern09_0019,Source/Game/active09.c,table,high,1.0,1.0,1.0
0606F14A,Pattern09_0020,Source/Game/active09.c,table,high,0.98,,1.0
0606F19C,Pattern09_0021,Source/Game/active09.c,table,high,1.0,1.0,1.0
0606F1E8,Pattern09_0022,Source/Game/active09.c,table,high,0.45,,1.0
0606F260,Pattern09_0023,Source/Game/active09.c,table,high,0.64,,1.0
0606F280,Pattern09_0024,Source/Game/active09.c,table,high,0.72,,1.0
0606F2A2,Pattern09_0025,Source/Game/active09.c,table,high,0.72,,1.0
0606F2C4,Pattern09_0026,Source/Game/active09.c,table,high,0.97,,1.0
0606F302,Pattern09_0027,Source/Game/active09.c,table,high,0.56,,1.0
0606F34C,Pattern09_0028,Source/Game/active09.c,table,high,0.64,,1.0
0606F36C,Pattern09_0029,Source/Game/active09.c,table,high,1.0,,1.0
0606F3CA,Pattern09_0030,Source/Game/active09.c,table,high,0.99,,1.0
0606F41E,Pattern09_0031,Source/Game/active09.c,table,high,0.8,,1.0
0606F492,Pattern09_0032,Source/Game/active09.c,table,high,0.32,,0.8
0606F4BE,Pattern09_0033,Source/Game/active09.c,table,high,0.94,,1.0
0606F4FE,Pattern09_0034,Source/Game/active09.c,table,high,0.59,,1.0
0606F528,Pattern09_0035,Source/Game/active09.c,table,high,0.75,,1.0
0606F598,Pattern09_0036,Source/Game/active09.c,table,high,1.0,,1.0
0606F5E4,Pattern09_0037,Source/Game/active09.c,table,high,0.72,,1.0
0606F606,Pattern09_0038,Source/Game/active09.c,table,medium,0.24,,0.67
0606F66C,Pattern09_0039,Source/Game/active09.c,table,high,0.99,,1.0
0606F6B4,Pattern09_0040,Source/Game/active09.c,table,high,0.94,,1.0
0606F6F4,Pattern09_0041,Source/Game/active09.c,table,high,1.0,,1.0
0606F770,Pattern09_0042,Source/Game/active09.c,table,medium,0.1,,0.57
0606F7B0,Pattern09_0043,Source/Game/active09.c,table,high,0.99,1.0,1.0
0606F7F4,Pattern09_0044,Source/Game/active09.c,table,high,0.99,,1.0
0606F838,Pattern09_0045,Source/Game/active09.c,table,high,0.65,,1.0
0606F89E,Pattern09_0046,Source/Game/active09.c,table,medium,0.27,,0.67
0606F8EA,Pattern09_0047,Source/Game/active09.c,table,high,1.0,,1.0
0606F930,Pattern09_0048,Source/Game/active09.c,table,high,0.73,1.0,1.0
0606F9C8,Pattern09_0049,Source/Game/active09.c,table,high,1.0,,1.0
0606FA30,Pattern09_0050,Source/Game/active09.c,table,high,0.96,,1.0
0606FA62,Pattern09_0051,Source/Game/active09.c,table,high,1.0,,1.0
0606FAA4,Pattern09_0052,Source/Game/active09.c,table,high,0.65,,1.0
0606FB14,Pattern09_0053,Source/Game/active09.c,table,high,1.0,,1.0
0606FB4C,Pattern09_0054,Source/Game/active09.c,table,high,0.96,1.0,1.0
0606FB7E,Pattern09_0055,Source/Game/active09.c,table,high,0.96,1.0,1.0
0606FBB0,Pattern09_0056,Source/Game/active09.c,table,high,0.96,1.0,1.0
0606FBE2,Pattern09_0057,Source/Game/active09.c,table,high,0.96,1.0,1.0
0606FC14,Pattern09_0058,Source/Game/active09.c,table,high,1.0,,1.0
0606FC4C,Pattern09_0059,Source/Game/active09.c,table,high,0.81,,1.0
0606FCB6,Pattern09_0060,Source/Game/active09.c,table,high,0.96,1.0,1.0
0606FCE8,Pattern09_0061,Source/Game/active09.c,table,high,0.96,,1.0
0606FD1A,Pattern09_0062,Source/Game/active09.c,table,high,0.96,,1.0
0606FD4C,Pattern09_0063,Source/Game/active09.c,table,high,0.99,,1.0
0606FDBC,Pattern09_0064,Source/Game/active09.c,table,high,1.0,,1.0
0606FE46,Pattern09_0065,Source/Game/active09.c,table,high,0.99,,1.0
0606FE8E,Pattern09_0066,Source/Game/active09.c,table,high,0.73,,1.0
0606FF00,Pattern09_0067,Source/Game/active09.c,table,high,0.99,,1.0
0606FF48,Pattern09_0068,Source/Game/active09.c,table,high,0.99,,1.0
0606FF90,Pattern09_0069,Source/Game/active09.c,table,high,1.0,,1.0
0606FFD6,Pattern09_0070,Source/Game/active09.c,table,high,0.56,,1.0
0606FFF4,Pattern09_0071,Source/Game/active09.c,table,high,0.59,,1.0
0607001E,Pattern09_0072,Source/Game/active09.c,table,high,0.98,,1.0
06070064,Pattern09_0073,Source/Game/active09.c,table,high,0.98,,1.0
060700AA,Pattern09_0074,Source/Game/active09.c,table,high,0.98,,1.0
0607011C,Pattern09_0075,Source/Game/active09.c,table,high,1.0,,1.0
0607015E,Pattern09_0076,Source/Game/active09.c,table,high,1.0,,1.0
060701AE,Pattern09_0077,Source/Game/active09.c,table,high,1.0,1.0,1.0
06070244,Pattern09_0078,Source/Game/active09.c,table,high,0.61,,0.92
060702CE,Pattern09_0079,Source/Game/active09.c,table,high,1.0,,1.0
0607034C,Pattern09_0080,Source/Game/active09.c,table,high,0.98,,1.0
060703A2,Pattern09_0081,Source/Game/active09.c,table,high,0.99,1.0,1.0
060703FA,Pattern09_0082,Source/Game/active09.c,table,high,0.64,,1.0
06070426,Pattern09_0083,Source/Game/active09.c,table,high,0.59,,1.0
0607049C,Pattern09_0084,Source/Game/active09.c,table,high,1.0,,1.0
060704DE,Pattern09_0085,Source/Game/active09.c,table,high,1.0,,1.0
06070528,Pattern09_0086,Source/Game/active09.c,table,high,1.0,,1.0
06070594,Pattern09_0087,Source/Game/active09.c,table,high,1.0,,1.0
060705DE,Pattern09_0088,Source/Game/active09.c,table,high,1.0,,1.0
06070628,Pattern09_0089,Source/Game/active09.c,table,high,1.0,,1.0
06070662,Pattern09_0090,Source/Game/active09.c,table,high,1.0,,1.0
060706C8,Pattern09_0091,Source/Game/active09.c,table,high,1.0,,1.0
06070712,Pattern09_0092,Source/Game/active09.c,table,high,1.0,,1.0
0607075C,Pattern09_0093,Source/Game/active09.c,table,high,1.0,,1.0
060707A6,Pattern09_0094,Source/Game/active09.c,table,high,1.0,1.0,1.0
060707FC,Pattern09_0095,Source/Game/active09.c,table,high,1.0,,1.0
0607084C,Pattern09_0096,Source/Game/active09.c,table,high,0.99,,1.0
0607089E,Pattern09_0097,Source/Game/active09.c,table,high,0.99,,1.0
060708F0,Pattern09_0098,Source/Game/active09.c,table,high,0.74,,1.0
06070958,Pattern09_0099,Source/Game/active09.c,table,high,1.0,1.0,1.0
060709B6,Pattern09_0100,Source/Game/active09.c,table,high,1.0,,1.0
06070A18,pl07_extra_attack,Source/Game/PLPAT07.c,table-align,medium,0.85,,
06070A30,Pattern09_0101,Source/Game/active09.c,table,medium,0.44,,0.4
06071E38,pl08_extra_attack,Source/Game/PLPAT08.c,table-align,medium,0.85,,
06071E50,Pattern11_0000,Source/Game/active11.c,table,high,0.64,,1.0
06071E78,Pattern11_0001,Source/Game/active11.c,table,high,0.56,,1.0
06071E96,Pattern11_0002,Source/Game/active11.c,table,high,0.7,,1.0
06071EC4,Pattern11_0003,Source/Game/active11.c,table,high,0.7,,1.0
06071EF2,Pattern11_0004,Source/Game/active11.c,table,high,0.7,,1.0
06071F48,Pattern11_0005,Source/Game/active11.c,table,high,0.96,,1.0
06071F7A,Pattern11_0006,Source/Game/active11.c,table,high,0.96,,1.0
06071FAC,Pattern11_0007,Source/Game/active11.c,table,high,0.96,,1.0
06071FDE,Pattern11_0008,Source/Game/active11.c,table,high,0.96,,1.0
06072010,Pattern11_0009,Source/Game/active11.c,table,high,0.96,,1.0
06072042,Pattern11_0010,Source/Game/active11.c,table,high,0.96,,1.0
06072074,Pattern11_0011,Source/Game/active11.c,table,high,0.64,,1.0
06072094,Pattern11_0012,Source/Game/active11.c,table,high,0.64,,1.0
060720B4,Pattern11_0013,Source/Game/active11.c,table,high,0.64,,1.0
060720D4,Pattern11_0014,Source/Game/active11.c,table,high,1.0,,1.0
06072106,Pattern11_0015,Source/Game/active11.c,table,high,0.64,,1.0
06072126,Pattern11_0016,Source/Game/active11.c,table,high,0.64,,1.0
06072146,Pattern11_0017,Source/Game/active11.c,table,high,0.96,,1.0
06072178,Pattern11_0018,Source/Game/active11.c,table,high,0.96,,1.0
060721AA,Pattern11_0019,Source/Game/active11.c,table,high,0.96,,1.0
060721DC,Pattern11_0020,Source/Game/active11.c,table,high,0.98,,1.0
06072214,Pattern11_0021,Source/Game/active11.c,table,high,0.64,,1.0
06072234,Pattern11_0022,Source/Game/active11.c,table,high,0.64,,1.0
06072254,Pattern11_0023,Source/Game/active11.c,table,high,0.72,,1.0
06072276,Pattern11_0024,Source/Game/active11.c,table,high,0.96,,1.0
060722A8,Pattern11_0025,Source/Game/active11.c,table,high,0.56,,1.0
060722C6,Pattern11_0026,Source/Game/active11.c,table,high,0.98,,1.0
06072328,Pattern11_0027,Source/Game/active11.c,table,high,0.69,,1.0
06072362,Pattern11_0028,Source/Game/active11.c,table,high,0.97,,1.0
060723B2,Pattern11_0029,Source/Game/active11.c,table,high,0.97,,1.0
06072424,Pattern11_0030,Source/Game/active11.c,table,high,0.99,,1.0
0607246C,Pattern11_0031,Source/Game/active11.c,table,high,1.0,,1.0
060724B6,Pattern11_0032,Source/Game/active11.c,table,high,0.94,,1.0
060724F6,Pattern11_0033,Source/Game/active11.c,table,high,0.89,,1.0
06072570,Pattern11_0034,Source/Game/active11.c,table,high,0.64,,1.0
06072590,Pattern11_0035,Source/Game/active11.c,table,high,0.94,,1.0
060725D0,Pattern11_0036,Source/Game/active11.c,table,high,0.94,,1.0
06072610,Pattern11_0037,Source/Game/active11.c,table,high,0.89,,1.0
06072672,Pattern11_0038,Source/Game/active11.c,table,medium,0.32,,0.75
060726EA,Pattern11_0039,Source/Game/active11.c,table,high,0.96,,1.0
0607274E,Pattern11_0040,Source/Game/active11.c,table,high,0.76,,1.0
060727C6,Pattern11_0041,Source/Game/active11.c,table,high,1.0,,1.0
0607282E,Pattern11_0042,Source/Game/active11.c,table,high,0.79,,1.0
060728BE,Pattern11_0043,Source/Game/active11.c,table,high,1.0,,1.0
06072926,Pattern11_0044,Source/Game/active11.c,table,high,1.0,,1.0
06072978,Pattern11_0045,Source/Game/active11.c,table,high,0.79,,1.0
06072A08,Pattern11_0046,Source/Game/active11.c,table,high,1.0,,1.0
06072A92,Pattern11_0047,Source/Game/active11.c,table,high,0.74,,1.0
06072B16,Pattern11_0048,Source/Game/active11.c,table,high,0.96,1.0,1.0
06072B48,Pattern11_0049,Source/Game/active11.c,table,high,0.96,1.0,1.0
06072B7A,Pattern11_0050,Source/Game/active11.c,table,high,0.96,,1.0
06072BAC,Pattern11_0051,Source/Game/active11.c,table,high,0.64,,1.0
06072BCC,Pattern11_0052,Source/Game/active11.c,table,high,0.92,,1.0
06072C3A,Pattern11_0053,Source/Game/active11.c,table,high,0.64,,1.0
06072C5A,Pattern11_0054,Source/Game/active11.c,table,high,0.2,,0.8
06072C7E,Pattern11_0055,Source/Game/active11.c,table,high,0.5,,0.86
06072CC8,Pattern11_0056,Source/Game/active11.c,table,high,0.64,,1.0
06072D00,Pattern11_0057,Source/Game/active11.c,table,high,0.35,,0.8
06072D8A,Pattern11_0058,Source/Game/active11.c,table,high,0.99,,1.0
06072DCE,Pattern11_0059,Source/Game/active11.c,table,high,0.64,,1.0
06072E18,Pattern11_0060,Source/Game/active11.c,table,high,0.64,,1.0
06072E38,Pattern11_0061,Source/Game/active11.c,table,high,0.64,,1.0
06072E58,Pattern11_0062,Source/Game/active11.c,table,high,0.96,,1.0
06072E9A,Pattern11_0063,Source/Game/active11.c,table,high,0.96,,1.0
06072EDC,Pattern11_0064,Source/Game/active11.c,table,high,0.95,,1.0
06072F36,Pattern11_0065,Source/Game/active11.c,table,high,0.97,,1.0
06072F96,Pattern11_0066,Source/Game/active11.c,table,high,0.32,,0.8
0607303A,Pattern11_0067,Source/Game/active11.c,table,high,0.55,,0.89
060730A0,Pattern11_0068,Source/Game/active11.c,table,high,0.53,,0.86
060730FA,Pattern11_0069,Source/Game/active11.c,table,high,0.96,,1.0
0607313C,Pattern11_0070,Source/Game/active11.c,table,high,0.96,,1.0
0607317E,Pattern11_0071,Source/Game/active11.c,table,high,0.96,,1.0
060731C0,Pattern11_0072,Source/Game/active11.c,table,high,0.8,,1.0
06073222,Pattern11_0073,Source/Game/active11.c,table,high,1.0,,1.0
0607326A,Pattern11_0074,Source/Game/active11.c,table,high,1.0,,1.0
060732A4,Pattern11_0075,Source/Game/active11.c,table,high,0.56,,1.0
060732C2,Pattern11_0076,Source/Game/active11.c,table,high,0.64,,1.0
060732EE,Pattern11_0077,Source/Game/active11.c,table,high,0.88,,1.0
06073330,Pattern11_0078,Source/Game/active11.c,table,high,0.72,,1.0
06073352,Pattern11_0079,Source/Game/active11.c,table,high,0.96,,1.0
06073384,Pattern11_0080,Source/Game/active11.c,table,high,0.59,,1.0
060733AE,Pattern11_0081,Source/Game/active11.c,table,high,1.0,,1.0
060733E8,Pattern11_0082,Source/Game/active11.c,table,high,0.52,,0.86
06073444,Pattern11_0083,Source/Game/active11.c,table,high,1.0,,1.0
0607347C,Pattern11_0084,Source/Game/active11.c,table,high,1.0,,1.0
060734CC,Pattern11_0085,Source/Game/active11.c,table,high,0.99,,1.0
06073544,Pattern11_0086,Source/Game/active11.c,table,high,1.0,,1.0
0607357E,Pattern11_0087,Source/Game/active11.c,table,high,0.99,,1.0
060735BC,Pattern11_0088,Source/Game/active11.c,table,high,1.0,,1.0
060735F8,Pattern11_0089,Source/Game/active11.c,table,high,0.98,,1.0
06073664,pl09_extra_attack,Source/Game/PLPAT09.c,table-align,medium,0.85,,
0607367C,Pattern12_0000,Source/Game/active12.c,table,high,0.64,,1.0
060736A4,Pattern12_0001,Source/Game/active12.c,table,high,0.56,,1.0
060736C2,Pattern12_0002,Source/Game/active12.c,table,high,0.7,,1.0
060736F0,Pattern12_0003,Source/Game/active12.c,table,high,0.7,,1.0
0607371E,Pattern12_0004,Source/Game/active12.c,table,high,0.64,,1.0
06073774,Pattern12_0005,Source/Game/active12.c,table,high,0.96,,1.0
060737A6,Pattern12_0006,Source/Game/active12.c,table,high,0.96,,1.0
060737D8,Pattern12_0007,Source/Game/active12.c,table,high,0.96,,1.0
0607380A,Pattern12_0008,Source/Game/active12.c,table,high,0.96,,1.0
0607383C,Pattern12_0009,Source/Game/active12.c,table,high,0.96,,1.0
0607386E,Pattern12_0010,Source/Game/active12.c,table,high,0.96,,1.0
060738A0,Pattern12_0011,Source/Game/active12.c,table,medium,0.18,,0.67
060738D8,Pattern12_0012,Source/Game/active12.c,table,high,0.64,,1.0
060738F8,Pattern12_0013,Source/Game/active12.c,table,high,0.64,,1.0
06073918,Pattern12_0014,Source/Game/active12.c,table,high,1.0,,1.0
0607394A,Pattern12_0015,Source/Game/active12.c,table,high,0.64,,1.0
0607396A,Pattern12_0016,Source/Game/active12.c,table,high,0.64,,1.0
0607398A,Pattern12_0017,Source/Game/active12.c,table,high,0.96,1.0,1.0
060739BC,Pattern12_0018,Source/Game/active12.c,table,high,0.96,1.0,1.0
060739EE,Pattern12_0019,Source/Game/active12.c,table,high,0.96,,1.0
06073A20,Pattern12_0020,Source/Game/active12.c,table,high,0.93,,1.0
06073A5E,Pattern12_0021,Source/Game/active12.c,table,high,0.64,,1.0
06073A7E,Pattern12_0022,Source/Game/active12.c,table,high,0.64,,1.0
06073A9E,Pattern12_0023,Source/Game/active12.c,table,high,0.72,,1.0
06073AC0,Pattern12_0024,Source/Game/active12.c,table,high,0.96,,1.0
06073AF2,Pattern12_0025,Source/Game/active12.c,table,high,0.56,,1.0
06073B10,Pattern12_0026,Source/Game/active12.c,table,high,0.72,,1.0
06073B54,Pattern12_0027,Source/Game/active12.c,table,high,0.64,,1.0
06073B74,Pattern12_0028,Source/Game/active12.c,table,high,0.97,,1.0
06073BC4,Pattern12_0029,Source/Game/active12.c,table,high,0.97,,1.0
06073C14,Pattern12_0030,Source/Game/active12.c,table,high,0.89,,1.0
06073C76,Pattern12_0031,Source/Game/active12.c,table,high,1.0,,1.0
06073CC0,Pattern12_0032,Source/Game/active12.c,table,high,0.94,,1.0
06073D00,Pattern12_0033,Source/Game/active12.c,table,high,0.98,,1.0
06073D56,Pattern12_0034,Source/Game/active12.c,table,high,0.91,,1.0
06073D96,Pattern12_0035,Source/Game/active12.c,table,high,0.94,1.0,1.0
06073DD6,Pattern12_0036,Source/Game/active12.c,table,high,0.94,,1.0
06073E16,Pattern12_0037,Source/Game/active12.c,table,high,0.94,,1.0
06073E78,Pattern12_0038,Source/Game/active12.c,table,medium,0.3,,0.75
06073EE0,Pattern12_0039,Source/Game/active12.c,table,high,0.96,,1.0
06073F44,Pattern12_0040,Source/Game/active12.c,table,high,0.78,,1.0
06073FBA,Pattern12_0041,Source/Game/active12.c,table,high,1.0,,1.0
06074022,Pattern12_0042,Source/Game/active12.c,table,high,0.79,,1.0
060740B2,Pattern12_0043,Source/Game/active12.c,table,high,1.0,,1.0
0607411A,Pattern12_0044,Source/Game/active12.c,table,high,1.0,,1.0
0607416C,Pattern12_0045,Source/Game/active12.c,table,high,0.79,,1.0
060741FC,Pattern12_0046,Source/Game/active12.c,table,high,1.0,,1.0
06074286,Pattern12_0047,Source/Game/active12.c,table,high,0.74,,1.0
0607430A,Pattern12_0048,Source/Game/active12.c,table,high,0.96,1.0,1.0
0607433C,Pattern12_0049,Source/Game/active12.c,table,high,0.96,1.0,1.0
0607436E,Pattern12_0050,Source/Game/active12.c,table,high,0.96,,1.0
060743A0,Pattern12_0051,Source/Game/active12.c,table,high,0.64,,1.0
060743C0,Pattern12_0052,Source/Game/active12.c,table,high,0.92,,1.0
0607442E,Pattern12_0053,Source/Game/active12.c,table,high,0.64,,1.0
0607444E,Pattern12_0054,Source/Game/active12.c,table,high,0.2,,0.8
06074472,Pattern12_0055,Source/Game/active12.c,table,high,0.5,,0.86
060744BC,Pattern12_0056,Source/Game/active12.c,table,high,0.64,,1.0
060744F4,Pattern12_0057,Source/Game/active12.c,table,high,0.37,1.0,0.83
06074592,Pattern12_0058,Source/Game/active12.c,table,high,0.99,,1.0
06074600,Pattern12_0059,Source/Game/active12.c,table,high,0.64,,1.0
06074620,Pattern12_0060,Source/Game/active12.c,table,high,0.64,,1.0
06074640,Pattern12_0061,Source/Game/active12.c,table,high,0.64,,1.0
06074660,Pattern12_0062,Source/Game/active12.c,table,high,0.64,,1.0
06074680,Pattern12_0063,Source/Game/active12.c,table,high,0.64,,1.0
060746A0,Pattern12_0064,Source/Game/active12.c,table,high,0.64,,1.0
060746C0,Pattern12_0065,Source/Game/active12.c,table,high,0.64,,1.0
060746F8,Pattern12_0066,Source/Game/active12.c,table,high,0.46,,0.86
0607473C,Pattern12_0067,Source/Game/active12.c,table,high,0.46,,0.86
06074780,Pattern12_0068,Source/Game/active12.c,table,medium,0.29,,0.75
060747EC,Pattern12_0069,Source/Game/active12.c,table,high,0.96,,1.0
0607481E,Pattern12_0070,Source/Game/active12.c,table,high,0.96,,1.0
06074850,Pattern12_0071,Source/Game/active12.c,table,high,0.56,,0.89
060748E4,Pattern12_0072,Source/Game/active12.c,table,high,1.0,,1.0
0607496E,Pattern12_0073,Source/Game/active12.c,table,high,0.98,,1.0
060749EC,Pattern12_0074,Source/Game/active12.c,table,high,0.98,1.0,1.0
06074A42,Pattern12_0075,Source/Game/active12.c,table,high,0.5,,0.89
06074A9C,Pattern12_0076,Source/Game/active12.c,table,high,0.83,,1.0
06074B04,Pattern12_0077,Source/Game/active12.c,table,medium,0.14,,0.57
06074B52,Pattern12_0078,Source/Game/active12.c,table,high,0.46,,0.86
06074B96,Pattern12_0079,Source/Game/active12.c,table,high,0.46,,0.86
06074BF4,Pattern12_0080,Source/Game/active12.c,table,high,0.49,,0.86
06074C3C,Pattern12_0081,Source/Game/active12.c,table,high,0.96,,1.0
06074C6E,Pattern12_0082,Source/Game/active12.c,table,high,0.96,,1.0
06074CA0,Pattern12_0083,Source/Game/active12.c,table,high,0.94,,1.0
06074CE0,Pattern12_0084,Source/Game/active12.c,table,high,0.64,,1.0
06074D0C,Pattern12_0085,Source/Game/active12.c,table,high,0.85,,1.0
06074D5C,pl10_extra_attack,Source/Game/plpat10.c,table-align,medium,0.85,,
06074D74,Pattern13_0000,Source/Game/active13.c,table,high,0.64,,1.0
06074D9C,Pattern13_0001,Source/Game/active13.c,table,high,0.32,,0.8
06074DC8,Pattern13_0002,Source/Game/active13.c,table,high,0.96,,1.0
06074DFA,Pattern13_0003,Source/Game/active13.c,table,high,0.64,,1.0
06074E26,Pattern13_0004,Source/Game/active13.c,table,high,0.96,,1.0
06074E58,Pattern13_0005,Source/Game/active13.c,table,high,0.91,,1.0
06074EB0,Pattern13_0006,Source/Game/active13.c,table,high,0.56,,1.0
06074ECE,Pattern13_0007,Source/Game/active13.c,table,high,0.64,,1.0
06074EEE,Pattern13_0008,Source/Game/active13.c,table,high,0.32,,0.8
06074F1A,Pattern13_0009,Source/Game/active13.c,table,high,0.68,,1.0
06074F5C,Pattern13_0010,Source/Game/active13.c,table,high,0.64,,1.0
06074FA8,Pattern13_0011,Source/Game/active13.c,table,high,0.34,,0.86
06074FE0,Pattern13_0012,Source/Game/active13.c,table,high,0.64,,1.0
06075000,Pattern13_0013,Source/Game/active13.c,table,high,0.64,,1.0
06075020,Pattern13_0014,Source/Game/active13.c,table,high,1.0,,1.0
06075062,Pattern13_0015,Source/Game/active13.c,table,high,0.72,,1.0
060750AC,Pattern13_0016,Source/Game/active13.c,table,high,0.75,,1.0
060750DC,Pattern13_0017,Source/Game/active13.c,table,high,0.96,,1.0
0607510E,Pattern13_0018,Source/Game/active13.c,table,high,0.96,,1.0
06075140,Pattern13_0019,Source/Game/active13.c,table,high,0.96,,1.0
06075172,Pattern13_0020,Source/Game/active13.c,table,high,1.0,,1.0
060751B4,Pattern13_0021,Source/Game/active13.c,table,high,0.65,,1.0
0607521A,Pattern13_0022,Source/Game/active13.c,table,high,0.98,,1.0
0607527C,Pattern13_0023,Source/Game/active13.c,table,high,0.64,1.0,1.0
0607529C,Pattern13_0024,Source/Game/active13.c,table,high,0.72,,1.0
060752BE,Pattern13_0025,Source/Game/active13.c,table,high,0.8,,1.0
06075320,Pattern13_0026,Source/Game/active13.c,table,high,0.97,,1.0
0607535E,Pattern13_0027,Source/Game/active13.c,table,high,1.0,,1.0
060753A0,Pattern13_0028,Source/Game/active13.c,table,high,0.64,1.0,1.0
060753C0,Pattern13_0029,Source/Game/active13.c,table,medium,0.23,,0.67
0607542C,Pattern13_0030,Source/Game/active13.c,table,medium,0.25,,0.67
06075470,Pattern13_0031,Source/Game/active13.c,table,high,0.94,,1.0
060754B0,Pattern13_0032,Source/Game/active13.c,table,high,0.91,,1.0
06075508,Pattern13_0033,Source/Game/active13.c,table,high,0.98,,1.0
06075556,Pattern13_0034,Source/Game/active13.c,table,high,0.96,,1.0
06075588,Pattern13_0035,Source/Game/active13.c,table,high,0.64,,1.0
060755A8,Pattern13_0036,Source/Game/active13.c,table,high,0.64,,1.0
060755C8,Pattern13_0037,Source/Game/active13.c,table,high,0.91,,1.0
06075640,Pattern13_0038,Source/Game/active13.c,table,high,0.95,,1.0
0607569C,Pattern13_0039,Source/Game/active13.c,table,high,0.94,,1.0
060756DC,Pattern13_0040,Source/Game/active13.c,table,high,0.99,,1.0
06075740,Pattern13_0041,Source/Game/active13.c,table,high,0.94,,1.0
06075780,Pattern13_0042,Source/Game/active13.c,table,medium,0.26,,0.75
060757D0,Pattern13_0043,Source/Game/active13.c,table,high,1.0,,1.0
06075812,Pattern13_0044,Source/Game/active13.c,table,high,0.7,,1.0
06075874,Pattern13_0045,Source/Game/active13.c,table,high,1.0,,1.0
060758B6,Pattern13_0046,Source/Game/active13.c,table,high,0.96,,1.0
060758E8,Pattern13_0047,Source/Game/active13.c,table,high,0.96,1.0,1.0
0607591A,Pattern13_0048,Source/Game/active13.c,table,high,0.96,1.0,1.0
0607596C,Pattern13_0049,Source/Game/active13.c,table,high,0.96,,1.0
0607599E,Pattern13_0050,Source/Game/active13.c,table,high,0.96,,1.0
060759D0,Pattern13_0051,Source/Game/active13.c,table,high,0.96,,1.0
06075A02,Pattern13_0052,Source/Game/active13.c,table,high,0.99,,1.0
06075A40,Pattern13_0053,Source/Game/active13.c,table,high,1.0,,1.0
06075A7A,Pattern13_0054,Source/Game/active13.c,table,high,1.0,,1.0
06075AB4,Pattern13_0055,Source/Game/active13.c,table,high,1.0,,1.0
06075AF8,Pattern13_0056,Source/Game/active13.c,table,high,1.0,,1.0
06075B4A,Pattern13_0057,Source/Game/active13.c,table,high,0.96,1.0,1.0
06075B7C,Pattern13_0058,Source/Game/active13.c,table,high,0.96,1.0,1.0
06075BAE,Pattern13_0059,Source/Game/active13.c,table,high,0.96,,1.0
06075C14,Pattern13_0060,Source/Game/active13.c,table,high,0.96,,1.0
06075C46,Pattern13_0061,Source/Game/active13.c,table,high,0.96,,1.0
06075C78,Pattern13_0062,Source/Game/active13.c,table,high,0.96,,1.0
06075CAA,Pattern13_0063,Source/Game/active13.c,table,high,0.99,,1.0
06075CFE,Pattern13_0064,Source/Game/active13.c,table,medium,0.31,,0.75
06075D64,Pattern13_0065,Source/Game/active13.c,table,medium,0.31,,0.75
06075DCA,Pattern13_0066,Source/Game/active13.c,table,high,0.94,,1.0
06075E5A,Pattern13_0067,Source/Game/active13.c,table,high,0.99,,1.0
06075EA2,Pattern13_0068,Source/Game/active13.c,table,high,0.99,,1.0
06075EEA,Pattern13_0069,Source/Game/active13.c,table,high,0.99,,1.0
06075F50,Pattern13_0070,Source/Game/active13.c,table,high,0.72,,1.0
06075F72,Pattern13_0071,Source/Game/active13.c,table,high,0.72,,1.0
06075F94,Pattern13_0072,Source/Game/active13.c,table,high,0.72,,1.0
06075FB6,Pattern13_0073,Source/Game/active13.c,table,high,0.72,,1.0
06075FD8,Pattern13_0074,Source/Game/active13.c,table,high,0.7,,1.0
06076006,Pattern13_0075,Source/Game/active13.c,table,high,0.96,1.0,1.0
06076054,Pattern13_0076,Source/Game/active13.c,table,high,0.96,1.0,1.0
06076086,Pattern13_0077,Source/Game/active13.c,table,high,0.96,,1.0
060760B8,Pattern13_0078,Source/Game/active13.c,table,high,0.99,,1.0
060760F6,Pattern13_0079,Source/Game/active13.c,table,high,1.0,,1.0
06076130,Pattern13_0080,Source/Game/active13.c,table,high,1.0,,1.0
06076180,pl11_extra_attack,Source/Game/PLPAT11.c,table-align,medium,0.85,,
06076198,Pattern14_0000,Source/Game/active14.c,table,high,0.64,,1.0
060761C0,Pattern14_0001,Source/Game/active14.c,table,high,0.56,,1.0
060761DE,Pattern14_0002,Source/Game/active14.c,table,high,0.64,,1.0
060761FE,Pattern14_0003,Source/Game/active14.c,table,high,0.64,,1.0
0607621E,Pattern14_0004,Source/Game/active14.c,table,high,0.64,,1.0
0607623E,Pattern14_0005,Source/Game/active14.c,table,high,0.64,,1.0
06076280,Pattern14_0006,Source/Game/active14.c,table,high,0.64,,1.0
060762A0,Pattern14_0007,Source/Game/active14.c,table,high,0.64,,1.0
060762C0,Pattern14_0008,Source/Game/active14.c,table,high,0.64,,1.0
060762E0,Pattern14_0009,Source/Game/active14.c,table,high,0.64,,1.0
06076300,Pattern14_0010,Source/Game/active14.c,table,high,0.64,,1.0
06076320,Pattern14_0011,Source/Game/active14.c,table,high,0.64,,1.0
06076340,Pattern14_0012,Source/Game/active14.c,table,high,0.64,,1.0
06076374,Pattern14_0013,Source/Game/active14.c,table,high,0.64,,1.0
06076394,Pattern14_0014,Source/Game/active14.c,table,high,0.96,,1.0
060763C6,Pattern14_0015,Source/Game/active14.c,table,high,0.96,,1.0
060763F8,Pattern14_0016,Source/Game/active14.c,table,high,0.96,,1.0
0607642A,Pattern14_0017,Source/Game/active14.c,table,high,0.99,,1.0
06076488,Pattern14_0018,Source/Game/active14.c,table,high,0.96,,1.0
060764BA,Pattern14_0019,Source/Game/active14.c,table,high,0.96,,1.0
060764EC,Pattern14_0020,Source/Game/active14.c,table,high,0.96,,1.0
0607651E,Pattern14_0021,Source/Game/active14.c,table,high,0.96,,1.0
06076550,Pattern14_0022,Source/Game/active14.c,table,high,0.99,,1.0
06076598,Pattern14_0023,Source/Game/active14.c,table,high,0.99,,1.0
060765E0,Pattern14_0024,Source/Game/active14.c,table,high,0.64,,1.0
06076600,Pattern14_0025,Source/Game/active14.c,table,high,1.0,,1.0
06076632,Pattern14_0026,Source/Game/active14.c,table,high,0.97,,1.0
060766F4,Pattern14_0027,Source/Game/active14.c,table,high,0.72,,1.0
0607674C,Pattern14_0028,Source/Game/active14.c,table,high,0.99,,1.0
060767B8,Pattern14_0029,Source/Game/active14.c,table,high,1.0,,1.0
0607685C,Pattern14_0030,Source/Game/active14.c,table,high,0.99,,1.0
060768F4,Pattern14_0031,Source/Game/active14.c,table,high,0.84,,1.0
06076998,Pattern14_0032,Source/Game/active14.c,table,high,0.99,,1.0
06076A60,Pattern14_0033,Source/Game/active14.c,table,high,0.62,,0.93
06076B08,Pattern14_0034,Source/Game/active14.c,table,high,0.85,,1.0
06076BAA,Pattern14_0035,Source/Game/active14.c,table,high,1.0,1.0,1.0
06076C20,Pattern14_0036,Source/Game/active14.c,table,high,0.76,1.0,1.0
06076CE2,Pattern14_0037,Source/Game/active14.c,table,high,0.63,1.0,0.93
06076DB4,Pattern14_0038,Source/Game/active14.c,table,high,0.96,,1.0
06076DF6,Pattern14_0039,Source/Game/active14.c,table,high,0.96,,1.0
06076E38,Pattern14_0040,Source/Game/active14.c,table,high,0.96,,1.0
06076E7A,Pattern14_0041,Source/Game/active14.c,table,high,0.98,,1.0
06076ED2,Pattern14_0042,Source/Game/active14.c,table,high,1.0,,1.0
06076F56,Pattern14_0043,Source/Game/active14.c,table,high,0.97,,1.0
06076FA6,Pattern14_0044,Source/Game/active14.c,table,high,1.0,1.0,1.0
06076FE0,Pattern14_0045,Source/Game/active14.c,table,high,1.0,1.0,1.0
0607703C,Pattern14_0046,Source/Game/active14.c,table,high,1.0,,1.0
06077076,Pattern14_0047,Source/Game/active14.c,table,high,0.96,1.0,1.0
060770A8,Pattern14_0048,Source/Game/active14.c,table,high,0.96,1.0,1.0
060770DA,Pattern14_0049,Source/Game/active14.c,table,high,0.96,,1.0
0607710C,Pattern14_0050,Source/Game/active14.c,table,high,0.99,,1.0
06077142,Pattern14_0051,Source/Game/active14.c,table,high,1.0,,1.0
060771BC,Pattern14_0052,Source/Game/active14.c,table,low,0.02,,0.15
06077276,Pattern14_0053,Source/Game/active14.c,table,high,1.0,1.0,1.0
060772BC,Pattern14_0054,Source/Game/active14.c,table,high,1.0,1.0,1.0
06077302,Pattern14_0055,Source/Game/active14.c,table,high,0.72,1.0,1.0
0607736C,Pattern14_0056,Source/Game/active14.c,table,high,1.0,1.0,1.0
060773CA,Pattern14_0057,Source/Game/active14.c,table,high,1.0,1.0,1.0
06077444,Pattern14_0058,Source/Game/active14.c,table,high,0.59,,0.91
060774C4,Pattern14_0059,Source/Game/active14.c,table,high,0.54,,0.93
06077590,Pattern14_0060,Source/Game/active14.c,table,high,1.0,,1.0
06077658,Pattern14_0061,Source/Game/active14.c,table,high,0.98,1.0,1.0
060776F4,Pattern14_0062,Source/Game/active14.c,table,high,0.84,,1.0
060777B2,Pattern14_0063,Source/Game/active14.c,table,high,0.22,,0.8
060778A8,Pattern14_0064,Source/Game/active14.c,table,high,0.24,,0.82
060779AE,Pattern14_0065,Source/Game/active14.c,table,high,0.61,,0.92
06077A50,Pattern14_0066,Source/Game/active14.c,table,high,0.84,,1.0
06077B04,Pattern14_0067,Source/Game/active14.c,table,high,1.0,,1.0
06077B7A,Pattern14_0068,Source/Game/active14.c,table,high,0.96,,1.0
06077BD8,Pattern14_0069,Source/Game/active14.c,table,high,1.0,1.0,1.0
06077C22,Pattern14_0070,Source/Game/active14.c,table,high,1.0,1.0,1.0
06077C6C,Pattern14_0071,Source/Game/active14.c,table,high,1.0,1.0,1.0
06077CB6,Pattern14_0072,Source/Game/active14.c,table,high,0.62,1.0,1.0
06077D14,Pattern14_0073,Source/Game/active14.c,table,high,1.0,1.0,1.0
06077D50,Pattern14_0074,Source/Game/active14.c,table,high,1.0,1.0,1.0
06077D8C,Pattern14_0075,Source/Game/active14.c,table,high,0.64,,1.0
06077DAC,Pattern14_0076,Source/Game/active14.c,table,high,0.45,,0.86
06077E24,Pattern14_0077,Source/Game/active14.c,table,medium,0.25,,0.67
06077E68,Pattern14_0078,Source/Game/active14.c,table,medium,0.3,,0.75
06077ED8,Pattern14_0079,Source/Game/active14.c,table,medium,0.18,,0.67
06077F3A,Pattern14_0080,Source/Game/active14.c,table,high,0.32,,0.8
06077F66,Pattern14_0081,Source/Game/active14.c,table,medium,0.25,,0.67
06077FC4,Pattern14_0082,Source/Game/active14.c,table,high,0.32,,0.8
06077FF0,Pattern14_0083,Source/Game/active14.c,table,medium,0.14,,0.6
06078078,Pattern14_0084,Source/Game/active14.c,table,medium,0.05,,0.36
06078106,Pattern14_0085,Source/Game/active14.c,table,medium,0.18,,0.57
0607816E,Pattern14_0086,Source/Game/active14.c,table,medium,0.14,,0.57
060781BC,Pattern14_0087,Source/Game/active14.c,table,medium,0.12,,0.62
06078268,Pattern14_0088,Source/Game/active14.c,table,high,0.96,,1.0
060782C6,Pattern14_0089,Source/Game/active14.c,table,high,0.96,,1.0
0607834C,Pattern14_0090,Source/Game/active14.c,table,high,1.0,,1.0
060783CE,Pattern14_0091,Source/Game/active14.c,table,medium,0.17,,0.71
06078496,Pattern14_0092,Source/Game/active14.c,table,high,1.0,,1.0
06078500,Pattern14_0093,Source/Game/active14.c,table,high,0.73,,1.0
06078598,Pattern14_0094,Source/Game/active14.c,table,high,1.0,,1.0
06078602,Pattern14_0095,Source/Game/active14.c,table,high,0.87,,1.0
06078688,Pattern14_0096,Source/Game/active14.c,table,high,1.0,,1.0
060786D8,Pattern14_0097,Source/Game/active14.c,table,high,1.0,,1.0
06078728,Pattern14_0098,Source/Game/active14.c,table,high,1.0,,1.0
06078778,Pattern14_0099,Source/Game/active14.c,table,high,1.0,,1.0
060787C8,Pattern14_0100,Source/Game/active14.c,table,high,0.92,,1.0
0607884E,Pattern14_0101,Source/Game/active14.c,table,high,0.99,,1.0
060788C4,Pattern14_0102,Source/Game/active14.c,table,high,0.8,,1.0
0607895C,Pattern14_0103,Source/Game/active14.c,table,high,0.99,,1.0
060789D2,Pattern14_0104,Source/Game/active14.c,table,high,1.0,,1.0
06078A0C,Pattern14_0105,Source/Game/active14.c,table,high,0.67,,1.0
06078A66,Pattern14_0106,Source/Game/active14.c,table,high,1.0,,1.0
06078AA0,Pattern14_0107,Source/Game/active14.c,table,high,1.0,,1.0
06078ADA,Pattern14_0108,Source/Game/active14.c,table,high,0.84,,1.0
06078B7E,Pattern14_0109,Source/Game/active14.c,table,high,0.99,,1.0
06078C02,Pattern14_0110,Source/Game/active14.c,table,high,0.85,,1.0
06078CA4,Pattern14_0111,Source/Game/active14.c,table,high,0.99,,1.0
06078D28,Pattern14_0112,Source/Game/active14.c,table,high,0.96,,1.0
06078D5A,Pattern14_0113,Source/Game/active14.c,table,high,0.92,,1.0
06078DF0,Pattern14_0114,Source/Game/active14.c,table,high,1.0,,1.0
06078E9C,Pattern14_0115,Source/Game/active14.c,table,high,1.0,,1.0
06078F26,Pattern14_0116,Source/Game/active14.c,table,high,0.9,,1.0
06078FD0,Pattern14_0117,Source/Game/active14.c,table,high,1.0,,1.0
06079058,Pattern14_0118,Source/Game/active14.c,table,high,0.89,,1.0
060790F2,Pattern14_0119,Source/Game/active14.c,table,high,1.0,,1.0
0607916A,Pattern14_0120,Source/Game/active14.c,table,high,0.59,,1.0
060791BC,Pattern14_0121,Source/Game/active14.c,table,high,0.99,,1.0
06079204,Pattern14_0122,Source/Game/active14.c,table,high,0.99,,1.0
0607924C,Pattern14_0123,Source/Game/active14.c,table,high,0.99,,1.0
06079294,Pattern14_0124,Source/Game/active14.c,table,high,0.99,,1.0
060792DC,Pattern14_0125,Source/Game/active14.c,table,high,1.0,,1.0
06079316,Pattern14_0126,Source/Game/active14.c,table,high,1.0,,1.0
06079350,Pattern14_0127,Source/Game/active14.c,table,high,1.0,,1.0
0607938A,Pattern14_0128,Source/Game/active14.c,table,high,0.97,,1.0
060793F0,Pattern14_0129,Source/Game/active14.c,table,high,0.99,,1.0
06079444,Pattern14_0130,Source/Game/active14.c,table,high,1.0,1.0,1.0
0607947E,Pattern14_0131,Source/Game/active14.c,table,high,1.0,,1.0
060794D0,Pattern14_0132,Source/Game/active14.c,table,high,0.64,,1.0
060794FC,Pattern14_0133,Source/Game/active14.c,table,high,0.64,,1.0
06079528,Pattern14_0134,Source/Game/active14.c,table,high,0.64,,1.0
06079554,Pattern14_0135,Source/Game/active14.c,table,high,0.64,,1.0
06079580,Pattern14_0136,Source/Game/active14.c,table,high,0.59,1.0,1.0
060795E0,Pattern14_0137,Source/Game/active14.c,table,high,0.4,,0.86
06079668,Pattern14_0138,Source/Game/active14.c,table,high,0.38,,0.86
06079712,Pattern14_0139,Source/Game/active14.c,table,high,0.61,,0.92
060797A8,Pattern14_0140,Source/Game/active14.c,table,high,0.59,,0.92
06079818,Pattern14_0141,Source/Game/active14.c,table,high,1.0,1.0,1.0
06079854,Pattern14_0142,Source/Game/active14.c,table,high,0.82,1.0,1.0
060798FA,Pattern14_0143,Source/Game/active14.c,table,high,0.99,1.0,1.0
06079966,Pattern14_0144,Source/Game/active14.c,table,high,1.0,,1.0
060799C0,Pattern14_0145,Source/Game/active14.c,table,high,1.0,,1.0
06079A38,Pattern14_0146,Source/Game/active14.c,table,high,1.0,,1.0
06079AD0,Pattern14_0147,Source/Game/active14.c,table,high,1.0,,1.0
06079B48,Pattern14_0148,Source/Game/active14.c,table,high,1.0,,1.0
06079BE0,Pattern14_0149,Source/Game/active14.c,table,high,0.99,1.0,1.0
06079C28,Pattern14_0150,Source/Game/active14.c,table,high,0.99,1.0,1.0
06079CA4,pl12_extra_attack,Source/Game/PLPAT12.c,table-align,medium,0.85,,
0607D708,pl13_extra_attack,Source/Game/PLPAT13.c,table-align,medium,0.85,,
0607D720,Pattern15_0000,Source/Game/active15.c,table,high,0.64,,1.0
0607D748,Pattern15_0001,Source/Game/active15.c,table,high,0.26,,0.8
0607D770,Pattern15_0002,Source/Game/active15.c,table,high,0.99,,1.0
0607D7A6,Pattern15_0003,Source/Game/active15.c,table,high,0.64,,1.0
0607D7D2,Pattern15_0004,Source/Game/active15.c,table,high,0.62,,1.0
0607D830,Pattern15_0005,Source/Game/active15.c,table,high,0.98,,1.0
0607D876,Pattern15_0006,Source/Game/active15.c,table,high,0.56,,1.0
0607D894,Pattern15_0007,Source/Game/active15.c,table,high,0.95,,1.0
0607D8E0,Pattern15_0008,Source/Game/active15.c,table,high,0.64,,1.0
0607D928,Pattern15_0009,Source/Game/active15.c,table,high,0.69,,1.0
0607D95E,Pattern15_0010,Source/Game/active15.c,table,high,0.64,,1.0
0607D97E,Pattern15_0011,Source/Game/active15.c,table,high,0.64,,1.0
0607D99E,Pattern15_0012,Source/Game/active15.c,table,high,0.64,,1.0
0607D9BE,Pattern15_0013,Source/Game/active15.c,table,high,0.64,,1.0
0607D9DE,Pattern15_0014,Source/Game/active15.c,table,high,0.6,,1.0
0607DA48,Pattern15_0015,Source/Game/active15.c,table,high,0.72,,1.0
0607DA6A,Pattern15_0016,Source/Game/active15.c,table,high,0.75,,1.0
0607DA9A,Pattern15_0017,Source/Game/active15.c,table,high,0.96,,1.0
0607DACC,Pattern15_0018,Source/Game/active15.c,table,high,0.96,,1.0
0607DAFE,Pattern15_0019,Source/Game/active15.c,table,high,0.72,,1.0
0607DB40,Pattern15_0020,Source/Game/active15.c,table,high,0.99,,1.0
0607DB88,Pattern15_0021,Source/Game/active15.c,table,high,1.0,,1.0
0607DBCA,Pattern15_0022,Source/Game/active15.c,table,high,0.96,,1.0
0607DBFC,Pattern15_0023,Source/Game/active15.c,table,high,0.64,,1.0
0607DC1C,Pattern15_0024,Source/Game/active15.c,table,high,0.72,,1.0
0607DC64,Pattern15_0025,Source/Game/active15.c,table,high,0.75,,1.0
0607DC94,Pattern15_0026,Source/Game/active15.c,table,high,0.97,,1.0
0607DCD2,Pattern15_0027,Source/Game/active15.c,table,high,0.56,,1.0
0607DCF0,Pattern15_0028,Source/Game/active15.c,table,high,0.64,,1.0
0607DD10,Pattern15_0029,Source/Game/active15.c,table,medium,0.26,,0.67
0607DD82,Pattern15_0030,Source/Game/active15.c,table,high,0.32,,0.8
0607DDAE,Pattern15_0031,Source/Game/active15.c,table,high,1.0,,1.0
0607DE02,Pattern15_0032,Source/Game/active15.c,table,high,0.94,,1.0
0607DE42,Pattern15_0033,Source/Game/active15.c,table,high,0.83,,1.0
0607DEAA,Pattern15_0034,Source/Game/active15.c,table,medium,0.22,,0.67
0607DEE8,Pattern15_0035,Source/Game/active15.c,table,high,0.64,,1.0
0607DF08,Pattern15_0036,Source/Game/active15.c,table,high,0.64,,1.0
0607DF28,Pattern15_0037,Source/Game/active15.c,table,high,0.94,,1.0
0607DF84,Pattern15_0038,Source/Game/active15.c,table,high,0.69,,1.0
0607DFBE,Pattern15_0039,Source/Game/active15.c,table,high,0.99,,1.0
0607E006,Pattern15_0040,Source/Game/active15.c,table,high,0.94,,1.0
0607E046,Pattern15_0041,Source/Game/active15.c,table,high,0.94,,1.0
0607E0A2,Pattern15_0042,Source/Game/active15.c,table,medium,0.23,,0.67
0607E0E2,Pattern15_0043,Source/Game/active15.c,table,high,0.38,,0.83
0607E17C,Pattern15_0044,Source/Game/active15.c,table,high,0.26,,0.8
0607E1CE,Pattern15_0045,Source/Game/active15.c,table,high,0.34,,0.8
0607E23A,Pattern15_0046,Source/Game/active15.c,table,high,0.96,1.0,1.0
0607E26C,Pattern15_0047,Source/Game/active15.c,table,high,0.96,1.0,1.0
0607E29E,Pattern15_0048,Source/Game/active15.c,table,high,0.96,,1.0
0607E2D0,Pattern15_0049,Source/Game/active15.c,table,high,0.96,,1.0
0607E302,Pattern15_0050,Source/Game/active15.c,table,high,0.96,,1.0
0607E334,Pattern15_0051,Source/Game/active15.c,table,high,0.96,,1.0
0607E38C,Pattern15_0052,Source/Game/active15.c,table,high,0.99,,1.0
0607E3DA,Pattern15_0053,Source/Game/active15.c,table,high,0.99,,1.0
0607E422,Pattern15_0054,Source/Game/active15.c,table,high,0.96,,1.0
0607E4A8,Pattern15_0055,Source/Game/active15.c,table,high,0.64,,1.0
0607E4D0,Pattern15_0056,Source/Game/active15.c,table,high,0.96,,1.0
0607E502,Pattern15_0057,Source/Game/active15.c,table,high,0.96,,1.0
0607E534,Pattern15_0058,Source/Game/active15.c,table,high,0.96,,1.0
0607E566,Pattern15_0059,Source/Game/active15.c,table,high,0.96,,1.0
0607E5B0,Pattern15_0060,Source/Game/active15.c,table,high,0.96,,1.0
0607E5E2,Pattern15_0061,Source/Game/active15.c,table,high,0.94,,1.0
0607E622,Pattern15_0062,Source/Game/active15.c,table,high,0.72,,1.0
0607E644,Pattern15_0063,Source/Game/active15.c,table,high,0.72,,1.0
0607E666,Pattern15_0064,Source/Game/active15.c,table,high,0.96,,1.0
0607E6B0,Pattern15_0065,Source/Game/active15.c,table,high,0.96,,1.0
0607E6E2,Pattern15_0066,Source/Game/active15.c,table,high,0.96,,1.0
0607E714,Pattern15_0067,Source/Game/active15.c,table,high,0.72,,1.0
0607E736,Pattern15_0068,Source/Game/active15.c,table,high,0.96,,1.0
0607E780,pl14_extra_attack,Source/Game/plpat14.c,table-align,medium,0.85,,
0607E798,Pattern16_0000,Source/Game/active16.c,table,high,0.64,,1.0
0607E7C0,Pattern16_0001,Source/Game/active16.c,table,high,0.2,,0.8
0607E7E4,Pattern16_0002,Source/Game/active16.c,table,high,0.94,,1.0
0607E824,Pattern16_0003,Source/Game/active16.c,table,high,0.64,,1.0
0607E850,Pattern16_0004,Source/Game/active16.c,table,high,0.62,,1.0
0607E8AE,Pattern16_0005,Source/Game/active16.c,table,high,0.99,,1.0
0607E8F6,Pattern16_0006,Source/Game/active16.c,table,high,0.56,,1.0
0607E914,Pattern16_0007,Source/Game/active16.c,table,high,0.95,,1.0
0607E960,Pattern16_0008,Source/Game/active16.c,table,high,0.64,,1.0
0607E9A8,Pattern16_0009,Source/Game/active16.c,table,high,0.69,,1.0
0607E9DE,Pattern16_0010,Source/Game/active16.c,table,high,0.64,,1.0
0607E9FE,Pattern16_0011,Source/Game/active16.c,table,high,0.64,,1.0
0607EA1E,Pattern16_0012,Source/Game/active16.c,table,high,0.64,,1.0
0607EA3E,Pattern16_0013,Source/Game/active16.c,table,high,0.72,,1.0
0607EA60,Pattern16_0014,Source/Game/active16.c,table,high,0.65,,1.0
0607EAC6,Pattern16_0015,Source/Game/active16.c,table,high,0.72,,1.0
0607EAE8,Pattern16_0016,Source/Game/active16.c,table,high,0.72,,1.0
0607EB0A,Pattern16_0017,Source/Game/active16.c,table,high,0.96,,1.0
0607EB3C,Pattern16_0018,Source/Game/active16.c,table,high,1.0,,1.0
0607EB84,Pattern16_0019,Source/Game/active16.c,table,high,0.72,,1.0
0607EBCC,Pattern16_0020,Source/Game/active16.c,table,medium,0.25,,0.67
0607EC10,Pattern16_0021,Source/Game/active16.c,table,high,1.0,,1.0
0607EC52,Pattern16_0022,Source/Game/active16.c,table,high,0.96,,1.0
0607EC84,Pattern16_0023,Source/Game/active16.c,table,high,0.64,,1.0
0607ECA4,Pattern16_0024,Source/Game/active16.c,table,high,0.72,,1.0
0607ECEC,Pattern16_0025,Source/Game/active16.c,table,high,0.72,,1.0
0607ED0E,Pattern16_0026,Source/Game/active16.c,table,high,0.97,,1.0
0607ED4C,Pattern16_0027,Source/Game/active16.c,table,high,0.56,,1.0
0607ED6A,Pattern16_0028,Source/Game/active16.c,table,high,0.64,,1.0
0607ED8A,Pattern16_0029,Source/Game/active16.c,table,high,0.37,,0.86
0607EDF0,Pattern16_0030,Source/Game/active16.c,table,high,0.32,,0.8
0607EE1C,Pattern16_0031,Source/Game/active16.c,table,high,1.0,,1.0
0607EE70,Pattern16_0032,Source/Game/active16.c,table,high,0.94,,1.0
0607EEB0,Pattern16_0033,Source/Game/active16.c,table,high,0.89,,1.0
0607EF12,Pattern16_0034,Source/Game/active16.c,table,medium,0.22,,0.67
0607EF50,Pattern16_0035,Source/Game/active16.c,table,high,0.64,,1.0
0607EF70,Pattern16_0036,Source/Game/active16.c,table,high,0.64,,1.0
0607EF90,Pattern16_0037,Source/Game/active16.c,table,high,0.99,,1.0
0607EFF0,Pattern16_0038,Source/Game/active16.c,table,high,0.69,,1.0
0607F02A,Pattern16_0039,Source/Game/active16.c,table,high,0.98,,1.0
0607F080,Pattern16_0040,Source/Game/active16.c,table,high,0.94,,1.0
0607F0C0,Pattern16_0041,Source/Game/active16.c,table,high,0.94,,1.0
0607F11C,Pattern16_0042,Source/Game/active16.c,table,medium,0.21,,0.67
0607F158,Pattern16_0043,Source/Game/active16.c,table,high,0.38,,0.83
0607F1D2,Pattern16_0044,Source/Game/active16.c,table,high,0.26,,0.8
0607F224,Pattern16_0045,Source/Game/active16.c,table,high,0.34,,0.8
0607F290,Pattern16_0046,Source/Game/active16.c,table,high,0.96,,1.0
0607F2E4,Pattern16_0047,Source/Game/active16.c,table,medium,0.31,,0.75
0607F348,Pattern16_0048,Source/Game/active16.c,table,high,0.94,1.0,1.0
0607F388,Pattern16_0049,Source/Game/active16.c,table,high,0.96,1.0,1.0
0607F3BA,Pattern16_0050,Source/Game/active16.c,table,high,0.96,1.0,1.0
0607F3EC,Pattern16_0051,Source/Game/active16.c,table,high,0.96,1.0,1.0
0607F41E,Pattern16_0052,Source/Game/active16.c,table,high,1.0,,1.0
0607F492,Pattern16_0053,Source/Game/active16.c,table,high,0.86,,1.0
0607F54C,Pattern16_0054,Source/Game/active16.c,table,high,0.99,,1.0
0607F594,Pattern16_0055,Source/Game/active16.c,table,high,0.64,,1.0
0607F5BC,Pattern16_0056,Source/Game/active16.c,table,high,0.96,,1.0
0607F5EE,Pattern16_0057,Source/Game/active16.c,table,high,0.96,,1.0
0607F620,Pattern16_0058,Source/Game/active16.c,table,high,0.96,,1.0
0607F652,Pattern16_0059,Source/Game/active16.c,table,high,0.81,,1.0
0607F6A2,Pattern16_0060,Source/Game/active16.c,table,high,0.96,,1.0
0607F6D4,Pattern16_0061,Source/Game/active16.c,table,high,1.0,,1.0
0607F71E,Pattern16_0062,Source/Game/active16.c,table,high,0.72,,1.0
0607F740,Pattern16_0063,Source/Game/active16.c,table,high,0.72,,1.0
0607F762,Pattern16_0064,Source/Game/active16.c,table,high,0.67,,1.0
0607F7BC,Pattern16_0065,Source/Game/active16.c,table,high,0.99,,1.0
0607F7F2,Pattern16_0066,Source/Game/active16.c,table,high,0.98,,1.0
0607F826,Pattern16_0067,Source/Game/active16.c,table,high,0.64,,1.0
0607F846,Pattern16_0068,Source/Game/active16.c,table,high,0.96,,1.0
0607F878,Pattern16_0069,Source/Game/active16.c,table,high,0.64,,1.0
0607F8B4,pl16_extra_attack,Source/Game/plpat16.c,table-align,medium,0.85,,
0607F8CC,Pattern17_0000,Source/Game/active17.c,table,high,0.64,,1.0
0607F8F4,Pattern17_0001,Source/Game/active17.c,table,high,0.2,,0.8
0607F918,Pattern17_0002,Source/Game/active17.c,table,high,0.94,,1.0
0607F958,Pattern17_0003,Source/Game/active17.c,table,high,0.64,,1.0
0607F984,Pattern17_0004,Source/Game/active17.c,table,high,0.62,,1.0
0607F9E2,Pattern17_0005,Source/Game/active17.c,table,high,0.98,,1.0
0607FA28,Pattern17_0006,Source/Game/active17.c,table,high,0.56,,1.0
0607FA46,Pattern17_0007,Source/Game/active17.c,table,high,0.95,,1.0
0607FA92,Pattern17_0008,Source/Game/active17.c,table,high,0.64,,1.0
0607FAD8,Pattern17_0009,Source/Game/active17.c,table,high,0.69,,1.0
0607FB0E,Pattern17_0010,Source/Game/active17.c,table,high,0.64,,1.0
0607FB2E,Pattern17_0011,Source/Game/active17.c,table,high,0.64,,1.0
0607FB4E,Pattern17_0012,Source/Game/active17.c,table,high,0.64,,1.0
0607FB6E,Pattern17_0013,Source/Game/active17.c,table,high,0.64,,1.0
0607FB8E,Pattern17_0014,Source/Game/active17.c,table,high,0.6,,1.0
0607FBF8,Pattern17_0015,Source/Game/active17.c,table,high,0.72,,1.0
0607FC1A,Pattern17_0016,Source/Game/active17.c,table,high,0.72,,1.0
0607FC3C,Pattern17_0017,Source/Game/active17.c,table,high,0.96,,1.0
0607FC6E,Pattern17_0018,Source/Game/active17.c,table,high,0.96,,1.0
0607FCA0,Pattern17_0019,Source/Game/active17.c,table,high,0.72,,1.0
0607FCC2,Pattern17_0020,Source/Game/active17.c,table,high,0.85,,1.0
0607FD28,Pattern17_0021,Source/Game/active17.c,table,high,1.0,,1.0
0607FD6A,Pattern17_0022,Source/Game/active17.c,table,high,0.96,,1.0
0607FD9C,Pattern17_0023,Source/Game/active17.c,table,high,0.64,,1.0
0607FDBC,Pattern17_0024,Source/Game/active17.c,table,high,0.72,,1.0
0607FDDE,Pattern17_0025,Source/Game/active17.c,table,high,0.72,,1.0
0607FE24,Pattern17_0026,Source/Game/active17.c,table,high,0.97,,1.0
0607FE62,Pattern17_0027,Source/Game/active17.c,table,high,0.56,,1.0
0607FE80,Pattern17_0028,Source/Game/active17.c,table,high,0.64,,1.0
0607FEA0,Pattern17_0029,Source/Game/active17.c,table,medium,0.25,,0.67
0607FEE4,Pattern17_0030,Source/Game/active17.c,table,high,0.49,,0.8
0607FF34,Pattern17_0031,Source/Game/active17.c,table,high,1.0,,1.0
0607FF84,Pattern17_0032,Source/Game/active17.c,table,high,0.94,,1.0
0607FFC4,Pattern17_0033,Source/Game/active17.c,table,high,0.94,,1.0
06080024,Pattern17_0034,Source/Game/active17.c,table,medium,0.22,,0.67
06080062,Pattern17_0035,Source/Game/active17.c,table,high,0.64,,1.0
06080082,Pattern17_0036,Source/Game/active17.c,table,high,0.64,,1.0
060800A2,Pattern17_0037,Source/Game/active17.c,table,high,0.94,,1.0
060800E2,Pattern17_0038,Source/Game/active17.c,table,high,1.0,,1.0
06080138,Pattern17_0039,Source/Game/active17.c,table,high,0.95,,1.0
06080184,Pattern17_0040,Source/Game/active17.c,table,high,0.94,,1.0
060801C4,Pattern17_0041,Source/Game/active17.c,table,high,0.26,,0.8
06080208,Pattern17_0042,Source/Game/active17.c,table,medium,0.21,,0.67
06080244,Pattern17_0043,Source/Game/active17.c,table,high,0.38,,0.83
060802D8,Pattern17_0044,Source/Game/active17.c,table,high,0.26,,0.8
0608032A,Pattern17_0045,Source/Game/active17.c,table,high,0.34,,0.8
06080396,Pattern17_0046,Source/Game/active17.c,table,high,0.96,1.0,1.0
060803C8,Pattern17_0047,Source/Game/active17.c,table,high,0.96,1.0,1.0
060803FA,Pattern17_0048,Source/Game/active17.c,table,high,0.96,,1.0
0608042C,Pattern17_0049,Source/Game/active17.c,table,high,0.96,,1.0
0608045E,Pattern17_0050,Source/Game/active17.c,table,high,0.96,,1.0
06080490,Pattern17_0051,Source/Game/active17.c,table,high,0.96,,1.0
060804EC,Pattern17_0052,Source/Game/active17.c,table,high,1.0,,1.0
0608054E,Pattern17_0053,Source/Game/active17.c,table,high,0.38,,0.83
060805DC,Pattern17_0054,Source/Game/active17.c,table,high,0.99,,1.0
06080624,Pattern17_0055,Source/Game/active17.c,table,high,0.64,,1.0
0608064C,Pattern17_0056,Source/Game/active17.c,table,high,0.96,,1.0
0608067E,Pattern17_0057,Source/Game/active17.c,table,high,0.96,,1.0
060806B0,Pattern17_0058,Source/Game/active17.c,table,high,0.96,,1.0
06080708,Pattern17_0059,Source/Game/active17.c,table,high,0.96,,1.0
0608073A,Pattern17_0060,Source/Game/active17.c,table,high,0.96,,1.0
0608076C,Pattern17_0061,Source/Game/active17.c,table,high,0.96,,1.0
0608079E,Pattern17_0062,Source/Game/active17.c,table,high,0.72,,1.0
060807C0,Pattern17_0063,Source/Game/active17.c,table,high,0.72,,1.0
060807E2,Pattern17_0064,Source/Game/active17.c,table,high,0.64,,1.0
0608081C,Pattern17_0065,Source/Game/active17.c,table,high,0.72,,1.0
0608083E,Pattern17_0066,Source/Game/active17.c,table,high,0.94,,1.0
0608087E,Pattern17_0067,Source/Game/active17.c,table,high,0.96,,1.0
060808B0,Pattern17_0068,Source/Game/active17.c,table,high,0.96,,1.0
06080908,Pattern17_0069,Source/Game/active17.c,table,high,0.93,,1.0
06080952,Pattern17_0070,Source/Game/active17.c,table,high,0.98,,1.0
060809B4,Pattern17_0071,Source/Game/active17.c,table,high,0.96,,1.0
06080A24,Pattern17_0072,Source/Game/active17.c,table,high,1.0,1.0,1.0
06080A8C,Pattern17_0073,Source/Game/active17.c,table,high,0.76,,1.0
06080B4E,Pattern17_0074,Source/Game/active17.c,table,high,1.0,,1.0
06080BCE,Pattern17_0075,Source/Game/active17.c,table,high,0.52,,0.92
06080C82,Pattern17_0076,Source/Game/active17.c,table,high,0.48,1.0,0.89
06080CD4,Pattern17_0077,Source/Game/active17.c,table,high,0.52,,0.89
06080D48,Pattern17_0078,Source/Game/active17.c,table,high,0.93,,1.0
06080DA2,Pattern17_0079,Source/Game/active17.c,table,high,1.0,,1.0
06080E50,Pattern17_0080,Source/Game/active17.c,table,high,0.48,1.0,0.89
06080EA2,Pattern17_0081,Source/Game/active17.c,table,high,0.52,,0.89
06080F14,Pattern17_0082,Source/Game/active17.c,table,high,0.61,,0.92
06080FC8,pl17_extra_attack,Source/Game/plpat17.c,table-align,medium,0.85,,
06080FE0,Pattern18_0000,Source/Game/active18.c,table,high,0.64,,1.0
06081008,Pattern18_0001,Source/Game/active18.c,table,high,0.2,,0.8
0608102C,Pattern18_0002,Source/Game/active18.c,table,high,1.0,,1.0
06081076,Pattern18_0003,Source/Game/active18.c,table,high,0.64,,1.0
060810A2,Pattern18_0004,Source/Game/active18.c,table,high,0.59,,1.0
06081102,Pattern18_0005,Source/Game/active18.c,table,high,0.98,,1.0
06081148,Pattern18_0006,Source/Game/active18.c,table,high,0.56,,1.0
06081166,Pattern18_0007,Source/Game/active18.c,table,high,0.95,,1.0
060811B2,Pattern18_0008,Source/Game/active18.c,table,high,0.64,,1.0
060811F8,Pattern18_0009,Source/Game/active18.c,table,high,0.69,,1.0
0608122E,Pattern18_0010,Source/Game/active18.c,table,high,0.64,,1.0
0608124E,Pattern18_0011,Source/Game/active18.c,table,high,0.64,,1.0
0608126E,Pattern18_0012,Source/Game/active18.c,table,high,0.64,,1.0
0608128E,Pattern18_0013,Source/Game/active18.c,table,high,0.64,,1.0
060812AE,Pattern18_0014,Source/Game/active18.c,table,high,0.6,,1.0
06081318,Pattern18_0015,Source/Game/active18.c,table,high,0.72,,1.0
0608133A,Pattern18_0016,Source/Game/active18.c,table,high,0.72,,1.0
0608135C,Pattern18_0017,Source/Game/active18.c,table,high,0.96,,1.0
0608138E,Pattern18_0018,Source/Game/active18.c,table,high,1.0,,1.0
060813D8,Pattern18_0019,Source/Game/active18.c,table,high,0.72,,0.5
06081418,Pattern18_0020,Source/Game/active18.c,table,high,1.0,,1.0
06081464,Pattern18_0021,Source/Game/active18.c,table,high,1.0,,1.0
060814A6,Pattern18_0022,Source/Game/active18.c,table,high,0.96,,1.0
060814D8,Pattern18_0023,Source/Game/active18.c,table,high,0.64,,1.0
060814F8,Pattern18_0024,Source/Game/active18.c,table,high,0.72,,1.0
06081544,Pattern18_0025,Source/Game/active18.c,table,high,0.72,,1.0
06081566,Pattern18_0026,Source/Game/active18.c,table,high,0.97,,1.0
060815A4,Pattern18_0027,Source/Game/active18.c,table,high,0.56,,1.0
060815C2,Pattern18_0028,Source/Game/active18.c,table,high,0.64,,1.0
060815E2,Pattern18_0029,Source/Game/active18.c,table,medium,0.25,,0.67
06081650,Pattern18_0030,Source/Game/active18.c,table,high,0.32,,0.8
0608167C,Pattern18_0031,Source/Game/active18.c,table,high,1.0,,1.0
060816CC,Pattern18_0032,Source/Game/active18.c,table,high,0.94,,1.0
0608170C,Pattern18_0033,Source/Game/active18.c,table,high,0.79,,1.0
06081778,Pattern18_0034,Source/Game/active18.c,table,medium,0.22,,0.67
060817B6,Pattern18_0035,Source/Game/active18.c,table,high,0.64,,1.0
060817D6,Pattern18_0036,Source/Game/active18.c,table,high,0.64,,1.0
060817F6,Pattern18_0037,Source/Game/active18.c,table,high,0.94,,1.0
06081836,Pattern18_0038,Source/Game/active18.c,table,high,1.0,,1.0
06081880,Pattern18_0039,Source/Game/active18.c,table,high,0.97,,1.0
060818C4,Pattern18_0040,Source/Game/active18.c,table,high,0.97,,1.0
06081908,Pattern18_0041,Source/Game/active18.c,table,high,0.94,,1.0
06081948,Pattern18_0042,Source/Game/active18.c,table,medium,0.29,,0.67
060819A0,Pattern18_0043,Source/Game/active18.c,table,high,0.38,,0.83
06081A1A,Pattern18_0044,Source/Game/active18.c,table,high,0.26,,0.8
06081A84,Pattern18_0045,Source/Game/active18.c,table,high,0.34,,0.8
06081AF0,Pattern18_0046,Source/Game/active18.c,table,high,0.96,1.0,1.0
06081B22,Pattern18_0047,Source/Game/active18.c,table,high,1.0,1.0,1.0
06081B6A,Pattern18_0048,Source/Game/active18.c,table,high,0.96,1.0,1.0
06081B9C,Pattern18_0049,Source/Game/active18.c,table,high,1.0,1.0,1.0
06081BE4,Pattern18_0050,Source/Game/active18.c,table,high,1.0,1.0,1.0
06081C2C,Pattern18_0051,Source/Game/active18.c,table,high,1.0,1.0,1.0
06081C74,Pattern18_0052,Source/Game/active18.c,table,high,0.77,,1.0
06081CFE,Pattern18_0053,Source/Game/active18.c,table,high,1.0,,1.0
06081D4A,Pattern18_0054,Source/Game/active18.c,table,high,1.0,,1.0
06081D96,Pattern18_0055,Source/Game/active18.c,table,high,0.64,,1.0
06081DBE,Pattern18_0056,Source/Game/active18.c,table,high,0.96,,1.0
06081DF0,Pattern18_0057,Source/Game/active18.c,table,high,0.96,,1.0
06081E22,Pattern18_0058,Source/Game/active18.c,table,high,0.99,,1.0
06081E58,Pattern18_0059,Source/Game/active18.c,table,high,0.99,,1.0
06081E8E,Pattern18_0060,Source/Game/active18.c,table,high,0.96,,1.0
06081EC0,Pattern18_0061,Source/Game/active18.c,table,high,0.78,,1.0
06081F24,Pattern18_0062,Source/Game/active18.c,table,high,0.72,,1.0
06081F46,Pattern18_0063,Source/Game/active18.c,table,high,0.72,,1.0
06081F68,Pattern18_0064,Source/Game/active18.c,table,high,0.64,,1.0
06081F88,Pattern18_0065,Source/Game/active18.c,table,high,0.96,,1.0
06081FBA,Pattern18_0066,Source/Game/active18.c,table,high,0.96,,1.0
06082010,Pattern18_0067,Source/Game/active18.c,table,high,0.96,,1.0
06082042,Pattern18_0068,Source/Game/active18.c,table,high,1.0,,1.0
0608208C,Pattern18_0069,Source/Game/active18.c,table,high,0.94,,1.0
060820CC,Pattern18_0070,Source/Game/active18.c,table,high,0.94,,1.0
0608210C,Pattern18_0071,Source/Game/active18.c,table,high,0.56,,1.0
0608212A,Pattern18_0072,Source/Game/active18.c,table,high,0.96,,1.0
0608215C,Pattern18_0073,Source/Game/active18.c,table,high,0.96,,1.0
0608218E,Pattern18_0074,Source/Game/active18.c,table,high,0.96,,1.0
060821C0,Pattern18_0075,Source/Game/active18.c,table,high,0.64,,1.0
060821E0,Pattern18_0076,Source/Game/active18.c,table,high,0.72,,1.0
06082202,Pattern18_0077,Source/Game/active18.c,table,high,0.64,,1.0
06082248,Pattern18_0078,Source/Game/active18.c,table,high,0.64,,1.0
06082268,Pattern18_0079,Source/Game/active18.c,table,high,0.64,,1.0
06082288,Pattern18_0080,Source/Game/active18.c,table,high,1.0,,1.0
060822C2,Pattern18_0081,Source/Game/active18.c,table,high,1.0,,1.0
0608230C,Pattern18_0082,Source/Game/active18.c,table,high,1.0,,1.0
06082374,Pattern18_0083,Source/Game/active18.c,table,high,1.0,,1.0
060823BE,Pattern18_0084,Source/Game/active18.c,table,high,1.0,,1.0
060823F8,Pattern18_0085,Source/Game/active18.c,table,high,1.0,,1.0
06082442,Pattern18_0086,Source/Game/active18.c,table,high,1.0,,1.0
060824A4,Pattern18_0087,Source/Game/active18.c,table,high,1.0,,1.0
060824EE,Pattern18_0088,Source/Game/active18.c,table,high,1.0,,1.0
06082528,Pattern18_0089,Source/Game/active18.c,table,high,1.0,,1.0
06082572,Pattern18_0090,Source/Game/active18.c,table,high,1.0,,1.0
060825D4,Pattern18_0091,Source/Game/active18.c,table,high,1.0,,1.0
0608261E,Pattern18_0092,Source/Game/active18.c,table,high,0.94,,1.0
0608265E,Pattern18_0093,Source/Game/active18.c,table,high,0.94,,1.0
0608269E,Pattern18_0094,Source/Game/active18.c,table,high,0.91,,1.0
060826FE,Pattern18_0095,Source/Game/active18.c,table,high,0.94,,1.0
0608273E,Pattern18_0096,Source/Game/active18.c,table,high,0.94,,1.0
0608277E,Pattern18_0097,Source/Game/active18.c,table,high,0.94,,1.0
060827BE,Pattern18_0098,Source/Game/active18.c,table,high,0.99,,1.0
06082810,Pattern18_0099,Source/Game/active18.c,table,high,0.94,,1.0
06082850,Pattern18_0100,Source/Game/active18.c,table,high,0.94,,1.0
06082890,Pattern18_0101,Source/Game/active18.c,table,high,0.94,,1.0
060828D0,Pattern18_0102,Source/Game/active18.c,table,medium,0.29,,0.67
06082928,Pattern18_0103,Source/Game/active18.c,table,medium,0.27,,0.67
06082978,Pattern18_0104,Source/Game/active18.c,table,medium,0.29,,0.75
060829D6,Pattern18_0105,Source/Game/active18.c,table,high,0.92,,1.0
06082A34,Pattern18_0106,Source/Game/active18.c,table,high,1.0,1.0,1.0
06082A6E,Pattern18_0107,Source/Game/active18.c,table,high,0.99,,1.0
06082AB6,Pattern18_0108,Source/Game/active18.c,table,high,0.98,,1.0
06082B24,pl18_extra_attack,Source/Game/plpat18.c,table-align,medium,0.85,,
06082B3C,Pattern19_0000,Source/Game/active19.c,table,high,0.64,,1.0
06082B64,Pattern19_0001,Source/Game/active19.c,table,high,0.2,,0.8
06082B88,Pattern19_0002,Source/Game/active19.c,table,high,0.96,,1.0
06082BBA,Pattern19_0003,Source/Game/active19.c,table,high,0.64,,1.0
06082BE6,Pattern19_0004,Source/Game/active19.c,table,high,0.96,,1.0
06082C40,Pattern19_0005,Source/Game/active19.c,table,high,0.98,,1.0
06082C86,Pattern19_0006,Source/Game/active19.c,table,high,0.56,,1.0
06082CA4,Pattern19_0007,Source/Game/active19.c,table,high,0.95,,1.0
06082CF0,Pattern19_0008,Source/Game/active19.c,table,high,0.64,,1.0
06082D10,Pattern19_0009,Source/Game/active19.c,table,high,0.98,,1.0
06082D6C,Pattern19_0010,Source/Game/active19.c,table,high,0.64,,1.0
06082D8C,Pattern19_0011,Source/Game/active19.c,table,high,0.64,,1.0
06082DAC,Pattern19_0012,Source/Game/active19.c,table,high,0.64,,1.0
06082DCC,Pattern19_0013,Source/Game/active19.c,table,high,0.72,,1.0
06082DEE,Pattern19_0014,Source/Game/active19.c,table,high,1.0,,1.0
06082E30,Pattern19_0015,Source/Game/active19.c,table,high,0.67,,1.0
06082E80,Pattern19_0016,Source/Game/active19.c,table,high,0.72,,1.0
06082EA2,Pattern19_0017,Source/Game/active19.c,table,high,0.96,,1.0
06082ED4,Pattern19_0018,Source/Game/active19.c,table,high,0.96,,1.0
06082F06,Pattern19_0019,Source/Game/active19.c,table,high,0.72,,1.0
06082F28,Pattern19_0020,Source/Game/active19.c,table,high,0.94,,1.0
06082F88,Pattern19_0021,Source/Game/active19.c,table,high,1.0,,1.0
06082FCA,Pattern19_0022,Source/Game/active19.c,table,high,0.96,,1.0
06082FFC,Pattern19_0023,Source/Game/active19.c,table,high,0.64,,1.0
0608301C,Pattern19_0024,Source/Game/active19.c,table,high,0.72,,1.0
0608303E,Pattern19_0025,Source/Game/active19.c,table,high,0.72,,1.0
06083060,Pattern19_0026,Source/Game/active19.c,table,high,0.85,,1.0
060830BE,Pattern19_0027,Source/Game/active19.c,table,high,0.56,,1.0
060830DC,Pattern19_0028,Source/Game/active19.c,table,high,0.64,,1.0
060830FC,Pattern19_0029,Source/Game/active19.c,table,medium,0.25,,0.67
06083140,Pattern19_0030,Source/Game/active19.c,table,high,0.32,,0.8
06083194,Pattern19_0031,Source/Game/active19.c,table,high,1.0,,1.0
060831E4,Pattern19_0032,Source/Game/active19.c,table,high,0.99,,1.0
0608322C,Pattern19_0033,Source/Game/active19.c,table,high,0.94,,1.0
0608328C,Pattern19_0034,Source/Game/active19.c,table,medium,0.22,,0.67
060832CA,Pattern19_0035,Source/Game/active19.c,table,high,0.64,,1.0
060832EA,Pattern19_0036,Source/Game/active19.c,table,high,0.64,,1.0
0608330A,Pattern19_0037,Source/Game/active19.c,table,high,0.64,,1.0
06083336,Pattern19_0038,Source/Game/active19.c,table,high,0.98,,1.0
0608339A,Pattern19_0039,Source/Game/active19.c,table,medium,0.23,,0.67
060833DA,Pattern19_0040,Source/Game/active19.c,table,high,0.94,,1.0
0608341A,Pattern19_0041,Source/Game/active19.c,table,high,0.32,,0.8
0608345C,Pattern19_0042,Source/Game/active19.c,table,medium,0.21,,0.67
06083498,Pattern19_0043,Source/Game/active19.c,table,high,0.38,,0.83
0608352C,Pattern19_0044,Source/Game/active19.c,table,high,0.26,,0.8
0608357E,Pattern19_0045,Source/Game/active19.c,table,high,0.34,,0.8
060835EA,Pattern19_0046,Source/Game/active19.c,table,high,0.96,1.0,1.0
0608361C,Pattern19_0047,Source/Game/active19.c,table,high,0.96,,1.0
0608364E,Pattern19_0048,Source/Game/active19.c,table,high,0.96,1.0,1.0
06083680,Pattern19_0049,Source/Game/active19.c,table,high,0.96,,1.0
060836B2,Pattern19_0050,Source/Game/active19.c,table,high,0.96,,1.0
060836E4,Pattern19_0051,Source/Game/active19.c,table,high,0.96,,1.0
06083740,Pattern19_0052,Source/Game/active19.c,table,high,0.99,,1.0
0608378E,Pattern19_0053,Source/Game/active19.c,table,high,0.99,,1.0
060837D6,Pattern19_0054,Source/Game/active19.c,table,high,0.96,1.0,1.0
0608385C,Pattern19_0055,Source/Game/active19.c,table,high,0.64,,1.0
06083884,Pattern19_0056,Source/Game/active19.c,table,high,0.96,,1.0
060838B6,Pattern19_0057,Source/Game/active19.c,table,high,0.96,,1.0
060838E8,Pattern19_0058,Source/Game/active19.c,table,high,0.96,,1.0
0608391A,Pattern19_0059,Source/Game/active19.c,table,high,0.96,,1.0
06083964,Pattern19_0060,Source/Game/active19.c,table,high,0.96,,1.0
06083996,Pattern19_0061,Source/Game/active19.c,table,high,0.96,,1.0
060839C8,Pattern19_0062,Source/Game/active19.c,table,high,0.72,,1.0
060839EA,Pattern19_0063,Source/Game/active19.c,table,high,0.72,,1.0
06083A0C,Pattern19_0064,Source/Game/active19.c,table,high,0.64,,1.0
06083A2C,Pattern19_0065,Source/Game/active19.c,table,high,0.73,,1.0
06083A82,Pattern19_0066,Source/Game/active19.c,table,high,1.0,,1.0
06083ABC,Pattern19_0067,Source/Game/active19.c,table,high,0.96,,1.0
06083AEE,Pattern19_0068,Source/Game/active19.c,table,high,0.96,,1.0
06083B20,Pattern19_0069,Source/Game/active19.c,table,high,0.96,,1.0
06083B52,Pattern19_0070,Source/Game/active19.c,table,high,0.96,,1.0
06083B84,Pattern19_0071,Source/Game/active19.c,table,high,0.96,,1.0
06083BB6,Pattern19_0072,Source/Game/active19.c,table,high,0.99,,1.0
06083BFE,Pattern19_0073,Source/Game/active19.c,table,high,0.98,,1.0
06083C50,Pattern19_0074,Source/Game/active19.c,table,high,0.98,,1.0
06083CB8,Pattern19_0075,Source/Game/active19.c,table,high,0.46,,0.86
06083CFC,Pattern19_0076,Source/Game/active19.c,table,high,0.55,,0.89
06083D6A,Pattern19_0077,Source/Game/active19.c,table,high,0.5,,0.86
06083DD6,Pattern19_0078,Source/Game/active19.c,table,high,0.46,,0.86
060840A4,Shell00_0000,Source/Game/SHELL00.c,table,high,0.64,,1.0
060840B8,Shell00_0001,Source/Game/SHELL00.c,table,high,0.98,,1.0
060840F8,Shell00_0002,Source/Game/SHELL00.c,table,high,0.98,,1.0
06084138,Shell00_0003,Source/Game/SHELL00.c,table,high,0.96,,1.0
0608416A,Shell00_0004,Source/Game/SHELL00.c,table,high,0.84,,1.0
060841F4,Shell00_0005,Source/Game/SHELL00.c,table,high,0.99,,1.0
06084262,Shell00_0006,Source/Game/SHELL00.c,table,high,0.99,,1.0
060842E0,Shell00_0007,Source/Game/SHELL00.c,table,high,0.96,,1.0
06084312,Shell00_0008,Source/Game/SHELL00.c,table,high,0.99,,1.0
06084380,Shell00_0009,Source/Game/SHELL00.c,table,high,0.97,,1.0
060843CA,Shell00_0010,Source/Game/SHELL00.c,table,high,0.64,,1.0
06084424,Shell01_0000,Source/Game/SHELL01.c,table,high,0.64,,1.0
06084438,Shell01_0001,Source/Game/SHELL01.c,table,high,0.98,,1.0
06084478,Shell01_0002,Source/Game/SHELL01.c,table,high,0.98,,1.0
060844B8,Shell01_0003,Source/Game/SHELL01.c,table,high,0.99,,1.0
06084534,Shell01_0004,Source/Game/SHELL01.c,table,high,0.99,,1.0
0608458C,Shell01_0005,Source/Game/SHELL01.c,table,high,0.99,,1.0
060845E4,Shell01_0006,Source/Game/SHELL01.c,table,high,0.87,,1.0
0608466A,Shell01_0007,Source/Game/SHELL01.c,table,high,1.0,,1.0
060846D2,Shell01_0008,Source/Game/SHELL01.c,table,high,1.0,,1.0
0608473A,Shell01_0009,Source/Game/SHELL01.c,table,high,0.92,,1.0
060847C4,Shell03_0000,Source/Game/SHELL03.c,table-align,high,0.64,,1.0
060847D8,Shell03_0001,Source/Game/SHELL03.c,table-align,high,0.98,,1.0
06084818,Shell03_0002,Source/Game/SHELL03.c,table-align,high,0.98,,1.0
06084858,Shell03_0003,Source/Game/SHELL03.c,table-align,high,0.89,,1.0
060848F2,Shell03_0004,Source/Game/SHELL03.c,table-align,high,0.99,,1.0
06084960,Shell03_0005,Source/Game/SHELL03.c,table-align,high,0.76,,1.0
060849F4,Shell03_0006,Source/Game/SHELL03.c,table-align,high,0.99,,1.0
06084A4C,Shell03_0007,Source/Game/SHELL03.c,table-align,high,0.96,,1.0
06084A7E,Shell03_0008,Source/Game/SHELL03.c,table-align,high,0.78,,1.0
06084B10,Shell03_0009,Source/Game/SHELL03.c,table-align,high,0.97,,1.0
06084B5A,Shell03_0010,Source/Game/SHELL03.c,table-align,high,0.64,,1.0
06084BB0,Shell04_0000,Source/Game/SHELL04.c,table-align,high,0.64,,1.0
06084BC4,Shell04_0001,Source/Game/SHELL04.c,table-align,high,0.98,,1.0
06084C04,Shell04_0002,Source/Game/SHELL04.c,table-align,high,0.98,,1.0
06084C44,Shell04_0003,Source/Game/SHELL04.c,table-align,high,0.89,,1.0
06084CDE,Shell04_0004,Source/Game/SHELL04.c,table-align,high,0.99,,1.0
06084D4C,Shell04_0005,Source/Game/SHELL04.c,table-align,high,0.73,,1.0
06084DE4,Shell04_0006,Source/Game/SHELL04.c,table-align,high,0.99,,1.0
06084E3C,Shell04_0007,Source/Game/SHELL04.c,table-align,high,1.0,1.0,1.0
06084E88,Shell04_0008,Source/Game/SHELL04.c,table-align,high,0.75,,1.0
06084F1E,Shell04_0009,Source/Game/SHELL04.c,table-align,high,0.97,,1.0
06084F68,Shell04_0010,Source/Game/SHELL04.c,table-align,high,0.64,,1.0
06084F7C,Shell04_0011,Source/Game/SHELL04.c,table-align,high,1.0,1.0,1.0
06085010,Shell05_0000,Source/Game/SHELL05.c,table-align,high,0.64,,1.0
06085024,Shell05_0001,Source/Game/SHELL05.c,table-align,high,0.98,,1.0
06085064,Shell05_0002,Source/Game/SHELL05.c,table-align,high,0.98,,1.0
060850A4,Shell05_0003,Source/Game/SHELL05.c,table-align,high,0.89,,1.0
0608513E,Shell05_0004,Source/Game/SHELL05.c,table-align,high,0.99,,1.0
060851AC,Shell05_0005,Source/Game/SHELL05.c,table-align,high,0.73,,1.0
06085244,Shell05_0006,Source/Game/SHELL05.c,table-align,high,0.99,,1.0
0608529C,Shell05_0007,Source/Game/SHELL05.c,table-align,high,1.0,,1.0
060852DE,Shell05_0008,Source/Game/SHELL05.c,table-align,high,0.75,,1.0
06085374,Shell05_0009,Source/Game/SHELL05.c,table-align,high,0.97,,1.0
060853BE,Shell05_0010,Source/Game/SHELL05.c,table-align,high,0.64,,1.0
06085414,Shell07_0000,Source/Game/SHELL07.c,table-align,high,0.64,,1.0
06085428,Shell07_0001,Source/Game/SHELL07.c,table-align,high,0.98,,1.0
06085468,Shell07_0002,Source/Game/SHELL07.c,table-align,high,0.98,,1.0
060854A8,Shell07_0003,Source/Game/SHELL07.c,table-align,high,0.89,,1.0
06085542,Shell07_0004,Source/Game/SHELL07.c,table-align,high,0.99,,1.0
060855B0,Shell07_0005,Source/Game/SHELL07.c,table-align,high,0.76,,1.0
06085644,Shell07_0006,Source/Game/SHELL07.c,table-align,high,0.99,,1.0
0608569C,Shell07_0007,Source/Game/SHELL07.c,table-align,high,0.96,,1.0
060856CE,Shell07_0008,Source/Game/SHELL07.c,table-align,high,0.78,,1.0
06085760,Shell07_0009,Source/Game/SHELL07.c,table-align,high,0.97,,1.0
060857AA,Shell07_0010,Source/Game/SHELL07.c,table-align,high,0.64,,1.0
060857BE,Shell07_0011,Source/Game/SHELL07.c,table-align,high,1.0,,1.0
06085848,Shell11_0000,Source/Game/SHELL11.c,table-align,high,0.64,,1.0
0608585C,Shell11_0001,Source/Game/SHELL11.c,table-align,high,0.98,,1.0
0608589C,Shell11_0002,Source/Game/SHELL11.c,table-align,high,0.98,,1.0
060858DC,Shell11_0003,Source/Game/SHELL11.c,table-align,high,0.53,1.0,0.89
0608596C,Shell11_0004,Source/Game/SHELL11.c,table-align,high,0.99,1.0,1.0
060859D8,Shell11_0005,Source/Game/SHELL11.c,table-align,high,0.75,1.0,1.0
06085A6E,Shell11_0006,Source/Game/SHELL11.c,table-align,high,0.99,,1.0
06085AC6,Shell11_0007,Source/Game/SHELL11.c,table-align,high,0.96,,1.0
06085AF8,Shell11_0008,Source/Game/SHELL11.c,table-align,high,0.99,,1.0
06085B8C,Shell11_0009,Source/Game/SHELL11.c,table-align,high,0.97,,1.0
06085BD6,Shell11_0010,Source/Game/SHELL11.c,table-align,high,0.64,,1.0
06085BEA,Shell11_0011,Source/Game/SHELL11.c,table-align,high,0.96,,1.0
06085C1C,Shell11_0012,Source/Game/SHELL11.c,table-align,high,1.0,,1.0
06085C62,Shell11_0013,Source/Game/SHELL11.c,table-align,high,0.74,,1.0
06085CE8,Shell12_0000,Source/Game/SHELL12.c,table-align,high,0.64,,1.0
06085CFC,Shell12_0001,Source/Game/SHELL12.c,table-align,high,0.98,,1.0
06085D3C,Shell12_0002,Source/Game/SHELL12.c,table-align,high,0.98,,1.0
06085D7C,Shell12_0003,Source/Game/SHELL12.c,table-align,high,0.89,,1.0
06085E16,Shell12_0004,Source/Game/SHELL12.c,table-align,high,0.99,,1.0
06085E84,Shell12_0005,Source/Game/SHELL12.c,table-align,high,0.73,,1.0
06085F1C,Shell12_0006,Source/Game/SHELL12.c,table-align,high,0.99,,1.0
06085F74,Shell12_0007,Source/Game/SHELL12.c,table-align,high,1.0,,1.0
06085FC0,Shell12_0008,Source/Game/SHELL12.c,table-align,high,0.81,,1.0
0608604E,Shell12_0009,Source/Game/SHELL12.c,table-align,high,0.97,,1.0
060860EC,Shell12_0010,Source/Game/SHELL12.c,table-align,high,0.64,,1.0
060864F0,Shell14_0000,Source/Game/SHELL14.c,table-align,high,0.64,,1.0
06086504,Shell14_0001,Source/Game/SHELL14.c,table-align,high,0.98,,1.0
06086544,Shell14_0002,Source/Game/SHELL14.c,table-align,high,0.98,,1.0
06086584,Shell14_0003,Source/Game/SHELL14.c,table-align,high,0.53,,0.89
06086614,Shell14_0004,Source/Game/SHELL14.c,table-align,high,0.99,,1.0
06086682,Shell14_0005,Source/Game/SHELL14.c,table-align,high,0.76,,1.0
06086716,Shell14_0006,Source/Game/SHELL14.c,table-align,high,0.99,,1.0
0608676E,Shell14_0007,Source/Game/SHELL14.c,table-align,high,0.96,,1.0
060867A0,Shell14_0008,Source/Game/SHELL14.c,table-align,high,0.99,,1.0
06086834,Shell14_0009,Source/Game/SHELL14.c,table-align,high,0.97,,1.0
0608687E,Shell14_0010,Source/Game/SHELL14.c,table-align,high,0.64,,1.0
06086892,Shell14_0011,Source/Game/SHELL14.c,table-align,high,1.0,,1.0
060868D8,Shell14_0012,Source/Game/SHELL14.c,table-align,high,1.0,,1.0
06087024,effect_05_init,Source/Game/eff05.c,calls,medium,0.3,,
06087828,Float_2nd,Source/Game/Com_Pl.c,table,low,0.87,,0.0
060878FA,Damage_2nd,Source/Game/Com_Pl.c,table,low,0.97,,0.0
0608799A,Float_4th,Source/Game/Com_Pl.c,table,high,1.0,,1.0
06087B02,Float_3rd,Source/Game/Com_Pl.c,table,high,0.99,,1.0
060883EE,all_cgps_put_back,Source/Game/aboutspr.c,calls,medium,0.0,,
060884FA,sort_push_request,Source/Game/aboutspr.c,calls,medium,0.18,,
060887B4,sort_push_request4,Source/Game/aboutspr.c,calls,medium,0.18,,
060890E0,set_char_move_init,Source/Game/CHARSET.c,calls,medium,0.15,,
060891E4,set_char_move_init2,Source/Game/CHARSET.c,calls,medium,0.2,,
060892B8,exset_char_move_init,Source/Game/CHARSET.c,calls,high,0.46,,1.0
06089350,char_move_z,Source/Game/CHARSET.c,calls,medium,0.31,,
06089378,char_move_wca,Source/Game/CHARSET.c,calls,medium,0.29,,
060893A2,char_move_wca_init,Source/Game/CHARSET.c,calls,medium,0.92,,
060893CC,comm_wca,Source/Game/CHARSET.c,table,high,0.64,,1.0
06089432,char_move_cmja,Source/Game/CHARSET.c,calls,high,0.95,,1.0
060894E8,char_move_cmj4,Source/Game/CHARSET.c,calls,high,0.95,,1.0
060895DA,char_move_cmms,Source/Game/CHARSET.c,calls,high,0.95,,1.0
0608961C,char_move_cmms2,Source/Game/CHARSET.c,order-align,high,0.42,,1.0
060896C0,char_move_cmms3,Source/Game/CHARSET.c,order-align,high,0.5,,1.0
06089812,char_move_cmhs,Source/Game/CHARSET.c,order-align,high,0.99,,1.0
06089848,char_move,Source/Game/CHARSET.c,calls,low,0.0,,0.0
0608990C,comm_dummy,Source/Game/CHARSET.c,table,medium,0.07,,
06089910,comm_roa,Source/Game/CHARSET.c,table,high,0.99,,1.0
06089952,comm_end,Source/Game/CHARSET.c,table,high,0.82,,
0608996E,comm_jmp,Source/Game/CHARSET.c,table,high,1.0,,1.0
0608999C,comm_jpss,Source/Game/CHARSET.c,table,high,1.0,,1.0
060899CA,comm_jsr,Source/Game/CHARSET.c,table,high,0.44,,1.0
06089A10,comm_ret,Source/Game/CHARSET.c,table,high,0.99,,1.0
06089A54,comm_sps,Source/Game/CHARSET.c,table,high,0.64,,
06089A60,comm_setr,Source/Game/CHARSET.c,table,high,0.64,,
06089A74,comm_addr,Source/Game/CHARSET.c,table,high,0.85,,
06089A8C,comm_if_l,Source/Game/CHARSET.c,table,low,0.11,,0.0
06089B30,comm_djmp,Source/Game/CHARSET.c,table,low,0.21,,0.0
06089B8C,comm_for,Source/Game/CHARSET.c,table,medium,0.38,,
06089BDA,comm_nex,Source/Game/CHARSET.c,table,high,1.0,,1.0
06089C1C,comm_for2,Source/Game/CHARSET.c,table,medium,0.38,,
06089C6A,comm_nex2,Source/Game/CHARSET.c,table,high,1.0,,1.0
06089CCC,comm_rja,Source/Game/CHARSET.c,table,high,0.96,,
06089CE8,comm_uja,Source/Game/CHARSET.c,table,high,0.97,,1.0
06089D10,comm_rja2,Source/Game/CHARSET.c,table,high,0.96,,
06089D2C,comm_uja2,Source/Game/CHARSET.c,table,high,0.97,,1.0
06089D54,comm_rja3,Source/Game/CHARSET.c,table,high,0.96,,
06089D70,comm_uja3,Source/Game/CHARSET.c,table,high,0.97,,1.0
06089D98,comm_rja4,Source/Game/CHARSET.c,table,high,0.96,,
06089DB4,comm_uja4,Source/Game/CHARSET.c,table,high,0.97,,1.0
06089DDC,comm_rja5,Source/Game/CHARSET.c,table,high,0.96,,
06089DF8,comm_uja5,Source/Game/CHARSET.c,table,high,0.97,,1.0
06089E44,comm_rja6,Source/Game/CHARSET.c,table,high,0.96,,
06089E60,comm_uja6,Source/Game/CHARSET.c,table,high,0.97,,1.0
06089E88,comm_rja7,Source/Game/CHARSET.c,table,high,0.96,,
06089EA4,comm_uja7,Source/Game/CHARSET.c,table,high,0.97,,1.0
06089ECC,comm_rmja,Source/Game/CHARSET.c,table,high,0.96,,
06089EE8,comm_umja,Source/Game/CHARSET.c,table,high,0.97,,1.0
06089F10,comm_mdat,Source/Game/CHARSET.c,table,high,0.96,,
06089F2C,comm_ydat,Source/Game/CHARSET.c,table,high,0.96,,
06089F48,comm_mpos,Source/Game/CHARSET.c,table,high,0.96,,
06089F64,comm_cafr,Source/Game/CHARSET.c,table,high,0.96,,
06089F80,comm_care,Source/Game/CHARSET.c,table,high,0.96,,
06089FD0,comm_psxy,Source/Game/CHARSET.c,table,high,0.74,,
0608A004,comm_ps_x,Source/Game/CHARSET.c,table,high,0.52,,
0608A028,comm_ps_y,Source/Game/CHARSET.c,table,high,0.75,,
0608A09A,comm_paxy,Source/Game/CHARSET.c,table,high,0.99,,
0608A15A,comm_pa_x,Source/Game/CHARSET.c,table,high,0.96,,
0608A1E4,comm_pa_y,Source/Game/CHARSET.c,table,high,0.83,,
0608A226,comm_exec,Source/Game/CHARSET.c,table,high,0.72,,
0608A244,comm_rngc,Source/Game/CHARSET.c,table,medium,0.46,,0.67
0608A29A,comm_mxyt,Source/Game/CHARSET.c,table,high,0.99,,1.0
0608A2C4,comm_pjmp,Source/Game/CHARSET.c,table,low,0.44,,0.0
0608A2FE,comm_hjmp,Source/Game/CHARSET.c,table,high,0.44,1.0,0.0
0608A35C,comm_hclr,Source/Game/CHARSET.c,table,high,0.89,,
0608A388,comm_ixfw,Source/Game/CHARSET.c,table,high,0.99,,
0608A3B8,comm_ixbw,Source/Game/CHARSET.c,table,high,0.99,,
0608A3E8,comm_quax,Source/Game/CHARSET.c,table,medium,0.43,,
0608A3F2,comm_quay,Source/Game/CHARSET.c,table,medium,0.03,,
0608A3FC,comm_if_s,Source/Game/CHARSET.c,table,low,0.26,0.0,0.0
0608A45C,comm_rapp,Source/Game/CHARSET.c,table,high,0.9,,1.0
0608A51E,comm_rapk,Source/Game/CHARSET.c,table,high,1.0,,1.0
0608A5B2,comm_gets,Source/Game/CHARSET.c,table,medium,0.42,,
0608A5CC,comm_s123,Source/Game/CHARSET.c,table,high,0.96,,
0608A5E8,comm_s456,Source/Game/CHARSET.c,table,high,0.96,,
0608A604,comm_a123,Source/Game/CHARSET.c,table,high,1.0,,
0608A648,comm_a456,Source/Game/CHARSET.c,table,high,1.0,,
0608A676,comm_stop,Source/Game/CHARSET.c,table,high,0.97,,1.0
0608A6F2,comm_smhf,Source/Game/CHARSET.c,table,high,0.64,,
0608A6FE,comm_ngme,Source/Game/CHARSET.c,table,high,0.97,,
0608A720,comm_ngem,Source/Game/CHARSET.c,table,high,0.99,,
0608A744,comm_iflb,Source/Game/CHARSET.c,table,low,0.45,,0.0
0608A7C6,comm_asxy,Source/Game/CHARSET.c,table,high,0.78,,
0608A7FC,comm_schx,Source/Game/CHARSET.c,table,low,0.1,,0.0
0608A85A,comm_schy,Source/Game/CHARSET.c,table,low,0.11,,0.0
0608A8BE,comm_back,Source/Game/CHARSET.c,table,high,1.0,,1.0
0608A8E4,comm_mvix,Source/Game/CHARSET.c,table,high,0.64,,
0608A900,comm_sajp,Source/Game/CHARSET.c,table,low,0.31,,0.0
0608A966,comm_ccch,Source/Game/CHARSET.c,table,high,0.99,1.0,
0608A990,comm_wset,Source/Game/CHARSET.c,table,medium,0.41,,
0608AA84,comm_wswk,Source/Game/CHARSET.c,table,medium,0.42,,
0608AB8E,comm_wadd,Source/Game/CHARSET.c,table,high,0.96,,
0608ABC0,comm_wceq,Source/Game/CHARSET.c,table,high,0.64,,
0608ABE8,comm_wcne,Source/Game/CHARSET.c,table,medium,0.24,,
0608AC0E,comm_wcgt,Source/Game/CHARSET.c,table,medium,0.24,,
0608AC34,comm_wclt,Source/Game/CHARSET.c,table,medium,0.24,,
0608AC64,comm_wadd2,Source/Game/CHARSET.c,table,high,0.96,,
0608AC9C,comm_wceq2,Source/Game/CHARSET.c,table,medium,0.25,,
0608ACCA,comm_wcne2,Source/Game/CHARSET.c,table,medium,0.25,,
0608ACF8,comm_wcgt2,Source/Game/CHARSET.c,table,medium,0.25,,
0608AD26,comm_wclt2,Source/Game/CHARSET.c,table,medium,0.25,,
0608AD54,comm_rapp2,Source/Game/CHARSET.c,table,high,0.99,,1.0
0608ADF8,comm_rapk2,Source/Game/CHARSET.c,table,high,0.99,,1.0
0608AE88,comm_iflg,Source/Game/CHARSET.c,table,low,0.11,,0.0
0608AED8,comm_mpcy,Source/Game/CHARSET.c,table,medium,0.25,,
0608AF30,comm_epcy,Source/Game/CHARSET.c,table,medium,0.24,,
0608AF8A,comm_imgs,Source/Game/CHARSET.c,table,high,0.97,,
0608AFD4,comm_imgc,Source/Game/CHARSET.c,table,high,0.78,,
0608AFF8,comm_rvxy,Source/Game/CHARSET.c,table,high,0.99,,
0608B0C0,comm_rv_x,Source/Game/CHARSET.c,table,high,0.98,,
0608B156,comm_rv_y,Source/Game/CHARSET.c,table,high,0.93,,
0608B1A0,comm_ccfl,Source/Game/CHARSET.c,table,high,0.89,,
0608B1AA,comm_myhp,Source/Game/CHARSET.c,table,high,0.93,,1.0
0608B224,comm_emhp,Source/Game/CHARSET.c,table,high,0.82,,1.0
0608B294,comm_exbgs,Source/Game/CHARSET.c,table,medium,0.23,,
0608B2AA,comm_exbgc,Source/Game/CHARSET.c,table,high,0.98,,
0608B2B8,comm_atmf,Source/Game/CHARSET.c,table,high,0.64,,
0608B2CC,comm_chkwf,Source/Game/CHARSET.c,table,low,0.25,,0.0
0608B338,comm_retmj,Source/Game/CHARSET.c,table,medium,0.41,,
0608B38A,comm_sstx,Source/Game/CHARSET.c,table,low,0.13,,0.0
0608B52C,comm_ssty,Source/Game/CHARSET.c,table,low,0.13,,0.0
0608B6BE,comm_ngda,Source/Game/CHARSET.c,table,high,0.96,,
0608B6DA,comm_flip,Source/Game/CHARSET.c,table,medium,0.32,,
0608B6E6,comm_kage,Source/Game/CHARSET.c,table,high,0.96,,
0608B702,comm_dspf,Source/Game/CHARSET.c,table,medium,0.07,,
0608B70A,comm_ifrlf,Source/Game/CHARSET.c,table,low,0.03,,0.0
0608B74E,comm_srlf,Source/Game/CHARSET.c,table,high,0.54,,
0608B77A,comm_bgrlf,Source/Game/CHARSET.c,table,low,0.06,,0.0
0608B7D6,comm_scmd,Source/Game/CHARSET.c,table,high,0.64,,
0608B7E2,comm_rljmp,Source/Game/CHARSET.c,table,low,0.08,,0.0
0608B802,comm_ifs2,Source/Game/CHARSET.c,table,low,0.21,,0.0
0608B85E,comm_abbak,Source/Game/CHARSET.c,table,high,1.0,,1.0
0608B884,comm_sse,Source/Game/CHARSET.c,table,high,1.0,1.0,1.0
0608B908,comm_s_chg,Source/Game/CHARSET.c,table,low,0.21,,0.0
0608B964,comm_schg2,Source/Game/CHARSET.c,table,low,0.21,,0.0
0608B9C0,comm_rhsja,Source/Game/CHARSET.c,table,high,0.97,,
0608B9E2,comm_uhsja,Source/Game/CHARSET.c,table,high,0.99,,1.0
0608BA12,comm_ifcom,Source/Game/CHARSET.c,table,low,0.08,,0.0
0608BA44,comm_axjmp,Source/Game/CHARSET.c,table,low,0.07,,0.0
0608BA80,comm_ayjmp,Source/Game/CHARSET.c,table,low,0.05,,0.0
0608BAB2,comm_ifs3,Source/Game/CHARSET.c,table,low,0.21,,0.0
0608BBFA,get_comm_if_shot_now,Source/Game/CHARSET.c,order-align,high,1.0,1.0,
0608BCF6,setup_comm_back,Source/Game/CHARSET.c,calls,medium,0.39,,
0608BD26,setup_comm_retmj,Source/Game/CHARSET.c,order,medium,0.92,,
0608BD40,setup_comm_abbak,Source/Game/CHARSET.c,order,medium,0.39,,
0608BD6A,check_cgd_patdat,Source/Game/CHARSET.c,order,high,0.27,0.3,1.0
0608C028,check_xcopy_filter_se_req,Source/Game/CHARSET.c,calls,high,0.99,0.5,
0608C0DC,check_cgd_patdat2,Source/Game/CHARSET.c,order,high,0.87,1.0,1.0
0608C2CC,set_new_attnum,Source/Game/CHARSET.c,order,high,0.47,,0.86
0608C490,setup_metamor_kezuri,Source/Game/CHARSET.c,order,medium,0.89,,
0608C4A4,set_jugde_area,Source/Game/CHARSET.c,calls,medium,0.85,,
0608C5B4,set_char_base_data,Source/Game/CHARID.c,calls,medium,0.88,,
0608D5F6,check_normal_attack,Source/Game/HITCHECK.c,calls,medium,0.64,,
0608D6E4,check_dm_att_guard,Source/Game/HITCHECK.c,order,medium,0.29,0.0,
0608D776,check_dm_att_blocking,Source/Game/HITCHECK.c,order,medium,0.34,,
0608D7FC,set_damage_and_piyo,Source/Game/HITCHECK.c,order,high,0.38,1.0,0.75
0608DA3C,remake_score_index,Source/Game/HITCHECK.c,order,medium,0.47,,
0608DA62,same_dm_stop,Source/Game/HITCHECK.c,order,medium,0.91,,
0608DAE8,defense_sky,Source/Game/HITCHECK.c,order,high,0.38,,0.91
0608DBEC,blocking_point_count_up,Source/Game/HITCHECK.c,order,high,0.78,,1.0
0608DC44,defense_ground,Source/Game/HITCHECK.c,order,high,0.24,,0.84
0608DF2A,setup_dm_rl,Source/Game/HITCHECK.c,order,high,1.0,,1.0
0608DFCC,dm_status_copy,Source/Game/HITCHECK.c,order,medium,0.42,,
0608E098,add_combo_work,Source/Game/HITCHECK.c,order,medium,1.0,,
0608E148,nise_combo_work,Source/Game/HITCHECK.c,order,medium,0.42,,
0608E1FC,cal_combo_waribiki,Source/Game/HITCHECK.c,order,medium,0.7,,
0608E3E4,cal_combo_waribiki2,Source/Game/HITCHECK.c,order,medium,0.86,,
0608E43C,catch_hit_check,Source/Game/HITCHECK.c,order,high,1.0,,1.0
0608E5C4,attack_hit_check,Source/Game/HITCHECK.c,order,high,1.0,1.0,1.0
0608E908,hit_check_subroutine,Source/Game/HITCHECK.c,calls,medium,0.3,,
0608E9D0,cal_hit_mark_position,Source/Game/HITCHECK.c,order,medium,0.28,,
0608EA60,get_target_att_position,Source/Game/HITCHECK.c,calls,medium,0.75,,
0608EAD6,get_att_head_position,Source/Game/HITCHECK.c,order,medium,0.64,,
0608EB36,hit_push_request,Source/Game/HITCHECK.c,order-align,medium,0.95,,
0608EB5C,clear_hit_queue,Source/Game/HITCHECK.c,order-align,high,0.77,,1.0
0608EB96,change_damage_attribute,Source/Game/HITCHECK.c,order-align,medium,0.84,,
0608EC8A,check_ttk_damage_request,Source/Game/HITCHECK.c,calls,medium,0.32,,
0608FB34,Sound_SE,Source/Game/SE.c,calls,high,0.29,,1.0
0608FCDE,end_d00_7000,Source/Game/end_13.c,table-align,medium,0.25,,
0609016C,caldir_pos_256,Source/Game/CALDIR.c,calls,medium,0.66,,
06090270,caldir_pos_032,Source/Game/CALDIR.c,calls,high,0.83,,1.0
060907A4,cal_move_quantity2,Source/Game/CALDIR.c,calls,medium,0.82,,
0609083E,cal_move_quantity3,Source/Game/CALDIR.c,order-align,medium,1.0,,
060909D0,cmsd_y_initial_speed,Source/Game/CALDIR.c,calls,medium,0.19,,
06090A02,cmsd_x_delta_speed,Source/Game/CALDIR.c,calls,medium,0.4,,
06090A46,cmsd_y_delta_speed,Source/Game/CALDIR.c,calls,medium,0.38,,
06090A90,cal_all_speed_data,Source/Game/CALDIR.c,calls,medium,0.99,,
06090B50,cal_initial_speed,Source/Game/CALDIR.c,calls,high,0.97,,1.0
06090C06,cal_initial_speed_y,Source/Game/CALDIR.c,calls,high,1.0,,1.0
06090C70,cal_delta_speed,Source/Game/CALDIR.c,calls,high,0.96,,1.0
06090D9C,cal_top_of_position_y,Source/Game/CALDIR.c,calls,high,0.97,,1.0
06090DEC,cal_time_of_sign_change,Source/Game/CALDIR.c,calls,medium,0.39,,
06090E1C,cal_move_dir_forecast,Source/Game/CALDIR.c,calls,high,0.96,,1.0
060910E0,Request_Fade,Source/Game/SYS_sub.c,calls,medium,0.84,,
06091C50,Button_Cut_EX,Source/Game/SYS_sub.c,calls,high,0.97,,1.0
06091CBC,Setup_Target_PL,Source/Game/SYS_sub.c,calls,medium,0.8,,
06091E80,effect_14_init,Source/Game/eff14.c,calls,low,0.0,,0.0
060920EC,Ck_Range_Out_S,Source/Game/bg_sub.c,calls,medium,0.6,,
06092208,Cut_Cut_Sub,Source/Game/SYS_sub.c,calls,medium,0.87,0.0,
06092270,Flash_Bonus_Perfect,Source/Game/Manage.c,calls,medium,0.38,,
0609317E,grade_makeup_round_parameter,Source/Game/Grade.c,calls,high,0.56,,1.0
06093A26,grade_makeup_bonus_parameter,Source/Game/Grade.c,order-align,medium,0.88,,
06093AB4,get_offence_total,Source/Game/Grade.c,calls,low,0.15,,0.0
06093C54,get_defence_total,Source/Game/Grade.c,order,high,0.21,1.0,0.0
06093E58,get_tech_pts_total,Source/Game/Grade.c,order,medium,0.61,,
06094120,get_ex_point_total,Source/Game/Grade.c,order,medium,0.62,,
060942B2,grade_add_clean_hits,Source/Game/Grade.c,order-align,medium,0.82,,
060942F8,grade_add_att_renew,Source/Game/Grade.c,order-align,medium,0.82,,
0609433E,grade_add_guard_success,Source/Game/Grade.c,order-align,medium,0.9,,
06094380,grade_add_em_stun,Source/Game/Grade.c,calls,medium,0.76,,
060943D4,grade_max_combo_check,Source/Game/Grade.c,order,medium,0.46,,
06094404,grade_add_leap_attack,Source/Game/Grade.c,calls,medium,0.76,,
06094458,grade_add_grap_def,Source/Game/Grade.c,calls,medium,0.81,,
060944C0,grade_add_quick_stand,Source/Game/Grade.c,order,medium,0.81,,
06094518,grade_add_nml_nage,Source/Game/Grade.c,order,high,0.94,,1.0
0609458E,grade_add_reversal,Source/Game/Grade.c,order,medium,0.81,,
060945F8,grade_add_target_combo,Source/Game/Grade.c,order,medium,0.81,,
06094650,grade_add_command_waza,Source/Game/Grade.c,calls,medium,0.81,,
060946A8,grade_add_super_arts,Source/Game/Grade.c,order,medium,0.83,,
06094702,grade_store_vitality,Source/Game/Grade.c,order,medium,0.9,,
06094744,grade_add_blocking,Source/Game/Grade.c,order,medium,0.82,,
0609485C,grade_get_first_attack,Source/Game/Grade.c,order,medium,0.91,,
06094894,grade_set_round_result,Source/Game/Grade.c,order,high,0.42,1.0,
06094908,grade_add_personal_action,Source/Game/Grade.c,calls,medium,0.76,,
06097BE8,Ranking_00_1st,Source/Game/RANKING.c,table,medium,0.11,,
06097C1C,Ranking_00_2nd,Source/Game/RANKING.c,table,high,0.72,0.33,
06098064,Ranking_00_3rd,Source/Game/RANKING.c,table,high,1.0,,
0609807E,Ranking_00_4th,Source/Game/RANKING.c,table,high,0.91,,
060980A6,Ranking_00_5th,Source/Game/RANKING.c,table,high,0.97,1.0,
060980CA,Ranking_00_6th,Source/Game/RANKING.c,table,high,0.92,1.0,1.0
06098118,Ranking_01,Source/Game/RANKING.c,order,medium,0.49,,
06098152,Ranking_01_1st,Source/Game/RANKING.c,table,medium,0.15,,0.67
06098188,Ranking_01_2nd,Source/Game/RANKING.c,table,high,0.19,0.6,
060984E6,Ranking_01_4th,Source/Game/RANKING.c,table,high,0.95,,
06098504,Ranking_01_5th,Source/Game/RANKING.c,table,medium,0.19,,
0609A182,Game_Manage_7_0,Source/Game/Manage.c,table,high,1.0,,1.0
0609A1E6,Game_Manage_7_1,Source/Game/Manage.c,table,high,0.95,,
0609A204,Game_Manage_7_2,Source/Game/Manage.c,table,high,0.5,1.0,1.0
0609A2A6,Check_Disp_Combo,Source/Game/Manage.c,calls,medium,0.8,,
0609A2E6,Game_Manage_7_3,Source/Game/Manage.c,table,medium,0.41,,
0609A3A4,Game_Manage_7_4,Source/Game/Manage.c,table,high,0.45,1.0,1.0
0609A3E4,Game_Manage_7_5,Source/Game/Manage.c,table,high,0.59,,
0609A404,Game_Manage_7_6,Source/Game/Manage.c,table,high,0.96,,
0609A430,Game_Manage_7_7,Source/Game/Manage.c,table,high,0.91,,
0609A450,Game_Manage_7_8,Source/Game/Manage.c,table,high,0.99,,1.0
0609A46E,Game_Manage_7_9,Source/Game/Manage.c,table,high,0.91,,
0609A5F8,Game_Manage_8_0,Source/Game/Manage.c,table,high,0.78,,0.73
0609A724,Game_Manage_8_1,Source/Game/Manage.c,table,high,1.0,,
0609A798,Game_Manage_8_2,Source/Game/Manage.c,table,medium,0.46,,
0609A7EC,Game_Manage_8_3,Source/Game/Manage.c,table,high,0.94,,
0609A8B2,Check_Ending_Sub,Source/Game/Manage.c,order-align,medium,1.0,,
0609A98C,Additional_Bonus,Source/Game/Manage.c,order-align,high,0.85,1.0,1.0
0609AA26,Setup_Comp_Bonus,Source/Game/Manage.c,order-align,high,0.96,1.0,
0609AF1C,chkComWins,Source/Game/Manage.c,order-align,medium,0.93,,
0609AF52,Update_Level_Control,Source/Game/Manage.c,order-align,medium,0.98,,
0609AFAC,Game_Manage_12_0,Source/Game/Manage.c,table,medium,0.44,,
0609B108,Game_Manage_12_1,Source/Game/Manage.c,table,medium,0.26,,
0609B14A,Game_Manage_12_2,Source/Game/Manage.c,table,high,0.49,1.0,1.0
0609B1D0,Game_Manage_12_3,Source/Game/Manage.c,table,high,0.27,1.0,0.67
0609B2E4,Game_Manage_12_4,Source/Game/Manage.c,table,high,0.71,1.0,0.92
0609B64E,Game_Manage_12_5,Source/Game/Manage.c,table,high,0.98,,
0609B6CC,Game_Manage_12_7,Source/Game/Manage.c,table,high,0.28,1.0,1.0
0609B73E,Game_Manage_12_8,Source/Game/Manage.c,table,high,0.32,1.0,0.75
0609B9F6,Check_Bonus_Perfect,Source/Game/Manage.c,order,medium,0.98,,
0609BA20,Disp_Bonus_Perfect,Source/Game/Manage.c,calls,high,0.09,1.0,0.62
0609BBC0,Setup_Final_Score,Source/Game/Manage.c,order-align,high,0.94,1.0,
0609BCA0,Bonus_Cut_Sub,Source/Game/Manage.c,calls,high,0.99,1.0,0.91
0609BD84,Check_Time_Over,Source/Game/Manage.c,calls,high,0.15,1.0,1.0
0609BE48,Ck_Win_Record,Source/Game/Manage.c,calls,high,0.14,1.0,
0609C114,Check_Disp_Winner,Source/Game/Manage.c,calls,medium,0.39,,
0609C198,Disp_Winner,Source/Game/Manage.c,calls,high,0.33,1.0,0.5
0609C912,Check_Fade_Out_BGM,Source/Game/Manage.c,calls,high,0.94,,1.0
0609CFC8,PL_Sel_1st,Source/Game/sel_pl.c,table-align,medium,0.65,,
0609D0BA,PL_Sel_2nd,Source/Game/sel_pl.c,table-align,low,0.57,,0.0
0609D1BE,PL_Sel_3rd,Source/Game/sel_pl.c,table-align,medium,0.99,,
0609D1E2,PL_Sel_4th,Source/Game/sel_pl.c,table-align,medium,0.0,,
0609D20C,PL_Sel_5th,Source/Game/sel_pl.c,table-align,medium,0.91,,
0609D302,Win_1st,Source/Game/Win.c,table,high,0.45,0.5,0.0
0609D3E8,Lose_2nd,Source/Game/Win.c,table,high,0.61,,
0609D45E,Lose_3rd,Source/Game/Win.c,table,medium,0.11,,
0609D548,Win_4th,Source/Game/Win.c,table,high,0.97,1.0,
0609D56C,Win_5th,Source/Game/Win.c,table,medium,0.16,,
0609D596,Win_6th,Source/Game/Win.c,table,high,0.91,,
0609DDE4,Continue_1st,Source/Game/Continue.c,table,high,0.66,1.0,1.0
0609DF14,Continue_2nd,Source/Game/Continue.c,table,high,0.99,,
0609DF2C,Continue_3rd,Source/Game/Continue.c,table,high,0.95,,1.0
0609DF4A,Continue_4th,Source/Game/Continue.c,table,high,0.91,,
0609DF6A,Continue_5th,Source/Game/Continue.c,table,high,0.91,,
0609DF72,Setup_Continue_OBJ,Source/Game/Continue.c,calls,medium,0.68,,
0609DFE8,Check_Exit_Continue,Source/Game/Continue.c,calls,medium,0.72,,
0609E488,Additinal_Score_DM,Source/Game/Pow_Pow.c,calls,high,0.86,1.0,
0609EDC0,Sel_PL_1st,Source/Game/sel_pl.c,table,high,0.34,,0.8
0609EF2A,Sel_PL_2nd,Source/Game/sel_pl.c,table,high,0.9,,
0609EF80,Sel_PL_3rd,Source/Game/sel_pl.c,table,medium,0.25,,
0609F1EC,Sel_PL_4th,Source/Game/sel_pl.c,table,high,0.88,,
0609F258,Sel_PL_5th,Source/Game/sel_pl.c,table,medium,0.14,,
0609F32A,Sel_PL_6th,Source/Game/sel_pl.c,table,high,0.64,,
0609FB70,OBJ_1st,Source/Game/sel_pl.c,table-align,high,0.75,,0.98
0609FE5C,OBJ_2nd,Source/Game/sel_pl.c,table-align,high,0.32,,0.82
060A003A,OBJ_3rd,Source/Game/sel_pl.c,table-align,medium,0.64,,
060A0072,Face_1st,Source/Game/sel_pl.c,table,high,1.0,,
060A008C,Face_2nd,Source/Game/sel_pl.c,table,high,0.97,1.0,
060A0148,Face_3rd,Source/Game/sel_pl.c,table,high,0.97,1.0,
060A0190,Face_4th,Source/Game/sel_pl.c,table,high,0.64,,
060A07E2,Exit_1st,Source/Game/sel_pl.c,table,medium,0.42,,
060A084E,Exit_2nd,Source/Game/sel_pl.c,table,medium,0.44,,
060A0912,Exit_3rd,Source/Game/sel_pl.c,table,high,1.0,,1.0
060A0974,Exit_4th,Source/Game/sel_pl.c,table,medium,0.36,,0.77
060A0ADC,Exit_5th,Source/Game/sel_pl.c,table,high,1.0,,
060A0B08,Exit_6th,Source/Game/sel_pl.c,table,medium,0.02,,
060A0B2E,Exit_7th,Source/Game/sel_pl.c,table,high,1.0,,
060A0DB4,Handicap_1st,Source/Game/sel_pl.c,table,low,0.17,0.0,0.0
060A0F26,Handicap_2nd,Source/Game/sel_pl.c,table,medium,0.31,,
060A0F4E,Handicap_3rd,Source/Game/sel_pl.c,table,medium,0.0,,
060A1A54,Select_CPU_First,Source/Game/Next_CPU.c,calls,medium,0.48,,
060A35A6,Handicap_1,Source/Game/sel_pl.c,table-align,medium,0.99,,0.67
060A3648,Handicap_2,Source/Game/sel_pl.c,table-align,medium,0.46,,0.67
060A37DC,Handicap_3,Source/Game/sel_pl.c,table-align,medium,1.0,,0.67
060A3A50,Handicap_4,Source/Game/sel_pl.c,table-align,medium,0.95,,
060A3A94,SE_selected,Source/Game/Sound3rd.c,calls,medium,0.0,,
060B299C,cmd_data_set,Source/Game/CMD_MAIN.c,calls,medium,0.25,,
060B2AF0,cmd_init,Source/Game/CMD_MAIN.c,order-align,high,0.99,,1.0
060B2EBC,check_init,Source/Game/CMD_MAIN.c,table,high,0.92,,
060B2F32,check_next,Source/Game/CMD_MAIN.c,calls,medium,0.86,,
060B2F76,check_0,Source/Game/CMD_MAIN.c,table,medium,0.09,,0.44
060B3036,check_1,Source/Game/CMD_MAIN.c,table,medium,0.17,,0.57
060B3154,check_2,Source/Game/CMD_MAIN.c,table,medium,0.46,,0.67
060B31DC,check_3,Source/Game/CMD_MAIN.c,table,high,0.15,1.0,0.67
060B33AA,check_4,Source/Game/CMD_MAIN.c,table,high,0.76,,
060B361C,check_5,Source/Game/CMD_MAIN.c,table,high,0.48,,0.8
060B3674,check_6,Source/Game/CMD_MAIN.c,table,medium,0.33,,0.67
060B38C0,check_7,Source/Game/CMD_MAIN.c,table,high,0.46,1.0,0.67
060B39CA,check_9,Source/Game/CMD_MAIN.c,table,low,0.04,,0.22
060B3AE2,paring_miss_init,Source/Game/CMD_MAIN.c,order,medium,0.99,,
060B3B30,check_10,Source/Game/CMD_MAIN.c,table,high,0.81,,
060B4162,check_11,Source/Game/CMD_MAIN.c,table,high,0.5,,0.8
060B41D4,check_12,Source/Game/CMD_MAIN.c,table,high,0.75,,
060B4764,check_13,Source/Game/CMD_MAIN.c,table,high,0.72,,
060B483A,check_14,Source/Game/CMD_MAIN.c,table,high,0.96,,
060B49FE,check_15,Source/Game/CMD_MAIN.c,table,medium,0.23,,0.73
060B4B1A,check_16,Source/Game/CMD_MAIN.c,table,medium,0.45,,0.67
060B4BBA,check_18,Source/Game/CMD_MAIN.c,table,high,0.96,,1.0
060B4D2C,check_19,Source/Game/CMD_MAIN.c,table,high,0.92,,1.0
060B4E5A,check_20,Source/Game/CMD_MAIN.c,table,high,0.64,,
060B4E84,check_21,Source/Game/CMD_MAIN.c,table,medium,0.18,,0.71
060B4F94,check_22,Source/Game/CMD_MAIN.c,table,medium,0.09,,0.67
060B510C,check_23,Source/Game/CMD_MAIN.c,table,high,0.99,,
060B531C,check_24,Source/Game/CMD_MAIN.c,table,medium,0.23,,0.73
060B53D2,check_25,Source/Game/CMD_MAIN.c,table,medium,0.23,,0.73
060B5488,check_26,Source/Game/CMD_MAIN.c,table,high,0.5,,0.8
060B550C,command_ok,Source/Game/CMD_MAIN.c,order,medium,0.77,,
060B5558,command_ok_move,Source/Game/CMD_MAIN.c,order,high,0.99,,1.0
060B55A6,dead_lvr_check,Source/Game/CMD_MAIN.c,calls,medium,0.94,,
060B55F8,pl_lvr_set,Source/Game/CMD_MAIN.c,order,high,0.99,1.0,1.0
060B59BE,sw_pick_up,Source/Game/CMD_MAIN.c,order,high,0.84,,1.0
060B5C9E,dash_flag_clear,Source/Game/CMD_MAIN.c,calls,medium,0.22,,0.67
060B5D94,waza_compel_init,Source/Game/CMD_MAIN.c,order,medium,0.8,,
060B5DF0,waza_compel_all_init,Source/Game/CMD_MAIN.c,order,high,0.98,,1.0
060B6168,waza_compel_all_init2,Source/Game/CMD_MAIN.c,calls,medium,0.78,,
060B64FC,range_x_check3,Source/Game/ta_sub.c,calls,medium,0.83,,
060B6572,range_y_check,Source/Game/ta_sub.c,order-align,medium,0.89,,
060B669C,add_x_sub,Source/Game/ta_sub.c,calls,medium,1.0,,
060B66BC,add_x_sub2,Source/Game/ta_sub.c,order-align,medium,1.0,,
060B6720,add_y_sub,Source/Game/ta_sub.c,calls,medium,1.0,,
060B6740,add_y_sub2,Source/Game/ta_sub.c,order,medium,1.0,,
060B6768,obr_no_disp_check,Source/Game/ta_sub.c,calls,medium,0.89,,
060B6786,disp_pos_trans_entry,Source/Game/ta_sub.c,calls,medium,0.44,,0.67
060B67C2,disp_pos_trans_entry5,Source/Game/ta_sub.c,calls,medium,0.44,,0.67
060B67FE,disp_pos_trans_entry_r,Source/Game/ta_sub.c,calls,medium,0.44,,0.67
060B68B6,disp_pos_trans_entry_r4,Source/Game/ta_sub.c,calls,high,0.44,,0.8
060B69AA,disp_pos_trans_entry_s,Source/Game/ta_sub.c,order-align,high,0.56,,0.8
060B69EC,disp_pos_trans_entry_rs,Source/Game/ta_sub.c,order,high,0.28,,0.8
060B6A14,pl_eff_trans_entry,Source/Game/ta_sub.c,calls,medium,0.44,,0.67
060B6ABE,eff_hit_check,Source/Game/ta_sub.c,calls,high,0.98,,1.0
060B6B62,eff_hit_check_sub,Source/Game/ta_sub.c,calls,high,0.75,,1.0
060B71EA,ta0_init00,Source/Game/TATE00.c,table,medium,0.42,,
060B720A,ta0_init01,Source/Game/TATE00.c,table,high,0.89,,1.0
060B7228,ta0_init02,Source/Game/TATE00.c,table,medium,0.37,,
060B7246,ta0_move,Source/Game/TATE00.c,table,high,0.98,,
060B8140,Bg_mv_tw,Source/Game/bg_sub.c,calls,medium,0.91,,
060B81A8,x_right_check,Source/Game/bg_sub.c,order-align,medium,0.99,,
060B81CC,x_left_check,Source/Game/bg_sub.c,order-align,medium,0.99,,
060B81F0,scr_x_dummy,Source/Game/bg_sub.c,table,high,0.64,,
060B81F4,scr_10_20,Source/Game/bg_sub.c,table,high,0.64,,
060B8220,scr_10_21,Source/Game/bg_sub.c,table,medium,0.11,,
060B8242,scr_10_22,Source/Game/bg_sub.c,table,medium,0.11,,
060B8264,scr_11_20,Source/Game/bg_sub.c,table,medium,0.11,,
060B8286,scr_11_21,Source/Game/bg_sub.c,table,medium,0.22,,
060B82CE,scr_11_22,Source/Game/bg_sub.c,table,low,0.21,,0.0
060B8354,scr_12_20,Source/Game/bg_sub.c,table,medium,0.11,,
060B8376,scr_12_21,Source/Game/bg_sub.c,table,low,0.18,,0.0
060B83E0,scr_12_22,Source/Game/bg_sub.c,table,medium,0.19,,
060B8510,bg_base_x_move_sub,Source/Game/bg_sub.c,calls,high,0.62,0.5,
060B8620,bg_base_x_move_check,Source/Game/bg_sub.c,calls,medium,0.99,,0.67
060B87B8,bg_base_y_move_check,Source/Game/bg_sub.c,order-align,high,0.99,1.0,
060B886E,bg_x_move_check,Source/Game/bg_sub.c,calls,medium,0.77,,
060B8926,bg_y_move_check,Source/Game/bg_sub.c,calls,medium,0.95,,
060B8A34,zoom_ud_check,Source/Game/bg_sub.c,order-align,high,0.98,,1.0
060B964C,suzi_offset_set_sub,Source/Game/bg_sub.c,calls,medium,0.97,,
060B96A8,suzi_sync_pos_set,Source/Game/bg_sub.c,calls,high,0.89,,1.0
060B96EE,Bg_Family_Set,Source/Game/bg_sub.c,order-align,high,0.94,,1.0
060B975E,Bg_Family_Set_appoint,Source/Game/bg_sub.c,order-align,high,0.84,,1.0
060B97AA,Bg_Family_Set_2,Source/Game/bg_sub.c,order-align,high,1.0,,1.0
060B9832,Bg_Family_Set_2_appoint,Source/Game/bg_sub.c,order-align,high,0.8,,1.0
060B9880,ake_Family_Set2,Source/Game/bg_sub.c,order-align,high,0.4,,1.0
060B9996,bg_pos_hosei_sub3,Source/Game/bg_sub.c,order-align,medium,0.97,,
060B9A2A,bg_pos_hosei2,Source/Game/bg_sub.c,order-align,medium,0.86,,
060B9B18,get_center_position,Source/Game/bg_sub.c,calls,medium,0.99,,
060B9B30,get_height_position,Source/Game/bg_sub.c,calls,medium,0.99,,
060B9C06,oh_bg_blk_w,Source/Game/OPENING.c,calls,medium,0.2,,
060BACB4,bg_base_move_common,Source/Game/bg_sub.c,table,high,0.1,,1.0
060BACE4,bg_move_common,Source/Game/bg_sub.c,table,high,0.82,,1.0
060BB48C,akebono_initialize,Source/Game/bg_sub.c,calls,high,0.0,1.0,0.0
060BBCE4,end_1600_0000,Source/Game/end_16.c,table,low,0.45,,0.0
060BBD76,bg0001_init00,Source/Game/bg000.c,table,high,0.39,1.0,0.67
060BBEAE,bg0000,Source/Game/bg000.c,order,medium,0.82,,
060BBEDA,bg0000_init00,Source/Game/bg000.c,table,high,0.24,1.0,
060BBFCA,bg0000_demo,Source/Game/bg000.c,table,high,0.98,1.0,
060BC0B0,end_1600_1000,Source/Game/end_16.c,table,low,0.54,,0.0
060BC150,bg0101_init00,Source/Game/bg010.c,table,high,0.45,,1.0
060BC2FC,end_1600_2000,Source/Game/end_16.c,table,low,0.98,0.0,0.0
060BC58C,end_1600_3000,Source/Game/end_16.c,table,low,1.0,,0.0
060BC71C,end_1600_3100,Source/Game/end_16.c,table,low,0.97,,0.0
060BC7AE,bg0401_init00,Source/Game/bg040.c,table,medium,0.45,,
060BC808,bg0401_init01,Source/Game/bg040.c,table,high,0.99,,
060BC814,bg0402,Source/Game/bg040.c,order,medium,0.82,,
060BC840,bg0402_init00,Source/Game/bg040.c,table,high,0.93,,
060BC876,bg0402_init01,Source/Game/bg040.c,table,high,0.99,,
060BC8BC,end_1600_5000,Source/Game/end_16.c,table,low,0.47,,0.0
060BC9D2,bg1001_init00,Source/Game/bg100.c,table,high,0.96,,1.0
060BCE68,bg0601_init00,Source/Game/bg060.c,table,high,0.92,,
060BD464,bg1000_init00,Source/Game/bg100.c,table,high,0.99,,1.0
060BD718,bg0901_init00,Source/Game/bg090.c,table,medium,0.41,,
060BD74A,bg0902,Source/Game/bg090.c,order,high,0.84,,1.0
060BD7B0,bg0902_init00,Source/Game/bg090.c,table,high,0.46,,1.0
060BD800,bg_fam0900,Source/Game/bg090.c,order,high,0.24,1.0,1.0
060BD91E,bg090_demo_check,Source/Game/bg090.c,calls,medium,0.89,,
060BD964,demo90_base,Source/Game/bg090.c,table,high,0.96,,
060BDA52,jijii_win_bg,Source/Game/bg090.c,calls,high,1.0,1.0,
060BDAA8,jijii_win_bg2,Source/Game/bg090.c,calls,medium,0.98,,
060BDF10,bg1201_init00,Source/Game/bg120.c,table,high,0.93,,
060BE1F4,bg0801_init00,Source/Game/bg080.c,table,high,0.93,,
060BE39C,bg0602_init00,Source/Game/bg060.c,table,high,1.0,,1.0
060BE428,bg0501_init00,Source/Game/bg050.c,table,high,0.93,,
060BE8FC,bg0300_init00,Source/Game/bg030.c,table,high,0.93,,
060BEB54,bg0201_init00,Source/Game/bg020.c,table,high,0.93,,
060BEBD4,bg1502_init00,Source/Game/bg150.c,table,high,0.8,,0.5
060C0010,Reset_Init,Source/Game/Reset.c,table,high,0.99,,
060C0022,appear_data_set,Source/Game/appear.c,calls,medium,0.99,,
060C00E8,appear_data_init_set,Source/Game/appear.c,calls,medium,0.38,,
060C018C,appear_player,Source/Game/appear.c,calls,medium,0.42,,
060C01C2,Appear_00000,Source/Game/appear.c,table,high,0.96,,
060C01D8,Appear_01000,Source/Game/appear.c,table,medium,0.12,,0.62
060C0314,Appear_03000,Source/Game/appear.c,table,high,0.83,,1.0
060C0454,Appear_04000,Source/Game/appear.c,table,high,0.62,,0.94
060C06A0,Appear_05000,Source/Game/appear.c,table,high,0.62,,0.93
060C085C,Appear_06000,Source/Game/appear.c,table,medium,0.1,,0.62
060C0A50,Appear_07000,Source/Game/appear.c,table,high,0.31,0.5,0.84
060C0BF6,Appear_08000,Source/Game/appear.c,table,high,0.79,,1.0
060C0CA2,sean_appear_check,Source/Game/appear.c,calls,medium,0.84,,
060C0CC8,Appear_09000,Source/Game/appear.c,table,high,0.36,1.0,0.83
060C0DF4,Appear_10000,Source/Game/appear.c,table,high,0.87,1.0,1.0
060C0EEE,Appear_11000,Source/Game/appear.c,table,high,0.98,1.0,1.0
060C0F88,Appear_12000,Source/Game/appear.c,table,high,0.65,,0.93
060C10BA,Appear_13000,Source/Game/appear.c,table,high,0.65,1.0,1.0
060C11AE,Appear_14000,Source/Game/appear.c,table,high,0.56,,1.0
060C12C4,Appear_15000,Source/Game/appear.c,table,high,0.42,1.0,0.89
060C1380,Appear_16000,Source/Game/appear.c,table,high,0.49,,0.8
060C13F8,gill_appear_check,Source/Game/appear.c,order,medium,0.74,,
060C1478,Appear_17000,Source/Game/appear.c,table,high,0.98,0.0,0.94
060C1588,Appear_18000,Source/Game/appear.c,table,high,0.24,1.0,0.8
060C17AE,Appear_19000,Source/Game/appear.c,table,high,0.67,1.0,0.93
060C199A,Appear_20000,Source/Game/appear.c,table,high,0.95,,1.0
060C19FC,Appear_21000,Source/Game/appear.c,table,high,0.53,,0.89
060C1AAA,Appear_22000,Source/Game/appear.c,table,high,0.94,,1.0
060C1B34,Appear_23000,Source/Game/appear.c,table,high,0.89,,1.0
060C1C00,Appear_24000,Source/Game/appear.c,table,high,0.88,1.0,
060C1C52,Appear_25000,Source/Game/appear.c,table,high,0.99,,
060C1C94,Appear_26000,Source/Game/appear.c,table,high,0.21,1.0,0.8
060C1EAC,Appear_28000,Source/Game/appear.c,table,high,0.98,,1.0
060C1FE6,Appear_29000,Source/Game/appear.c,table,high,0.59,0.83,0.81
060C233A,don_appear_check,Source/Game/appear.c,order-align,high,0.92,,1.0
060C236E,Appear_30000,Source/Game/appear.c,table,high,1.0,,1.0
060C23E0,Appear_31000,Source/Game/appear.c,table,high,0.67,,1.0
060C2494,Appear_32000,Source/Game/appear.c,table,high,1.0,,1.0
060C2506,Appear_33000,Source/Game/appear.c,table,high,0.4,,0.86
060C2622,Appear_34000,Source/Game/appear.c,table,high,0.9,1.0,1.0
060C26DC,Appear_36000,Source/Game/appear.c,table,high,1.0,,1.0
060C289E,Appear_37000,Source/Game/appear.c,table,low,0.03,,0.27
060C2ACA,Appear_38000,Source/Game/appear.c,table,high,0.49,,0.8
060C2B3A,Appear_39000,Source/Game/appear.c,table,high,0.52,,0.94
060C2C98,Appear_41000,Source/Game/appear.c,table,high,0.85,,1.0
060C7D9C,op_bg0_0000,Source/Game/OPENING.c,table,high,1.0,,1.0
060C7DCE,op_bg0_0001,Source/Game/OPENING.c,table,low,0.0,0.0,0.1
060C82A6,op_bg0_0002,Source/Game/OPENING.c,table,low,0.94,0.0,0.5
060C832C,op_bg0_0003,Source/Game/OPENING.c,table,high,0.13,0.5,0.73
060C847A,op_bg0_0004,Source/Game/OPENING.c,table,low,0.59,0.0,0.33
060C8590,op_bg0_0005,Source/Game/OPENING.c,table,high,0.34,0.0,1.0
060C871A,op_bg0_0006,Source/Game/OPENING.c,table,high,0.74,1.0,1.0
060C87E0,op_bg0_0007,Source/Game/OPENING.c,table,high,0.51,0.5,0.86
060C888E,op_bg0_0008,Source/Game/OPENING.c,table,high,0.37,0.67,0.4
060C8A3C,op_bg0_0010,Source/Game/OPENING.c,table,high,0.23,0.0,0.8
060C8ADA,op_bg0_0011,Source/Game/OPENING.c,table,high,0.33,0.67,0.92
060C8BC8,op_bg0_0012,Source/Game/OPENING.c,table,high,0.25,0.25,0.83
060C8CB8,op_bg0_0013,Source/Game/OPENING.c,table,high,0.1,0.67,0.33
060C8D5E,op_bg0_0014,Source/Game/OPENING.c,table,medium,0.0,,
060C8D62,op_bg0_0015,Source/Game/OPENING.c,table,low,0.95,0.0,0.91
060C8E9C,op_bg0_0016,Source/Game/OPENING.c,table,medium,0.38,0.0,0.67
060C9238,op_bg1_0003,Source/Game/OPENING.c,table,high,0.17,1.0,0.5
060C96FC,opening_title_01,Source/Game/OPENING.c,order-align,high,0.25,,0.8
060C97DC,op_scrn_pos_set2,Source/Game/OPENING.c,calls,high,0.77,,1.0
060CA514,end_fam_set,Source/Game/end_main.c,calls,high,0.6,,1.0
060CA54E,end_fam_set2,Source/Game/end_main.c,order,medium,0.31,,
060CA602,end_bg_pos_hosei,Source/Game/end_main.c,calls,medium,0.61,,
060CA648,end_bg_pos_hosei2,Source/Game/end_main.c,order,medium,0.61,,
060CA696,end_scn_pos_set2,Source/Game/end_main.c,order-align,high,0.62,,1.0
060CA6F8,end_reset_etc,Source/Game/end_main.c,order-align,medium,0.96,,
060CA852,end_X_com01,Source/Game/end_main.c,table,high,0.46,,1.0
060CA8AC,end_fade_bgm,Source/Game/end_main.c,order,medium,0.33,,
060CA8D0,end_fade_complete,Source/Game/end_main.c,calls,medium,0.38,,
060CAB0C,end_100_0000,Source/Game/end_1.c,table,high,0.3,1.0,1.0
060CAC94,end_100_0001,Source/Game/end_1.c,table,high,0.55,0.5,1.0
060CAD1C,end_100_0002,Source/Game/end_1.c,table,high,0.47,1.0,0.8
060CADA0,end_100_0004,Source/Game/end_1.c,table,high,1.0,1.0,1.0
060CB01C,end_200_0000,Source/Game/end_2.c,table,high,1.0,1.0,1.0
060CB0B6,end_200_1000,Source/Game/end_2.c,table,high,0.19,,1.0
060CB1C4,end_200_2000,Source/Game/end_2.c,table,high,0.92,1.0,1.0
060CB21A,end_200_3000,Source/Game/end_2.c,table,high,0.41,,0.8
060CB2D4,end_201_move,Source/Game/end_2.c,order,medium,0.75,,
060CB30C,end_201_1000,Source/Game/end_2.c,table,high,0.12,,1.0
060CB43E,end_201_3000,Source/Game/end_2.c,table,high,0.99,,1.0
060CB4A4,end_202_move,Source/Game/end_2.c,order,medium,0.75,,
060CB508,end_202_1000,Source/Game/end_2.c,table,high,1.0,1.0,1.0
060CB57A,end_202_3000,Source/Game/end_2.c,table,high,0.99,1.0,1.0
060CB5F4,end_202_4000,Source/Game/end_2.c,table,high,0.77,,1.0
060CB870,end_300_0000,Source/Game/end_3.c,table,high,0.99,1.0,1.0
060CB8EA,end_300_0002,Source/Game/end_3.c,table,high,0.29,1.0,1.0
060CB9D0,end_300_0003,Source/Game/end_3.c,table,high,0.29,0.67,0.89
060CBACC,end_300_0004,Source/Game/end_3.c,table,high,0.11,1.0,1.0
060CBBB0,end_300_0005,Source/Game/end_3.c,table,high,0.35,,1.0
060CBC56,end_301_move,Source/Game/end_3.c,order,medium,0.67,,
060CBC92,end_301_0003,Source/Game/end_3.c,table,high,1.0,,
060CBEC4,end_400_0000,Source/Game/end_4.c,table,high,0.99,1.0,1.0
060CBF48,end_400_1000,Source/Game/end_4.c,table,high,0.82,1.0,1.0
060CC060,end_401_move,Source/Game/end_4.c,order,medium,0.64,,
060CC074,end_401_0000,Source/Game/end_4.c,table,high,1.0,1.0,1.0
060CC0FA,end_401_1000,Source/Game/end_4.c,table,high,0.84,1.0,1.0
060CC20C,end_401_2000,Source/Game/end_4.c,table,high,0.52,,0.8
060CC326,end_401_3000,Source/Game/end_4.c,table,high,0.47,1.0,0.86
060CC426,end_401_4000,Source/Game/end_4.c,table,high,0.52,,0.86
060CC52E,end_402_move,Source/Game/end_4.c,order,medium,0.64,,
060CC542,end_402_0000,Source/Game/end_4.c,table,high,1.0,,
060CC5E4,end_402_1000,Source/Game/end_4.c,table,high,0.97,1.0,1.0
060CC770,end_1100_3,Source/Game/end_17.c,table-align,low,0.01,0.0,0.0
060CC8D4,end_500_comm,Source/Game/end_5.c,table,medium,0.25,,0.77
060CC966,end_500_0001,Source/Game/end_5.c,table,high,0.95,,1.0
060CCAD4,end_500_0006,Source/Game/end_5.c,table,high,0.23,,1.0
060CCB50,end_500_quake_y_sub,Source/Game/end_5.c,order,medium,0.99,,
060CCBA8,end_500_0007,Source/Game/end_5.c,table,medium,0.13,0.0,0.57
060CCCAC,end_500_0008,Source/Game/end_5.c,table,high,0.26,0.83,0.71
060CCDC6,end_500_0011,Source/Game/end_5.c,table,high,0.93,,1.0
060CCE64,end_5_bg1_move_sub,Source/Game/end_5.c,calls,medium,0.1,0.0,
060CCE98,end_501_move,Source/Game/end_5.c,order,medium,0.4,,
060CCEF0,end_501_0007,Source/Game/end_5.c,table,high,0.36,,1.0
060CCFC8,end_501_0008,Source/Game/end_5.c,table,high,0.98,,1.0
060CCFF2,end_501_0009,Source/Game/end_5.c,table,medium,0.44,,
060CD03C,end_501_0010,Source/Game/end_5.c,table,high,0.55,,1.0
060CD0A6,end_501_0011,Source/Game/end_5.c,table,high,0.14,0.5,0.67
060CD1A0,end_501_0012,Source/Game/end_5.c,table,high,0.91,1.0,1.0
060CD504,end_600_0000,Source/Game/end_6.c,table,high,0.41,,1.0
060CD590,end_600_1000,Source/Game/end_6.c,table,high,0.38,0.5,1.0
060CD6E6,end_600_2000,Source/Game/end_6.c,table,high,1.0,1.0,1.0
060CD8CC,end_600_3000,Source/Game/end_6.c,table,medium,0.15,,0.4
060CD976,end_600_4000,Source/Game/end_6.c,table,high,0.98,,1.0
060CD9C2,end_600_5000,Source/Game/end_6.c,table,high,0.41,,1.0
060CDAC0,end_601_move,Source/Game/end_6.c,order,medium,0.67,,
060CDAFC,end_601_0000,Source/Game/end_6.c,table,high,0.19,,1.0
060CDBAC,end_601_1000,Source/Game/end_6.c,table,high,0.38,,1.0
060CDC84,end_601_2000,Source/Game/end_6.c,table,high,0.54,1.0,1.0
060CDDFC,end_601_3000,Source/Game/end_6.c,table,high,0.38,,1.0
060CE0BE,end_700_0000,Source/Game/end_7.c,table,high,0.96,,0.92
060CE1D0,end_700_2000,Source/Game/end_7.c,table,high,0.98,1.0,1.0
060CE40A,end_8000_0000,Source/Game/end_8.c,table,high,0.68,1.0,1.0
060CE4DA,end_8000_0001,Source/Game/end_8.c,table,high,1.0,1.0,1.0
060CE55A,end_8000_0002,Source/Game/end_8.c,table,high,0.9,,1.0
060CEF36,end_1002_1000,Source/Game/end_10.c,table,high,0.8,0.0,1.0
060CF05A,end_1001_1000,Source/Game/end_10.c,table,high,0.99,0.0,1.0
060CF180,end_1003_1000,Source/Game/end_10.c,table,medium,0.23,,0.73
060CF27C,end_1003_2000,Source/Game/end_10.c,table,high,1.0,,1.0
060CF354,end_1100_6,Source/Game/end_17.c,table-align,low,0.03,,0.0
060CF77A,end_b01_0000,Source/Game/end_11.c,table,high,0.92,1.0,1.0
060CF828,end_b01_3000,Source/Game/end_11.c,table,medium,0.24,,0.5
060CFB28,end_C00_0000,Source/Game/end_12.c,table,high,1.0,1.0,1.0
060CFC58,end_C00_1000,Source/Game/end_12.c,table,high,0.94,,1.0
060CFCCA,end_C00_2000,Source/Game/end_12.c,table,high,0.29,,1.0
060CFD22,end_C00_3000,Source/Game/end_12.c,table,high,0.28,,1.0
060CFDC6,end_C00_4000,Source/Game/end_12.c,table,high,0.98,,1.0
060CFE28,end_C00_5000,Source/Game/end_12.c,table,high,1.0,1.0,1.0
060CFE9C,end_C00_6000,Source/Game/end_12.c,table,high,0.96,,1.0
060CFF16,end_C01_move,Source/Game/end_12.c,order,medium,0.59,,
060CFF56,end_C01_0000,Source/Game/end_12.c,table,high,0.74,1.0,1.0
060D0758,end_d01_4000,Source/Game/end_13.c,table,high,0.98,,
060D138C,end_e01_0000,Source/Game/end_14.c,table,high,0.13,0.5,0.5
060D14D0,end_e01_7000,Source/Game/end_14.c,table,high,1.0,1.0,1.0
060D157C,end_e02_move,Source/Game/end_14.c,order,medium,0.52,,
060D15C0,end_e02_0000,Source/Game/end_14.c,table,high,0.97,0.0,1.0
060D1682,end_e02_1000,Source/Game/end_14.c,table,high,0.45,,1.0
060D16EE,end_e02_2000,Source/Game/end_14.c,table,high,0.92,1.0,
060D175C,end_e02_3000,Source/Game/end_14.c,table,high,0.93,0.5,
060D17F4,end_e02_4000,Source/Game/end_14.c,table,high,0.99,,1.0
060D1840,end_e02_7000,Source/Game/end_14.c,table,high,0.99,1.0,1.0
060D247C,end_1101_2,Source/Game/end_17.c,table,high,0.98,,
060D2798,end_1800_0001,Source/Game/end_18.c,table,high,0.66,1.0,0.89
060D2890,end_1800_0005,Source/Game/end_18.c,table,high,0.92,1.0,0.89
060D2944,end_1800_0006,Source/Game/end_18.c,table,high,0.33,,1.0
060D29F0,end_1800_0008,Source/Game/end_18.c,table,high,0.47,,1.0
060D2A72,end_1800_0009,Source/Game/end_18.c,table,high,1.0,,1.0
060D2B02,end_1800_0010,Source/Game/end_18.c,table,high,0.47,,1.0
060D31DE,end_2000_0000,Source/Game/end_20.c,table,high,0.98,,1.0
060D325C,end_2000_0001,Source/Game/end_20.c,table,high,0.65,1.0,1.0
060D333C,end_2000_0002,Source/Game/end_20.c,table,high,1.0,,1.0
060D33BC,end_2000_0003,Source/Game/end_20.c,table,high,0.77,1.0,1.0
060D3490,end_2000_0005,Source/Game/end_20.c,table,high,0.81,1.0,1.0
060D35AC,end_2001_move,Source/Game/end_20.c,order,medium,0.67,,
060D35E8,end_2001_0000,Source/Game/end_20.c,table,high,0.24,,0.8
060D3650,end_2001_0002,Source/Game/end_20.c,table,high,0.5,,1.0
060D36E6,end_2001_0003,Source/Game/end_20.c,table,low,0.1,,0.0
060D380C,end_2001_0004,Source/Game/end_20.c,table,medium,0.44,,0.67
060D3832,end_2001_0005,Source/Game/end_20.c,table,high,1.0,,
060D5D52,effect_08_init,Source/Game/eff08.c,calls,medium,0.1,,
060D6850,push_any_key,Source/PS2/mc/savesub.c,calls,medium,0.91,0.0,
060D7DF8,bcount_cont_main,Source/Game/count.c,calls,medium,0.05,,
060DA628,combo_rp_clear_check,Source/Game/cmb_win.c,calls,high,0.47,,1.0
060DB638,effect_work_list_init,Source/Game/EFFECT.c,calls,high,0.5,,0.8
060DB770,pull_effect_work,Source/Game/EFFECT.c,calls,medium,0.6,,
060DB7EC,search_effect_index,Source/Game/EFFECT.c,order-align,medium,1.0,,
060DB8DC,push_effect_work,Source/Game/EFFECT.c,calls,high,0.99,,1.0
060DB9E4,effect_work_kill,Source/Game/EFFECT.c,order-align,medium,0.85,,
060DBA4A,work_init_zero,Source/Game/EFFECT.c,calls,medium,0.77,,
060DBAE0,write_my_shell_ix,Source/Game/EFFECT.c,order-align,medium,0.97,,
060DBB08,erase_my_shell_ix,Source/Game/EFFECT.c,order-align,medium,0.93,,
060DBB52,get_my_shell_ix,Source/Game/EFFECT.c,order-align,medium,0.73,,
060DBB8A,get_vs_shell_adrs,Source/Game/EFFECT.c,calls,medium,0.86,,
060DBBCE,clear_my_shell_ix,Source/Game/EFFECT.c,calls,medium,0.91,,
060DBBF6,setup_shell_hit_stop,Source/Game/EFFECT.c,calls,medium,0.03,,0.4
060DBCB0,shell_live_check,Source/Game/EFFECT.c,calls,medium,0.89,,
060DBE00,Pause_Sleep,Source/Game/Pause.c,table-align,medium,0.99,,
060DBE06,Pause_Die,Source/Game/Pause.c,table-align,medium,0.99,,
060DDD1C,eff09_0000,Source/Game/EFF09.c,table,high,0.57,,0.73
060DDDE8,eff09_1000,Source/Game/EFF09.c,table,medium,0.09,,0.58
060DDFA0,eff09_2000,Source/Game/EFF09.c,table,high,0.3,0.67,0.82
060DE2C4,sean_ball_move,Source/Game/EFF09.c,calls,medium,0.97,,
060DE41E,ball_bound_set,Source/Game/EFF09.c,calls,high,1.0,1.0,
060DE45A,eff09_3000,Source/Game/EFF09.c,table,high,0.81,1.0,0.92
060DE5A2,eff09_4000,Source/Game/EFF09.c,table,high,0.61,1.0,0.96
060DE732,eff09_5000,Source/Game/EFF09.c,table,high,0.38,,0.92
060DE7D8,eff09_6000,Source/Game/EFF09.c,table,high,0.64,,0.94
060DE8BC,eff09_7000,Source/Game/EFF09.c,table,high,0.62,1.0,0.93
060DE98C,eff09_8000,Source/Game/EFF09.c,table,medium,0.39,,0.75
060DEA50,eff09_9000,Source/Game/EFF09.c,table,high,0.55,,0.67
060DEB20,eff09_10000,Source/Game/EFF09.c,table,high,0.55,,0.67
060DEBDE,eff09_11000,Source/Game/EFF09.c,table,high,0.87,1.0,0.9
060DEDB2,eff09_12000,Source/Game/EFF09.c,table,high,0.18,1.0,0.7
060DEEF2,eff09_13000,Source/Game/EFF09.c,table,high,0.91,,0.91
060DF07A,eff09_14000,Source/Game/EFF09.c,table,high,0.51,,0.67
060DF1AE,eff09_15000,Source/Game/EFF09.c,table,medium,0.43,,0.73
060DF29E,eff09_16000,Source/Game/EFF09.c,table,high,0.43,,0.91
060DF382,eff09_17000,Source/Game/EFF09.c,table,medium,0.44,,0.73
060DF4C2,eff09_18000,Source/Game/EFF09.c,table,high,0.6,,0.82
060DF658,eff09_19000,Source/Game/EFF09.c,table,high,0.43,1.0,0.78
060DF7EE,eff09_20000,Source/Game/EFF09.c,table,high,0.58,,0.91
060DF90C,eff09_21000,Source/Game/EFF09.c,table,high,0.99,,0.9
060DFB14,eff09_22000,Source/Game/EFF09.c,table,high,0.63,,0.86
060DFC48,eff09_23000,Source/Game/EFF09.c,table,high,0.42,1.0,0.78
060DFD94,eff09_24000,Source/Game/EFF09.c,table,high,0.44,1.0,0.8
060DFF1C,eff09_25000,Source/Game/EFF09.c,table,high,0.95,1.0,0.89
060E0010,Reset_Move,Source/Game/Reset.c,table,low,0.01,,0.0
060E0080,eff09_26000,Source/Game/EFF09.c,table,high,0.2,1.0,0.72
060E01E8,jijii_win_tama_sub,Source/Game/EFF09.c,calls,medium,0.9,,
060E0216,eff09_27000,Source/Game/EFF09.c,table,high,0.6,1.0,0.95
060E15AC,screen_x_range_check,Source/Game/EFF13.c,calls,high,0.71,,1.0
060E15F4,screen_range_check,Source/Game/EFF13.c,calls,high,0.69,,1.0
060E165C,tama15_screen_check,Source/Game/EFF13.c,order,high,0.88,,1.0
060E16F6,set_tengu_init_pos,Source/Game/EFF13.c,order,high,0.98,1.0,1.0
060E172A,kotp_00000,Source/Game/EFF13.c,table,medium,0.18,,0.67
060E19A8,kotp_01000,Source/Game/EFF13.c,table,medium,0.14,,0.6
060E1AAE,kotp_02000,Source/Game/EFF13.c,table,high,0.15,1.0,0.83
060E1DBA,set_tengu_my_home,Source/Game/EFF13.c,calls,high,0.99,,1.0
060E1E30,check_tengu_attack,Source/Game/EFF13.c,order-align,high,1.0,,1.0
060E1EB8,make_speed_xy_att,Source/Game/EFF13.c,calls,high,0.6,,1.0
060E1F6C,kotp_03000,Source/Game/EFF13.c,table,medium,0.3,,0.74
060E2158,kotp_04000,Source/Game/EFF13.c,table,high,0.82,,
060E2166,kotp_05000,Source/Game/EFF13.c,table,medium,0.23,,0.7
060E239C,kotp_06000,Source/Game/EFF13.c,table,high,0.24,1.0,0.72
060E2794,kotp_07000,Source/Game/EFF13.c,table,high,0.14,1.0,0.78
060E2A86,kotp_08000,Source/Game/EFF13.c,table,medium,0.17,,0.64
060E2CE8,kotp_09000,Source/Game/EFF13.c,table,medium,0.17,,0.58
060E2F3E,kotp_10000,Source/Game/EFF13.c,table,high,0.99,,1.0
060E2F62,kotp_11000,Source/Game/EFF13.c,table,high,0.92,,1.0
060E304C,kotp_12000,Source/Game/EFF13.c,table,medium,0.19,,0.69
060E32F4,kotp_13000,Source/Game/EFF13.c,table,high,0.91,,1.0
060E3488,kotp_14000,Source/Game/EFF13.c,table,high,0.99,,1.0
060E34C6,kotp_15000,Source/Game/EFF13.c,table,high,0.45,,0.95
060E361C,kotp_16000,Source/Game/EFF13.c,table,high,0.09,0.5,0.7
060E5FE2,piece_set,Source/Game/EFF25.c,calls,high,0.97,,1.0
060E6202,eff26_00,Source/Game/EFF26.c,table,high,0.48,,1.0
060E626C,eff26_01,Source/Game/EFF26.c,table,high,0.98,,1.0
060E6330,eff26_02,Source/Game/EFF26.c,table,high,0.97,,1.0
060E6418,eff26_03,Source/Game/EFF26.c,table,high,0.95,,1.0
060E654A,eff26_04,Source/Game/EFF26.c,table,high,0.59,,0.93
060E6694,eff26_05,Source/Game/EFF26.c,table,medium,0.06,,0.53
060E6A50,eff27_00,Source/Game/EFF27.c,table,high,0.0,,1.0
060E6ADC,eff27_02,Source/Game/EFF27.c,table,high,1.0,,1.0
060E6B18,eff27_03,Source/Game/EFF27.c,table,high,0.0,,1.0
060E6BD8,eff27_04,Source/Game/EFF27.c,table,high,0.0,,1.0
060E6C52,eff27_05,Source/Game/EFF27.c,table,high,0.0,,0.91
060E6CE6,eff27_06,Source/Game/EFF27.c,table,high,1.0,,1.0
060E6D2E,eff27_07,Source/Game/EFF27.c,table,high,0.1,,1.0
060E6DF4,eff27_08,Source/Game/EFF27.c,table,medium,0.46,,0.67
060E6E34,eff27_09,Source/Game/EFF27.c,table,high,0.91,,1.0
060E6F38,effect_27_init,Source/Game/EFF27.c,calls,high,0.49,,1.0
060E8406,eff35_0000,Source/Game/eff35.c,table,high,1.0,,1.0
060E846E,eff35_0001,Source/Game/eff35.c,table,medium,0.21,,0.67
060E85A2,eff35_0002,Source/Game/eff35.c,table,high,0.93,1.0,1.0
060E867A,eff35_0003,Source/Game/eff35.c,table,high,0.91,1.0,1.0
060E883A,eff35_0004,Source/Game/eff35.c,table,high,0.29,,0.82
060E8944,eff35_0005,Source/Game/eff35.c,table,high,1.0,,1.0
060E8A64,eff35_0006,Source/Game/eff35.c,table,high,0.99,,1.0
060E8B68,effect_35_init,Source/Game/eff35.c,calls,high,0.46,0.0,1.0
060E9510,EFF38_WAIT,Source/Game/EFF38.c,table,high,0.91,,
060E9534,EFF38_SUDDENLY,Source/Game/EFF38.c,table,high,1.0,,1.0
060E9588,EFF38_SLIDE_IN,Source/Game/EFF38.c,table,high,0.22,,1.0
060E97A6,EFF38_SLIDE_OUT,Source/Game/EFF38.c,table,high,0.5,1.0,0.8
060E9854,EFF38_KILL,Source/Game/EFF38.c,table,medium,0.46,,0.67
060E98C4,EFF38_SHIFT,Source/Game/EFF38.c,table,high,0.98,1.0,1.0
060E9B02,Shift_38,Source/Game/EFF38.c,calls,high,0.91,,1.0
060E9B82,Move_X_Sub_38,Source/Game/EFF38.c,calls,medium,0.99,,
060E9BF2,Move_Y_Sub_38,Source/Game/EFF38.c,calls,medium,0.96,,
060E9C50,EFF38_MOVE,Source/Game/EFF38.c,table,high,1.0,,1.0
060E9E60,effect_38_init,Source/Game/EFF38.c,calls,high,0.44,1.0,1.0
060EA348,EFF39_WAIT,Source/Game/Eff39.c,table,high,0.91,,
060EA36C,EFF39_SUDDENLY,Source/Game/Eff39.c,table,high,0.99,,1.0
060EA44A,EFF39_SLIDE_IN,Source/Game/Eff39.c,table,high,0.97,1.0,1.0
060EA6AE,EFF39_SLIDE_OUT,Source/Game/Eff39.c,table,high,0.49,1.0,0.8
060EA780,EFF39_KILL,Source/Game/Eff39.c,table,medium,0.46,,0.67
060EA7C8,EFF39_MOVE,Source/Game/Eff39.c,table,high,0.56,,0.89
060EA96A,effect_39_init,Source/Game/Eff39.c,order,high,0.5,0.0,1.0
060EAA92,Get_Pos39,Source/Game/Eff39.c,calls,medium,1.0,,
060EB15E,EFF42_SUDDENLY,Source/Game/EFF42.c,table,high,0.94,,1.0
060EB284,EFF42_SLIDE_IN,Source/Game/EFF42.c,table,high,1.0,1.0,1.0
060EB3EA,EFF42_SLIDE_OUT,Source/Game/EFF42.c,table,high,0.49,1.0,0.8
060EB494,EFF42_KILL,Source/Game/EFF42.c,table,high,1.0,,1.0
060EB500,EFF42_MOVE,Source/Game/EFF42.c,table,high,1.0,,1.0
060EB56C,Setup_Char_Index,Source/Game/EFF42.c,calls,medium,0.6,,
060EB59E,effect_42_init,Source/Game/EFF42.c,calls,high,0.45,0.0,1.0
060EBC5E,effect_29_init,Source/Game/EFF29.c,calls,medium,0.8,,0.67
060ECF70,EFF52_WAIT,Source/Game/Eff52.c,table,high,0.91,,
060ECF94,EFF52_SUDDENLY,Source/Game/Eff52.c,table,high,0.47,,1.0
060ED074,EFF52_SLIDE_IN,Source/Game/Eff52.c,table,high,0.99,,1.0
060ED152,EFF52_SLIDE_OUT,Source/Game/Eff52.c,table,high,0.48,1.0,0.8
060ED21A,EFF52_KILL,Source/Game/Eff52.c,table,medium,0.46,,0.67
060ED262,effect_52_init,Source/Game/Eff52.c,calls,high,0.45,0.0,1.0
060ED49C,settle_type_00000,Source/Game/PLCNT.c,table-align,low,0.83,,0.0
060ED5E8,settle_type_10000,Source/Game/PLCNT.c,table-align,low,0.5,,0.0
060ED70C,settle_type_20000,Source/Game/PLCNT.c,table-align,low,0.7,,0.0
060ED956,settle_type_30000,Source/Game/PLCNT.c,table-align,low,0.93,,0.0
060EE152,effect_58_init,Source/Game/EFF58.c,calls,high,0.95,,1.0
060EE990,settle_type_40000,Source/Game/PLCNT.c,table-align,low,0.39,,0.0
060F06D0,EFF69_WAIT,Source/Game/EFF69.c,table-align,medium,0.94,,
060F06F0,EFF69_SLIDE_IN,Source/Game/EFF69.c,table-align,high,0.99,1.0,1.0
060F084E,EFF69_SLIDE_OUT,Source/Game/EFF69.c,table-align,high,0.47,1.0,0.8
060F0920,EFF69_SUDDENLY,Source/Game/EFF69.c,table-align,high,0.96,,1.0
060F09EE,effect_69_init,Source/Game/EFF69.c,order-align,high,0.45,0.67,1.0
060F0AB0,Setup_Clear_OBJ,Source/Game/EFF69.c,calls,medium,0.99,,
060F172C,EFF57_WAIT,Source/Game/EFF57.c,table-align,medium,0.94,,
060F174C,EFF57_SLIDE_IN,Source/Game/EFF57.c,table-align,medium,0.0,,
060F1750,EFF57_CHAR_CHANGE,Source/Game/EFF57.c,table-align,high,0.99,,1.0
060F17A4,EFF57_SUDDENLY,Source/Game/EFF57.c,table-align,high,0.83,,1.0
060F1886,EFF57_WALL,Source/Game/EFF57.c,table-align,low,0.08,,0.0
060F18CE,effect_75_init,Source/Game/EFF75.c,calls,high,0.46,,1.0
060F199E,EFF76_WAIT,Source/Game/Eff76.c,table,high,0.96,,1.0
060F1A24,EFF76_WAIT_BREAK_INTO,Source/Game/Eff76.c,table,high,0.86,,
060F1A72,EFF76_SLIDE_IN,Source/Game/Eff76.c,table,high,1.0,,1.0
060F1B8C,EFF76_SLIDE_OUT,Source/Game/Eff76.c,table,high,0.64,,
060F1B90,EFF76_SUDDENLY,Source/Game/Eff76.c,table,high,1.0,0.0,1.0
060F1D08,EFF76_BEFORE,Source/Game/Eff76.c,table,high,1.0,,1.0
060F1D66,EFF57_KILL,Source/Game/EFF57.c,table,medium,0.21,,0.67
060F1DAE,EFF76_SHIFT,Source/Game/Eff76.c,table,high,0.96,1.0,1.0
060F2984,Check_Range_Out,Source/Game/Eff76.c,calls,high,0.72,,1.0
060F2A02,chkNameAkuma,Source/Game/Eff76.c,calls,medium,0.4,,
060F2CE4,Pause_Move,Source/Game/Pause.c,table-align,medium,0.67,,
060F47E8,effect_80_init,Source/Game/Eff80.c,calls,high,0.35,,1.0
060F53DE,eff85_0000,Source/Game/EFF85.c,table,high,1.0,,
060F53FE,eff85_0100,Source/Game/EFF85.c,table,high,0.67,,1.0
060F5462,eff85_1000,Source/Game/EFF85.c,table,high,0.44,1.0,0.86
060F5512,eff85_common,Source/Game/EFF85.c,table,high,1.0,,1.0
060F556C,eff85_3000,Source/Game/EFF85.c,table,high,0.96,1.0,1.0
060F562C,eff85_5000,Source/Game/EFF85.c,table,high,1.0,,1.0
060F568E,eff85_7000,Source/Game/EFF85.c,table,high,0.95,1.0,1.0
060F571C,eff85_8000,Source/Game/EFF85.c,table,high,0.57,,1.0
060F5794,eff85_9000,Source/Game/EFF85.c,table,high,0.56,1.0,0.89
060F5890,swallow_sprize_check,Source/Game/EFF85.c,calls,medium,0.97,,
060F58B2,eff85_0200,Source/Game/EFF85.c,table,high,0.96,,1.0
060F5974,auto_save_init,Source/PS2/mc/savesub.c,table-align,low,0.25,,0.0
060F5A56,effect_86_init,Source/Game/EFF86.c,calls,high,0.44,,1.0
060F5B30,auto_save_load,Source/PS2/mc/savesub.c,table-align,low,1.0,,0.0
060F5D24,auto_save_save,Source/PS2/mc/savesub.c,table-align,low,0.55,,0.0
060F6424,auto_save_result,Source/PS2/mc/savesub.c,table-align,medium,0.68,0.0,0.67
060F6558,auto_save_exit,Source/PS2/mc/savesub.c,table-align,medium,0.89,,
060F656C,Eff93_SLIDE_L,Source/Game/Eff93.c,table,high,0.74,1.0,1.0
060F66E0,Eff93_SLIDE_R,Source/Game/Eff93.c,table,high,0.88,1.0,1.0
060F6808,Eff93_SLIDE_L_OUT,Source/Game/Eff93.c,table,high,0.78,1.0,1.0
060F68BE,Eff93_SLIDE_R_OUT,Source/Game/Eff93.c,table,high,0.99,0.75,1.0
060F6B16,eff94_0000,Source/Game/eff94.c,table,high,0.79,,1.0
060F6BB8,eff94_1000,Source/Game/eff94.c,table,high,0.16,1.0,0.71
060F6CEA,eff94_2000,Source/Game/eff94.c,table,high,0.67,,
060F6D26,eff94_2000_0,Source/Game/eff94.c,table,high,0.98,,
060F6D5A,eff94_2000_1,Source/Game/eff94.c,table,high,0.99,1.0,1.0
060F6E04,eff94_2000_2,Source/Game/eff94.c,table,high,1.0,,1.0
060F6E38,eff94_2000_3,Source/Game/eff94.c,table,high,0.96,,1.0
060F6E80,eff94_2000_4,Source/Game/eff94.c,table,high,0.85,,
060F6E98,eff94_3000,Source/Game/eff94.c,table,high,0.53,,
060F6ED0,eff94_3000_0,Source/Game/eff94.c,table,high,0.88,1.0,1.0
060F6F2E,eff94_3000_4,Source/Game/eff94.c,table,high,0.89,,
060F6F60,eff94_4000,Source/Game/eff94.c,table,high,0.99,,1.0
060F6FF8,effect_94_init,Source/Game/eff94.c,calls,high,0.45,,1.0
060F7856,effect_97_init,Source/Game/eff97.c,calls,high,0.46,1.0,1.0
060F797C,EFF98_WAIT,Source/Game/EFF98.c,table,high,0.94,,
060F799C,EFF98_SLIDE_IN,Source/Game/EFF98.c,table,high,0.95,1.0,1.0
060F7B72,EFF98_SLIDE_OUT,Source/Game/EFF98.c,table,high,0.64,,
060F7B76,EFF98_SUDDENLY,Source/Game/EFF98.c,table,high,0.96,,1.0
060F7C64,EFF98_KILL,Source/Game/EFF98.c,table,medium,0.46,,0.67
060F94F8,effect_A7_init,Source/Game/EFFA7.c,calls,high,0.91,1.0,1.0
060F985C,effect_A9_init,Source/Game/EffA9.c,calls,high,0.49,1.0,1.0
060F9AAE,effect_B0_init,Source/Game/EFFB0.c,calls,high,0.44,0.0,1.0
060FAA5C,effect_B4_init,Source/Game/EFFB4.c,calls,high,0.42,,1.0
060FE996,effect_C8_init,Source/Game/EFFC8.c,calls,high,0.46,,1.0
06100010,Reset_Wait,Source/Game/Reset.c,table,high,0.97,,0.5
061018FA,effect_D8_init,Source/Game/EffD8.c,calls,high,0.53,1.0,1.0
06101C2E,effect_D9_init,Source/Game/EFFD9.c,calls,high,0.82,1.0,1.0
061025DA,setup_accessories,Source/Game/EFFE2.c,calls,medium,0.14,,
06102F28,effect_E5_init,Source/Game/EFFE5.c,calls,high,1.0,1.0,1.0
06103276,effe6_0000,Source/Game/effe6.c,table-align,high,0.05,,1.0
061032C0,effe6_0001,Source/Game/effe6.c,table-align,high,1.0,,1.0
06103310,effe6_0002,Source/Game/effe6.c,table-align,high,0.84,,1.0
06103388,effe6_0003,Source/Game/effe6.c,table-align,high,0.99,,1.0
061033E0,effe6_0004,Source/Game/effe6.c,table-align,high,1.0,,1.0
06103468,effe6_0005,Source/Game/effe6.c,table-align,high,0.18,1.0,0.57
061034E6,effe6_0006,Source/Game/effe6.c,table-align,low,1.0,0.0,1.0
06103594,effe6_0007,Source/Game/effe6.c,table-align,high,0.99,,1.0
0610366C,effe6_0010,Source/Game/effe6.c,table-align,low,1.0,0.0,0.57
06103706,effe6_0011,Source/Game/effe6.c,table-align,medium,0.97,0.0,0.57
061038B8,effe6_0012,Source/Game/effe6.c,table-align,high,0.34,1.0,0.8
0610393A,effe6_0013,Source/Game/effe6.c,table-align,high,0.96,1.0,1.0
061039EC,effe6_0014,Source/Game/effe6.c,table-align,medium,0.1,,0.55
06103B6A,effe6_0015,Source/Game/effe6.c,table-align,high,0.99,,1.0
06103C58,effe6_0016,Source/Game/effe6.c,table-align,high,0.55,,0.91
06103D36,effe6_0017,Source/Game/effe6.c,table-align,medium,0.31,,0.75
06103DB8,effe6_0018,Source/Game/effe6.c,table-align,high,0.99,1.0,1.0
06103E4E,effe6_0019,Source/Game/effe6.c,table-align,high,0.17,1.0,0.71
06103F44,effe6_0020,Source/Game/effe6.c,table-align,high,1.0,0.0,1.0
06103FCE,effe6_0021,Source/Game/effe6.c,table-align,high,0.94,1.0,1.0
0610405E,effe6_0022,Source/Game/effe6.c,table-align,high,1.0,1.0,1.0
0610411C,effe6_0023,Source/Game/effe6.c,table-align,high,0.5,0.8,0.8
06104198,effe6_0024,Source/Game/effe6.c,table-align,high,0.32,0.67,0.75
06104252,effe6_0025,Source/Game/effe6.c,table-align,high,0.41,1.0,0.91
06104452,effe6_0026,Source/Game/effe6.c,table-align,high,0.59,,0.91
061044BE,effe6_0027,Source/Game/effe6.c,table-align,high,0.89,1.0,0.83
06104548,effe6_0028,Source/Game/effe6.c,table-align,high,0.59,,0.91
061045B0,effe6_0031,Source/Game/effe6.c,table-align,low,0.59,,0.18
0610469C,effe6_0033,Source/Game/effe6.c,table-align,medium,0.38,,0.44
06104748,effe6_init_common,Source/Game/effe6.c,calls,high,1.0,,1.0
06104776,effect_E6_init,Source/Game/effe6.c,calls,high,0.45,0.5,1.0
061058E4,effect_F2_init,Source/Game/EFFF2.c,calls,high,0.46,0.0,1.0
0610748A,efff9_wk_set,Source/Game/EFFF9.c,calls,high,0.96,1.0,
061075B0,Rewrite_End_Message,Source/Game/EFFF9.c,calls,high,0.92,,1.0
06107B84,grade_makeup_stage_parameter,Source/Game/Grade.c,calls,medium,0.0,,
06108658,effect_G6_init,Source/Game/EFFG6.c,calls,high,0.91,1.0,1.0
06108FFE,effect_H1_init,Source/Game/EFFH1.c,calls,high,0.46,0.5,1.0
0610AFE6,Pause_Check,Source/Game/Pause.c,table-align,medium,0.02,,
0610B310,effect_I3_init,Source/Game/EFFI3.c,calls,high,1.0,1.0,1.0
0610C6B6,effect_I9_init,Source/Game/EFFI9.c,calls,high,0.97,1.0,1.0
0610D688,effect_J7_init,Source/Game/EFFJ7.c,calls,high,1.0,1.0,1.0
0610D892,dragonfly_l_move_2,Source/Game/EFFJ8.c,calls,high,1.0,,1.0
0610D8E4,dragonfly_l_move_3,Source/Game/EFFJ8.c,calls,high,1.0,,1.0
0610D946,dragonfly_l_move_4,Source/Game/EFFJ8.c,calls,high,1.0,,1.0
0610D994,dragonfly_l_move,Source/Game/EFFJ8.c,table,high,0.65,,0.86
0610DA3C,dragonfly_r_move_0,Source/Game/EFFJ8.c,order,high,0.91,,1.0
0610DA7A,dragonfly_r_move_1,Source/Game/EFFJ8.c,order,medium,0.44,,0.67
0610DAA8,dragonfly_r_move_2,Source/Game/EFFJ8.c,calls,high,1.0,0.0,1.0
0610DAFA,dragonfly_r_move_3,Source/Game/EFFJ8.c,calls,high,1.0,,1.0
0610DB5C,dragonfly_r_move_4,Source/Game/EFFJ8.c,calls,high,1.0,,1.0
0610DB8E,dragonfly_r_move,Source/Game/EFFJ8.c,table,high,0.6,,0.82
0610DC52,dragonfly_move_0000,Source/Game/EFFJ8.c,table,high,0.53,0.67,0.89
0610DD36,dragonfly_move_0001,Source/Game/EFFJ8.c,table,high,0.91,,0.84
0610DE26,dragonfly_move_0004,Source/Game/EFFJ8.c,table,high,0.56,1.0,0.89
0610DEF0,dragonfly_move_0005,Source/Game/EFFJ8.c,table,high,0.97,,0.78
0610DFC4,dragonfly_stop_timer,Source/Game/EFFJ8.c,calls,high,0.97,,1.0
0610E000,dragonfly_line_set,Source/Game/EFFJ8.c,order,high,0.91,,1.0
0610E058,dragonfly_move_next,Source/Game/EFFJ8.c,calls,medium,0.99,,
0610E9C8,effK2_parts_move_type_0,Source/Game/EFFK2.c,table,high,0.78,,1.0
0610EA48,effK2_parts_move_type_1,Source/Game/EFFK2.c,table,high,0.01,,0.8
0610EBD2,effK2_parts_move_type_2,Source/Game/EFFK2.c,table,high,0.96,,1.0
0610EC48,effK2_parts_move_type_3,Source/Game/EFFK2.c,table,high,0.99,,1.0
0610ECE8,effK2_parts_move_type_4,Source/Game/EFFK2.c,table,high,0.86,,1.0
0610ED5E,effK2_parts_move_type_5,Source/Game/EFFK2.c,table,high,1.0,,1.0
0610ED86,effK2_parts_move_type_6,Source/Game/EFFK2.c,table,high,1.0,,1.0
0610EE0C,effK2_parts_move_type_7,Source/Game/EFFK2.c,table,high,1.0,,1.0
0610EE54,effK2_parts_move_type_8,Source/Game/EFFK2.c,table,high,0.37,1.0,0.8
061103F8,EFFK6_WAIT,Source/Game/EffK6.c,table,high,0.94,,
06110418,EFFK6_SLIDE_IN,Source/Game/EffK6.c,table,high,0.47,,0.8
061105BE,EFFK6_SLIDE_OUT,Source/Game/EffK6.c,table,high,0.5,1.0,0.8
0611067A,EFFK6_SUDDENLY,Source/Game/EffK6.c,table,high,1.0,,1.0
06110780,EFFK6_KILL,Source/Game/EffK6.c,table,medium,0.46,,0.67
061107EC,EFFK6_MOVE,Source/Game/EffK6.c,table,high,0.53,,0.86
0611097E,effect_K6_init,Source/Game/EffK6.c,order,high,0.38,0.5,1.0
06110A54,Setup_1st_PosK6,Source/Game/EffK6.c,order,high,0.52,1.0,0.86
06110B68,Get_PosK6,Source/Game/EffK6.c,calls,high,0.5,1.0,0.8
06110CAA,Setup_CharK6,Source/Game/EffK6.c,order,medium,0.76,,
06110D02,Setup_K6_Index,Source/Game/EffK6.c,calls,medium,0.98,,
06110D74,chkNameSuv,Source/Game/EffK6.c,calls,medium,0.4,,
06111328,effect_K7_init,Source/Game/EFFK7.c,calls,high,0.99,1.0,1.0
06111704,effect_L0_move,Source/Game/EFFL0.c,calls,high,0.92,1.0,1.0
061117F4,effect_L0_init,Source/Game/EFFL0.c,calls,high,1.0,1.0,1.0
06111A98,effL1_w_win_init,Source/Game/EFFL1.c,table,high,0.36,,1.0
06111B6A,effL1_w_grade_init,Source/Game/EFFL1.c,table,high,0.45,0.5,
06111C30,effL1_k_grade_init,Source/Game/EFFL1.c,table,high,0.92,1.0,
06111CEC,effL1_w_score_init,Source/Game/EFFL1.c,table,high,0.71,1.0,1.0
06111DC4,effL1_w_graph_init,Source/Game/EFFL1.c,table,high,0.22,1.0,
06111F3C,effL1_k_graph_init,Source/Game/EFFL1.c,table,high,0.24,1.0,
061120E4,effL1_f_stage_p_init,Source/Game/EFFL1.c,table,medium,0.27,,
061122A8,effL1_f_stage_r_init,Source/Game/EFFL1.c,table,medium,0.46,,
06112450,effL1_f_grade_init,Source/Game/EFFL1.c,table,high,1.0,0.5,
061124F0,effL1_f_mk_spp_init,Source/Game/EFFL1.c,table,low,0.04,0.0,
061128FA,effL1_f_mk_all_init,Source/Game/EFFL1.c,table,high,0.59,,
061129E8,effL1_f_kz_cont_init,Source/Game/EFFL1.c,table,high,0.98,,1.0
06112A6E,effL1_f_kz_spp_init,Source/Game/EFFL1.c,table,high,0.85,,1.0
06112B34,effL1_f_score_init,Source/Game/EFFL1.c,table,high,0.82,,1.0
06112BDA,effL1_suuchi_bunkai_sub,Source/Game/EFFL1.c,calls,medium,0.15,,
061143CE,effect_L8_init,Source/Game/effl8.c,calls,high,0.91,1.0,1.0
06114826,animal_0000,Source/Game/effM0.c,table,high,0.98,,1.0
061148F4,animal_0001,Source/Game/effM0.c,table,high,0.99,,1.0
06114984,animal_0002,Source/Game/effM0.c,table,high,0.55,,0.91
06114A34,animal_0004,Source/Game/effM0.c,table,high,0.56,,0.91
06114B24,animal_0005,Source/Game/effM0.c,table,high,0.42,,0.89
06114C44,mouse_run_set,Source/Game/effM0.c,calls,high,1.0,1.0,1.0
06114C72,mouse_stand_set,Source/Game/effM0.c,calls,high,0.91,,1.0
06114C92,cat_run_set,Source/Game/effM0.c,calls,high,1.0,1.0,1.0
06114CC0,cat_run_set2,Source/Game/effM0.c,order,high,1.0,1.0,1.0
06114CEE,cat_walk_set,Source/Game/effM0.c,order,high,0.36,1.0,1.0
06114D4A,don_run_set,Source/Game/effM0.c,calls,high,1.0,1.0,1.0
06114D78,effect_M0_init,Source/Game/effM0.c,calls,high,0.46,1.0,1.0
06116114,effect_M7_init,Source/Game/effM7.c,calls,high,0.45,1.0,1.0
06117E8C,check_sa_type_rebirth,Source/Game/PLCNT.c,calls,medium,0.27,,
06117EAE,nekorobi_check,Source/Game/PLCNT.c,order,medium,0.55,,
06117EE2,footwork_check,Source/Game/PLCNT.c,order-align,medium,0.7,,
06117F28,set_quake,Source/Game/PLCNT.c,order-align,medium,1.0,,
06117F6E,add_next_position,Source/Game/PLCNT.c,order-align,medium,0.94,,
06117FD0,setup_gouki_wins,Source/Game/PLCNT.c,order-align,medium,0.82,,
06118226,erase_extra_plef_work,Source/Game/PLCNT.c,order-align,high,0.21,1.0,0.8
06118290,setup_base_and_other_data,Source/Game/PLCNT.c,order-align,high,0.09,1.0,1.0
06118312,setup_any_data,Source/Game/PLCNT.c,order-align,high,1.0,1.0,1.0
06118460,set_base_data_metamorphose,Source/Game/PLCNT.c,order,high,0.45,,0.8
061184D0,set_base_data_tiny,Source/Game/PLCNT.c,calls,high,0.42,,0.8
0611853E,set_player_shadow,Source/Game/PLCNT.c,calls,medium,0.9,,
0611856C,setup_other_data,Source/Game/PLCNT.c,calls,medium,0.22,,
061185CE,clear_chainex_check,Source/Game/PLCNT.c,order-align,medium,0.97,,
06118654,clear_kizetsu_point,Source/Game/PLCNT.c,calls,medium,0.96,,
0611A4A8,demo_set_sa_full,Source/Game/PLMAIN.c,calls,medium,0.99,,
0611A4D2,get_saikinnno_idouryou,Source/Game/PLMAIN.c,order,high,1.0,,1.0
0611A550,clear_attack_num,Source/Game/PLMAIN.c,order,medium,0.99,,
0611A57A,clear_tk_flags,Source/Game/PLMAIN.c,calls,medium,0.97,,
0611A750,player_mvbs_0000,Source/Game/PLMAIN2.c,table-align,high,0.99,,1.0
0611A86E,player_mvbs_1000,Source/Game/PLMAIN2.c,table-align,high,0.8,1.0,1.0
0611A956,plmv_b_1010,Source/Game/PLMAIN2.c,calls,medium,0.98,,
0611A984,plmv_b_1020,Source/Game/PLMAIN2.c,calls,high,1.0,,1.0
0611A9E8,player_mvbs_2000,Source/Game/PLMAIN2.c,table-align,high,0.85,,1.0
0611AA22,player_mvbs_3000,Source/Game/PLMAIN2.c,table-align,high,0.07,,1.0
0611AA28,player_mvbs_4000,Source/Game/PLMAIN2.c,table-align,high,0.59,,1.0
0611AB2E,TO_nm_01000,Source/Game/PLS00.c,calls,medium,0.32,,
0611AB44,TO_nm_36000,Source/Game/PLS00.c,calls,medium,0.32,,
0611AB5A,TO_nm_09000,Source/Game/PLS00.c,calls,medium,0.32,,
0611AB70,TO_nm_37000,Source/Game/PLS00.c,calls,medium,0.32,,
0611AB9E,TO_nm_38000,Source/Game/PLS00.c,order-align,medium,0.99,,
0611ABB6,nm_00000,Source/Game/PLS00.c,order-align,medium,0.64,,
0611ABC4,nm_01000,Source/Game/PLS00.c,order-align,high,0.66,,0.97
0611AC84,nm_02000,Source/Game/PLS00.c,table-align,high,0.44,,0.91
0611ADE8,nm_03000,Source/Game/PLS00.c,order-align,high,0.66,,0.97
0611AEAE,nm_05000,Source/Game/PLS00.c,order-align,high,0.42,,1.0
0611AF18,nm_07000,Source/Game/PLS00.c,order-align,high,0.89,,0.94
0611B02C,nm_08000,Source/Game/PLS00.c,table-align,high,0.87,,0.88
0611B10E,nm_09000,Source/Game/PLS00.c,table-align,high,0.48,,0.94
0611B218,Game0_2,Source/Game/Game.c,table-align,low,1.0,,0.24
0611B2D4,nm_10000,Source/Game/PLS00.c,table-align,low,0.0,,0.0
0611B328,nm_16000,Source/Game/PLS00.c,order-align,high,1.0,,1.0
0611B3C0,nm_17000,Source/Game/PLS00.c,order-align,high,0.95,0.0,1.0
0611B474,check_jump_rl_dir,Source/Game/PLS00.c,calls,high,0.92,,1.0
0611B4A8,set_new_jpdir,Source/Game/PLS00.c,calls,medium,1.0,,
0611B4F4,nm_18000,Source/Game/PLS00.c,order,high,0.65,,1.0
0611BB00,jumping_guard_type_check,Source/Game/PLS00.c,calls,medium,0.99,,
0611BB2A,nm_27000,Source/Game/PLS00.c,table-align,high,0.07,,0.86
0611BCD8,nm_29000,Source/Game/PLS00.c,order-align,high,0.57,,0.93
0611BE08,nm_31000,Source/Game/PLS00.c,order-align,high,0.95,,1.0
0611BF00,nm_34000,Source/Game/PLS00.c,order-align,high,0.96,,0.8
0611BF48,nm_36000,Source/Game/PLS00.c,order-align,high,0.97,,1.0
0611BFBA,nm_37000,Source/Game/PLS00.c,table-align,medium,0.34,,
0611BFF8,nm_38000,Source/Game/PLS00.c,table-align,high,0.32,,0.89
0611C068,nm_39000,Source/Game/PLS00.c,order-align,high,0.9,,1.0
0611C0A0,nm_40000,Source/Game/PLS00.c,order-align,medium,0.99,,
0611C0E8,nm_42000,Source/Game/PLS00.c,table-align,medium,0.53,,
0611C120,nm_45000,Source/Game/PLS00.c,order-align,high,0.56,,1.0
0611C214,nm_47000,Source/Game/PLS00.c,table-align,medium,0.22,,
0611C226,nm_48000,Source/Game/PLS00.c,table-align,medium,0.0,,
0611C22A,nm_49000,Source/Game/PLS00.c,table-align,medium,0.0,,
0611C22E,nm_51000,Source/Game/PLS00.c,table-align,medium,0.64,,
0611C232,nm_52000,Source/Game/PLS00.c,order-align,high,0.96,,1.0
0611C266,nm_55000,Source/Game/PLS00.c,table-align,medium,0.22,,
0611C278,nm_57000,Source/Game/PLS00.c,table-align,medium,0.22,,
0611C28A,process_normal,Source/Game/PLS00.c,table-align,medium,1.0,,
0611C2AA,dm_00000,Source/Game/PLS00.c,table,high,1.0,,1.0
0611C2EA,dm_04000,Source/Game/PLS00.c,table,high,0.35,,0.8
0611C39C,dm_08000,Source/Game/PLS00.c,table,high,0.24,,1.0
0611C3FA,dm_17000,Source/Game/PLS00.c,table,medium,0.33,,
0611C41A,dm_18000,Source/Game/PLS00.c,table,high,0.82,,1.0
0611C4CA,dm_25000,Source/Game/PLS00.c,table,high,0.97,,1.0
0611C504,process_catch,Source/Game/PLS00.c,table-align,high,0.92,,1.0
0611C5C6,process_caught,Source/Game/PLS00.c,table-align,medium,0.64,,
0611C5CE,process_attack,Source/Game/PLS00.c,table-align,high,0.8,,1.0
0611C6F6,check_cg_cancel_data,Source/Game/PLS00.c,calls,high,0.57,0.33,0.95
0611C8E8,check_em_tk_power_off,Source/Game/PLS01.c,calls,medium,1.0,,
0611C958,check_ukemi_flag,Source/Game/PLS01.c,order,medium,0.89,,
0611C962,check_rl_flag,Source/Game/PLS01.c,calls,medium,0.32,,
0611C988,set_rl_waza,Source/Game/PLS01.c,order,medium,0.6,,
0611C9FC,check_rl_on_car,Source/Game/PLS01.c,order,medium,0.91,,
0611CA98,saishin_bs2_area_car,Source/Game/PLS01.c,calls,medium,0.83,,
0611CB00,saishin_bs2_on_car,Source/Game/PLS01.c,order,medium,0.86,,
0611CB22,check_air_jump,Source/Game/PLS01.c,order,high,0.79,1.0,1.0
0611CBE0,check_sankaku_tobi,Source/Game/PLS01.c,calls,high,1.0,1.0,1.0
0611CC86,check_extra_jump_timer,Source/Game/PLS01.c,order-align,medium,0.98,,
0611CCE2,remake_sankaku_tobi_mvxy,Source/Game/PLS01.c,order,medium,0.23,,0.5
0611CDA0,check_F_R_dash,Source/Game/PLS01.c,order-align,high,1.0,,1.0
0611CE6C,Make_texcash_of_list,Source/Game/MMTMCNT.c,calls,medium,0.34,,
0611CEA4,check_jump_ready,Source/Game/PLS01.c,order-align,high,0.99,0.0,1.0
0611CF04,check_hijump_only,Source/Game/PLS01.c,order-align,high,0.98,1.0,1.0
0611CF76,check_bend_myself,Source/Game/PLS01.c,order-align,medium,1.0,,
0611CF9C,check_F_R_walk,Source/Game/PLS01.c,order-align,medium,0.99,,
0611D03E,check_turn_to_back,Source/Game/PLS01.c,calls,medium,0.43,,0.67
0611D0BA,check_hurimuki,Source/Game/PLS01.c,order,medium,0.48,,
0611D0E4,check_walking_lv_dir,Source/Game/PLS01.c,order-align,medium,0.99,,
0611D1B0,cpReadyTask,Source/Game/main.c,calls,medium,0.95,,
0611D1D6,check_defense_lever,Source/Game/PLS01.c,order-align,high,0.97,,1.0
0611D226,check_em_catt,Source/Game/PLS01.c,calls,medium,0.43,,
0611D284,check_attbox_dir,Source/Game/PLS01.c,order-align,high,0.86,,1.0
0611D344,check_defense_kind,Source/Game/PLS01.c,order-align,high,0.98,,1.0
0611D41C,jumping_union_process,Source/Game/PLS01.c,calls,high,0.97,,1.0
0611D51E,check_floor,Source/Game/PLS01.c,order-align,medium,0.72,,
0611D55C,check_ashimoto,Source/Game/PLS01.c,order-align,high,0.99,,1.0
0611D58C,check_floor_2,Source/Game/PLS01.c,calls,medium,1.0,,
0611D5D6,check_ashimoto_ex,Source/Game/PLS01.c,calls,high,0.96,,1.0
0611D610,add_to_mvxy_data,Source/Game/PLS02.c,calls,medium,1.0,,
0611D66E,setup_move_data_easy,Source/Game/PLS02.c,order,medium,0.83,,
0611D6B0,setup_mvxy_data,Source/Game/PLS02.c,calls,medium,0.0,,
0611D7A4,setup_butt_own_data,Source/Game/PLS02.c,calls,medium,0.13,,
0611D82C,get_weight_point,Source/Game/PLS02.c,calls,medium,0.38,,
0611D83C,cal_mvxy_speed,Source/Game/PLS02.c,calls,medium,0.98,,
0611D928,add_mvxy_speed,Source/Game/PLS02.c,calls,medium,1.0,,
0611D95C,add_mvxy_speed_exp,Source/Game/PLS02.c,calls,low,0.21,,0.0
0611D9AA,add_mvxy_speed_no_use_rl,Source/Game/PLS02.c,order,medium,1.0,,
0611D9CA,add_mvxy_speed_direct,Source/Game/PLS02.c,order,medium,0.64,,
0611D9F2,reset_mvxy_data,Source/Game/PLS02.c,calls,medium,0.8,,
0611DAA0,remake_mvxy_PoSB,Source/Game/PLS02.c,calls,medium,0.42,,
0611DBA4,check_body_touch,Source/Game/PLS02.c,order-align,high,0.85,,1.0
0611DCBE,meri_case_switch,Source/Game/PLS02.c,calls,high,0.41,1.0,
0611DD34,check_body_touch2,Source/Game/PLS02.c,order-align,high,0.89,,1.0
0611DEDA,hoseishitemo_eenka,Source/Game/PLS02.c,order-align,high,0.97,,1.0
0611DF72,get_sel_hosei_tbl_ix,Source/Game/PLS02.c,calls,medium,0.17,,
0611DF7C,check_work_position_bonus,Source/Game/PLS02.c,calls,medium,0.37,,
0611DFB8,set_field_hosei_flag,Source/Game/PLS02.c,order,medium,0.75,,
0611E056,check_work_position,Source/Game/PLS02.c,calls,medium,0.72,,
0611E0D6,random_32_com,Source/Game/PLS02.c,calls,medium,0.06,,
0611E0EE,random_16,Source/Game/PLS02.c,calls,medium,0.46,,
0611E136,random_16_bg,Source/Game/PLS02.c,order,medium,0.51,,
0611E186,cal_attdir,Source/Game/PLS02.c,calls,medium,0.46,,
0611E1D0,cal_attdir_flip,Source/Game/PLS02.c,order,medium,0.99,,
0611E1E8,get_kind_of_head_dm,Source/Game/PLS02.c,order,medium,0.32,,
0611E396,set_hit_stop_hit_quake,Source/Game/PLS02.c,calls,medium,1.0,,
0611E3C4,add_sp_arts_gauge_init,Source/Game/PLS02.c,order,medium,0.2,0.0,
0611E478,add_sp_arts_gauge_guard,Source/Game/PLS02.c,order,medium,0.21,,
0611E510,add_sp_arts_gauge_hit_dm,Source/Game/PLS02.c,order,medium,0.31,,0.5
0611E5D8,cal_sa_gauge_waribiki,Source/Game/PLS02.c,order,medium,0.96,,
0611E652,add_sp_arts_gauge_paring,Source/Game/PLS02.c,calls,medium,0.44,,
0611E6CE,add_sp_arts_gauge_tokushu,Source/Game/PLS02.c,calls,medium,0.42,,
0611E752,add_sp_arts_gauge_ukemi,Source/Game/PLS02.c,order,medium,0.4,,
0611E7B4,add_sp_arts_gauge_nagenuke,Source/Game/PLS02.c,calls,medium,0.4,,
0611E926,check_buttobi_type,Source/Game/PLS02.c,order-align,high,0.86,,1.0
0611E974,check_buttobi_type2,Source/Game/PLS02.c,order-align,high,0.86,,1.0
0611E996,setup_saishin_lvdir,Source/Game/PLS02.c,order-align,medium,0.69,,
0611E9F6,setup_lvdir_after_autodir,Source/Game/PLS02.c,calls,medium,0.9,,
0611EBF0,hissatsu_setup_union,Source/Game/PLS03.c,calls,medium,0.99,,
0611EC1A,check_full_gauge_attack,Source/Game/PLS03.c,calls,high,0.04,0.75,0.5
0611F0E0,check_full_gauge_attack2,Source/Game/PLS03.c,calls,high,0.04,0.75,0.5
0611F5C8,check_super_arts_attack,Source/Game/PLS03.c,calls,low,0.0,,0.0
0611FA18,execute_super_arts,Source/Game/PLS03.c,calls,high,0.28,1.0,1.0
0611FC74,check_special_attack,Source/Game/PLS03.c,calls,high,0.1,0.75,0.82
06120010,Reset_Sleep,Source/Game/Reset.c,table,low,0.0,,0.0
061202AE,check_leap_attack,Source/Game/PLS03.c,order-align,high,0.92,0.0,1.0
06120378,check_nm_attack,Source/Game/PLS03.c,order-align,high,0.1,1.0,1.0
0612080E,check_chouhatsu,Source/Game/PLS03.c,order-align,high,0.99,,1.0
06120982,check_catch_attack,Source/Game/PLS03.c,order-align,high,0.37,,1.0
06120B62,set_attack_routine_number,Source/Game/PLS03.c,order-align,medium,0.96,,
06120B7E,get_nearing_range,Source/Game/PLS03.c,calls,high,0.99,1.0,1.0
06120C00,waza_select,Source/Game/PLS03.c,order,low,0.21,,0.0
06120D8A,decode_wst_data,Source/Game/PLS03.c,order-align,high,0.97,1.0,1.0
06120F7E,get_em_body_range,Source/Game/PLS03.c,order-align,high,0.78,,1.0
0612100E,cmd_ex_check,Source/Game/PLS03.c,calls,medium,0.54,,
0612103A,shot_data_convert,Source/Game/PLS03.c,calls,medium,0.48,,
061210DC,renbanshot_conpaneshot,Source/Game/PLS03.c,calls,medium,0.22,,
061210EC,datacmd_conpanecmd,Source/Game/PLS03.c,calls,medium,0.64,,
06121100,check_renda_cancel,Source/Game/PLS03.c,order-align,high,0.46,1.0,1.0
0612125C,check_meoshi_cancel,Source/Game/PLS03.c,order-align,high,0.63,1.0,1.0
06121476,get_meoshi_lever,Source/Game/PLS03.c,calls,medium,0.32,,
06121482,get_meoshi_shot,Source/Game/PLS03.c,calls,medium,0.38,,
061214A4,Player_normal,Source/Game/PLPNM.c,calls,medium,0.49,,0.67
061214FC,setup_normal_process_flags,Source/Game/PLPNM.c,order,medium,0.98,,
06121582,Normal_00000,Source/Game/PLPNM.c,table-align,high,0.07,,1.0
06121588,Normal_01000,Source/Game/PLPNM.c,table-align,high,0.89,,1.0
061215EC,Normal_02000,Source/Game/PLPNM.c,table-align,high,0.87,,1.0
0612162C,Normal_03000,Source/Game/PLPNM.c,order,high,0.99,,1.0
061216A2,Normal_04000,Source/Game/PLPNM.c,order,high,0.83,,1.0
06121724,Normal_05000,Source/Game/PLPNM.c,table-align,high,0.95,,1.0
06121760,nm_05_0000,Source/Game/PLPNM.c,table-align,high,1.0,,1.0
061217DC,nm_05_0100,Source/Game/PLPNM.c,table-align,high,0.36,,0.88
061218C4,Normal_06000,Source/Game/PLPNM.c,table-align,high,0.95,,1.0
06121900,nm_06_0000,Source/Game/PLPNM.c,table-align,high,0.8,,1.0
06121950,nm_06_0100,Source/Game/PLPNM.c,table-align,high,1.0,,1.0
061219CC,nm_06_0200,Source/Game/PLPNM.c,table-align,high,0.39,,0.88
06121AA2,Normal_07000,Source/Game/PLPNM.c,table-align,high,0.89,,1.0
06121ADE,Normal_08000,Source/Game/PLPNM.c,table-align,high,0.89,,1.0
06121B1A,Normal_09000,Source/Game/PLPNM.c,table-align,high,0.89,,1.0
06121B68,Normal_10000,Source/Game/PLPNM.c,table-align,high,0.87,,1.0
06121CCE,Normal_16000,Source/Game/PLPNM.c,table-align,high,0.96,,1.0
06121D16,Normal_17000,Source/Game/PLPNM.c,table-align,high,0.96,,1.0
06121D70,Normal_18000,Source/Game/PLPNM.c,table-align,high,1.0,,1.0
06121DFE,Normal_18000_init_unit,Source/Game/PLPNM.c,calls,high,1.0,,1.0
06121E50,Normal_27000,Source/Game/PLPNM.c,table-align,high,0.84,,1.0
06121EC0,Normal_31000,Source/Game/PLPNM.c,table-align,high,0.35,,0.91
06122046,Normal_35000,Source/Game/PLPNM.c,table-align,high,0.42,,0.93
06122148,Normal_36000,Source/Game/PLPNM.c,table-align,high,0.64,,1.0
06122160,Normal_37000,Source/Game/PLPNM.c,table-align,high,0.64,,1.0
06122178,Normal_38000,Source/Game/PLPNM.c,table-align,high,0.99,,1.0
061221C0,Normal_39000,Source/Game/PLPNM.c,table-align,high,0.85,,1.0
061221F0,Normal_40000,Source/Game/PLPNM.c,table-align,low,0.0,,0.0
061221FC,Normal_41000,Source/Game/PLPNM.c,table-align,low,0.0,,0.0
0612222C,Normal_42000,Source/Game/PLPNM.c,table-align,high,0.91,,1.0
0612238C,Normal_47000,Source/Game/PLPNM.c,table-align,high,0.85,1.0,1.0
061224EA,Normal_48000,Source/Game/PLPNM.c,table-align,high,0.88,1.0,1.0
061225D8,Normal_50000,Source/Game/PLPNM.c,table-align,high,0.99,1.0,1.0
0612268C,Normal_51000,Source/Game/PLPNM.c,table-align,high,0.82,,1.0
061226CC,Normal_52000,Source/Game/PLPNM.c,table-align,high,0.98,,1.0
06122768,Normal_53000,Source/Game/PLPNM.c,table-align,high,0.45,,0.89
06122888,Normal_54000,Source/Game/PLPNM.c,table-align,high,0.8,,1.0
0612293A,Normal_55000,Source/Game/PLPNM.c,table-align,high,0.99,,1.0
061229DC,make_nm55_init_sp,Source/Game/PLPNM.c,calls,medium,0.25,,0.67
06122A7C,Normal_56000,Source/Game/PLPNM.c,table-align,high,0.99,,1.0
06122B08,nm56_char_select,Source/Game/PLPNM.c,calls,high,0.95,0.0,1.0
06122B90,Normal_57000,Source/Game/PLPNM.c,table-align,high,0.83,,1.0
06122C60,nm57_dir_select,Source/Game/PLPNM.c,calls,high,0.96,0.0,1.0
06122CB8,Normal_58000,Source/Game/PLPNM.c,table-align,high,0.99,,1.0
06122E00,Damage_00000,Source/Game/PLPDM.c,table-align,high,0.99,,1.0
06122E98,Damage_01000,Source/Game/PLPDM.c,table-align,high,0.99,,1.0
06122F7C,Damage_04000,Source/Game/PLPDM.c,order,high,0.67,,1.0
061230D0,Damage_07000,Source/Game/PLPDM.c,order,medium,0.4,,0.3
06123396,Damage_12000,Source/Game/PLPDM.c,table-align,high,0.91,,1.0
06123542,Damage_14000,Source/Game/PLPDM.c,table-align,high,0.92,,1.0
06123616,Damage_16000,Source/Game/PLPDM.c,table-align,high,0.81,,1.0
06123716,Damage_17000,Source/Game/PLPDM.c,table-align,high,0.66,0.0,0.96
061238A8,Damage_19000,Source/Game/PLPDM.c,table-align,high,0.79,,0.83
061239AE,Damage_20000,Source/Game/PLPDM.c,table-align,medium,0.36,,0.74
06123AAE,plcnt_b_init,Source/Game/PLCNT2.c,table-align,low,0.63,,0.0
06123C1C,Damage_21000,Source/Game/PLPDM.c,order-align,medium,1.0,,0.67
06123CC8,Damage_24000,Source/Game/PLPDM.c,table-align,high,0.38,,0.86
06123DFC,Damage_25000,Source/Game/PLPDM.c,table-align,high,0.39,1.0,0.92
06123F68,Damage_26000,Source/Game/PLPDM.c,table-align,medium,0.68,,0.76
0612409E,Damage_27000,Source/Game/PLPDM.c,table-align,high,0.49,,0.89
06124144,Damage_28000,Source/Game/PLPDM.c,table-align,high,0.28,,0.8
061241D0,Damage_29000,Source/Game/PLPDM.c,table-align,high,0.9,1.0,1.0
061243F4,Damage_30000,Source/Game/PLPDM.c,table-align,high,0.46,,0.94
06124576,Damage_31000,Source/Game/PLPDM.c,table-align,high,0.41,,0.92
061247AC,first_flight_union,Source/Game/PLPDM.c,calls,high,0.56,,0.89
0612483A,first_TtktV_union,Source/Game/PLPDM.c,calls,high,0.52,,0.92
061248EE,buttobi_chakuchi_cg_type_check,Source/Game/PLPDM.c,calls,high,0.14,1.0,0.6
061249E8,buttobi_add_y_check,Source/Game/PLPDM.c,calls,medium,0.86,,
06124A14,setup_smoke_type,Source/Game/PLPDM.c,calls,high,0.7,,1.0
06124A6C,add_dm_step_tbl,Source/Game/PLPDM.c,calls,medium,0.82,,
06124AA4,check_dmpat_to_dmpat,Source/Game/PLPDM.c,order,medium,0.64,,
06124AA8,set_dm_hos_flag_sky,Source/Game/PLPDM.c,calls,medium,0.78,,
06124B2A,set_dm_hos_flag_grd,Source/Game/PLPDM.c,order,medium,0.24,,
06124B64,get_sky_dm_timer,Source/Game/PLPDM.c,calls,medium,0.84,,
06124BC4,subtract_dm_vital,Source/Game/PLPDM.c,order-align,high,0.3,,1.0
06124D16,subtract_dm_vital_aiuchi,Source/Game/PLPDM.c,order,high,0.28,,1.0
06124E4C,get_damage_reaction_data,Source/Game/PLPDM.c,order-align,high,0.45,0.0,0.86
06124FF4,setup_kuzureochi,Source/Game/PLPDM.c,calls,high,0.83,,1.0
06125044,setup_kuuchuu_nmdm,Source/Game/PLPDM.c,calls,high,0.54,,0.86
06125800,subtract_cu_vital,Source/Game/PLPCA.c,calls,high,0.29,,1.0
06125E90,scdmd_12000,Source/Game/PLPCU.c,table,high,0.93,,1.0
06125EF4,scdmd_14000,Source/Game/PLPCU.c,table,high,1.0,,1.0
06125F14,scdmd_16000,Source/Game/PLPCU.c,table,high,0.98,,1.0
06125F42,scdmd_17000,Source/Game/PLPCU.c,table,high,0.99,,1.0
06125F72,scdmd_18000,Source/Game/PLPCU.c,table,high,0.99,,1.0
06126004,scdmd_19000,Source/Game/PLPCU.c,table,high,0.98,,1.0
06126032,scdmd_20000,Source/Game/PLPCU.c,table,high,0.07,,1.0
06126038,scdmd_21000,Source/Game/PLPCU.c,table,high,1.0,,1.0
06126058,scdmd_23000,Source/Game/PLPCU.c,table,high,0.64,,1.0
0612606C,scdmd_24000,Source/Game/PLPCU.c,table,high,0.82,,
0612607A,scdmd_25000,Source/Game/PLPCU.c,table,high,0.64,,
0612607E,scdmd_26000,Source/Game/PLPCU.c,table,high,0.07,,1.0
06126084,scdmd_27000,Source/Game/PLPCU.c,table,high,1.0,,1.0
061260A4,scdmd_28000,Source/Game/PLPCU.c,table,high,0.99,,1.0
061260D4,scdmd_29000,Source/Game/PLPCU.c,table,high,0.64,,
061260D8,scdmd_30000,Source/Game/PLPCU.c,table,high,0.98,,1.0
06126106,scdmd_31000,Source/Game/PLPCU.c,table,high,0.07,,1.0
0612621A,Attack_00000,Source/Game/PLPAT.c,table,high,0.85,,1.0
061262AA,Attack_01000,Source/Game/PLPAT.c,table,high,1.0,,1.0
06126364,Attack_02000,Source/Game/PLPAT.c,table,high,0.99,,1.0
06126410,Attack_03000,Source/Game/PLPAT.c,table,high,0.95,1.0,1.0
06126550,ja_nmj_rno_change,Source/Game/PLPAT.c,calls,medium,0.81,,
061265D2,check_ja_nmj_dummy_RTNM,Source/Game/PLPAT.c,calls,high,1.0,,1.0
061266BC,get_cjdR,Source/Game/PLPAT.c,calls,medium,0.9,,
06126746,Attack_04000,Source/Game/PLPAT.c,table,high,1.0,,1.0
061267DC,Attack_05000,Source/Game/PLPAT.c,table,high,1.0,,1.0
06126884,Attack_06000,Source/Game/PLPAT.c,table,medium,0.18,,
0612688E,Attack_07000,Source/Game/PLPAT.c,table,high,0.87,,1.0
0612691C,Attack_08000,Source/Game/PLPAT.c,table,high,0.99,,1.0
06126A38,Attack_09000,Source/Game/PLPAT.c,table,high,0.99,,1.0
06126B10,Attack_10000,Source/Game/PLPAT.c,table,high,0.39,,0.89
06126CA8,Attack_14000,Source/Game/PLPAT.c,table,high,0.99,,1.0
06126D0E,Attack_15000,Source/Game/PLPAT.c,table,high,0.97,,1.0
06126DF4,get_cancel_timer,Source/Game/PLPAT.c,calls,medium,0.64,,
06126E14,hoken_muriyari_chakuchi,Source/Game/PLPAT.c,calls,medium,0.99,,
06126E6C,Att_DUMMY,Source/Game/PLPATUNI.c,table,high,0.64,,
06126E70,Att_METAMOR_WAIT,Source/Game/PLPATUNI.c,table,high,0.99,,1.0
06126F00,Att_METAMOR_REBIRTH,Source/Game/PLPATUNI.c,table,high,0.9,,1.0
0612707A,Att_HADOUKEN,Source/Game/PLPATUNI.c,table,medium,0.18,,
06127084,Att_HADOUKEN2,Source/Game/PLPATUNI.c,table,high,0.63,,1.0
061270F6,Att_NM_OKIAGARI,Source/Game/PLPATUNI.c,table,high,0.98,,1.0
06127130,Att_SHOURYUUKEN,Source/Game/PLPATUNI.c,table,high,0.91,,1.0
06127236,Att_SENPUUKYAKU,Source/Game/PLPATUNI.c,table,high,0.86,,1.0
06127334,Att_SENPUUKYAKU2,Source/Game/PLPATUNI.c,table,high,0.98,,1.0
061273D8,Att_ABISEGERI,Source/Game/PLPATUNI.c,table,high,0.93,,1.0
061274E6,Att_SHOURYUUREPPA,Source/Game/PLPATUNI.c,table,high,0.26,1.0,0.82
06127640,Att_SHINSHOURYUUKEN,Source/Game/PLPATUNI.c,table,high,0.87,,1.0
06127700,Att_KUUCHUUNICHIRINSHOU,Source/Game/PLPATUNI.c,table,high,1.0,,1.0
061277A8,Att_KUUCHUUJINNCHUUWATARI,Source/Game/PLPATUNI.c,table,high,0.99,,1.0
061279F0,Att_TENSHINSENKYUUTAI,Source/Game/PLPATUNI.c,table,medium,0.07,,0.64
06127BF4,Att_CHOUCHUURENGEKI,Source/Game/PLPATUNI.c,table,high,0.98,,1.0
06127C8E,Att_SLIDE_and_JUMP,Source/Game/PLPATUNI.c,table,high,0.2,,0.8
06127E60,Att_JINNCHUUWATARI,Source/Game/PLPATUNI.c,table,medium,0.0,,0.71
06127F2A,Att_HOMING_JUMP,Source/Game/PLPATUNI.c,table,medium,0.0,,0.62
06128176,Att_MOONSALT_KNEE_DROP,Source/Game/PLPAT00.c,table,high,1.0,,1.0
061282B4,Att_RESURRECTION,Source/Game/PLPAT00.c,table,high,0.98,,1.0
06128390,get_life_add_point,Source/Game/PLPAT00.c,calls,medium,0.25,,
061283AC,Att_PL00_TOKUSHUKOUDOU,Source/Game/PLPAT00.c,table,high,0.86,,1.0
061284AA,Att_JYOUKA,Source/Game/PLPAT00.c,table,medium,0.04,0.0,0.63
06128634,VS_GILL_DS,Source/Game/Ck_Pass.c,table-align,medium,0.96,,
0612864A,Att_PL01_DDT,Source/Game/PLPAT01.c,table,high,0.98,,1.0
06128774,Att_PL01_TOKUSHUKOUDOU,Source/Game/PLPAT01.c,table,high,1.0,,1.0
0612885C,VS_ALEX_DS,Source/Game/Ck_Pass.c,table-align,medium,0.96,,
06128872,Att_DENJINHADOUKEN,Source/Game/PLPAT02.c,table,medium,0.28,,0.67
0612891C,Att_PL02_TOKUSHUKOUDOU,Source/Game/PLPAT02.c,table,high,0.55,,0.92
06128A0C,VS_RYU_DS,Source/Game/Ck_Pass.c,table-align,medium,0.15,,
06128A22,Att_PL03_TOKUSHUKOUDOU,Source/Game/PLPAT03.c,table,high,0.99,,1.0
06128B10,VS_YUN_DS,Source/Game/Ck_Pass.c,order-align,medium,0.96,,
06128B26,Att_PL04_TOKUSHUKOUDOU,Source/Game/PLPAT04.c,table,high,0.99,,1.0
06128BE4,VS_DUDLEY_DS,Source/Game/Ck_Pass.c,table-align,medium,0.96,,
06128BFA,Att_PL05_TOKUSHUKOUDOU,Source/Game/PLPAT05.c,table,high,0.98,,1.0
06128CBC,VS_NECRO_DS,Source/Game/Ck_Pass.c,table-align,medium,0.96,,
06128CD2,Att_PL06_HASHIRI_NAGE,Source/Game/PLPAT06.c,table,medium,0.05,,0.6
06128F0E,Att_PL06_TOKUSHUKOUDOU,Source/Game/PLPAT06.c,table,high,0.89,,1.0
06129018,VS_HUGO_DS,Source/Game/Ck_Pass.c,table-align,medium,0.96,,
06129188,Att_PL07_SA2,Source/Game/PLPAT07.c,table,high,0.98,,1.0
06129368,Att_PL07_AT1,Source/Game/PLPAT07.c,table,high,0.99,,1.0
06129484,Att_PL07_AT2,Source/Game/PLPAT07.c,table,high,0.98,,1.0
06129534,Att_PL07_AT3,Source/Game/PLPAT07.c,table,high,0.84,,1.0
061295C6,Att_PL07_SA3,Source/Game/PLPAT07.c,table,high,1.0,,1.0
06129658,Att_PL07_TOKUSHUKOUDOU,Source/Game/PLPAT07.c,table,high,0.94,,1.0
061297DC,VS_IBUKI_DS,Source/Game/Ck_Pass.c,table-align,medium,0.96,,
061297F2,Att_PL08_HEALING,Source/Game/PLPAT08.c,table,high,0.53,1.0,0.86
06129900,Att_PL08_TOKUSHUKOUDOU,Source/Game/PLPAT08.c,table,high,0.99,,1.0
061299BC,VS_ELENA_DS,Source/Game/Ck_Pass.c,table-align,medium,0.15,,
061299D2,Att_SP_YAGYOUDAMA,Source/Game/PLPAT09.c,table,high,0.98,,1.0
06129B00,set_tenguiwa,Source/Game/PLPAT09.c,order,high,0.34,,0.86
06129CF6,Att_PL09_TOKUSHUKOUDOU,Source/Game/PLPAT09.c,table,high,0.58,,0.92
06129E0E,Att_JINNCHUUWATARI_EX,Source/Game/PLPAT09.c,table,high,0.62,,0.93
06129F04,mvxy_table_reader,Source/Game/PLPAT09.c,order,high,1.0,,1.0
0612A120,Att_PL09_EX_TENGUIWA,Source/Game/PLPAT09.c,table,high,0.99,,1.0
0612A1A0,Att_PL09_EX_KISHINRIKI,Source/Game/PLPAT09.c,table,high,0.97,,1.0
0612A278,VS_ORO_DS,Source/Game/Ck_Pass.c,table-align,medium,0.96,,
0612A28E,Att_PL10_TOKUSHUKOUDOU,Source/Game/plpat10.c,table,high,1.0,,1.0
0612A4B4,Att_PL10_MACH_SLIDE2,Source/Game/plpat10.c,table,high,0.87,,1.0
0612A656,Att_PL11_TOKUSHUKOUDOU,Source/Game/PLPAT11.c,table,high,0.98,,1.0
0612A718,VS_KEN_DS,Source/Game/Ck_Pass.c,table-align,medium,0.96,,
0612A72E,Att_PL12_TOKUSHUKOUDOU,Source/Game/PLPAT12.c,table,high,0.47,,0.91
0612A8B0,Att_PL12_BONUS_STAGE,Source/Game/PLPAT12.c,table,high,0.72,,1.0
0612A994,VS_SEAN_DS,Source/Game/Ck_Pass.c,table-align,medium,0.96,,
0612A9AA,Att_MOONSALT_KNEE_DROP2,Source/Game/PLPAT13.c,table,high,1.0,,1.0
0612ABC4,VS_URIEN_DS,Source/Game/Ck_Pass.c,order-align,medium,0.75,,
0612ABE0,Att_PL13_TOKUSHUKOUDOU,Source/Game/PLPAT13.c,table,high,0.77,,1.0
0612ACD0,VS_GOUKI_DS,Source/Game/Ck_Pass.c,order-align,medium,0.96,,
0612ACE6,Att_PL14_AT1,Source/Game/plpat14.c,table,high,0.46,,0.92
0612AE9A,Att_PL14_AT2,Source/Game/plpat14.c,table,high,0.91,,1.0
0612AF8A,Att_PL14_AT3,Source/Game/plpat14.c,table,medium,0.13,,0.74
0612B238,Att_PL14_TOKUSHUKOUDOU,Source/Game/plpat14.c,table,high,0.88,,1.0
0612B324,VS_CHUN_LI_DS,Source/Game/Ck_Pass.c,table-align,medium,0.96,,
0612B33A,Att_PL16_TOKUSHUKOUDOU,Source/Game/plpat16.c,table,high,0.61,,0.92
0612B45C,VS_MAKOTO_DS,Source/Game/Ck_Pass.c,table-align,medium,0.96,,
0612B472,Att_PL17_AT1,Source/Game/plpat17.c,table,medium,0.08,,0.7
0612B79E,set_kabe_move_spd,Source/Game/plpat17.c,calls,high,1.0,,1.0
0612B802,kabe_check,Source/Game/plpat17.c,calls,high,0.98,,1.0
0612B86A,Att_PL17_AT2,Source/Game/plpat17.c,table,high,0.83,,1.0
0612B8E4,Att_PL17_TOKUSHUKOUDOU,Source/Game/plpat17.c,table,high,0.57,,0.92
0612BA18,VS_Q_DS,Source/Game/Ck_Pass.c,table-align,medium,0.96,,
0612BA2E,Att_PL18_NINGENBAKUDAN,Source/Game/plpat18.c,table,high,0.95,,1.0
0612BB94,Att_PL18_TOKUSHUKOUDOU,Source/Game/plpat18.c,table,high,0.55,,0.92
0612BC9C,VS_NO12_DS,Source/Game/Ck_Pass.c,table-align,medium,0.07,,
0612BCB2,Att_METAMORPHOSE,Source/Game/plpat19.c,table,high,1.0,,1.0
0612BD5C,Att_SA__D_R_A,Source/Game/plpat19.c,table,high,0.11,1.0,0.7
0612BF9C,Att_EX__D_R_A,Source/Game/plpat19.c,table,high,0.24,,0.8
0612C168,Att_KUUCHUUHISSATU,Source/Game/plpat19.c,table,high,0.29,,0.82
0612C2C4,Att_AIRDASH,Source/Game/plpat19.c,table,medium,0.16,,0.77
0612C544,kabe_check3,Source/Game/plpat19.c,order,high,0.99,,1.0
0612C580,Att_pl19_TOKUSHUKOUDOU,Source/Game/plpat19.c,table,high,0.41,,0.88
0612C662,Att_AIR_A_X_E,Source/Game/plpat19.c,table,high,1.0,,1.0
0612C76C,get_lever_dir,Source/Game/plpat19.c,calls,medium,0.52,,
0612C7AC,VS_REMY_DS,Source/Game/Ck_Pass.c,table-align,medium,0.96,,
0612C7C2,Att_PL20_AT1,Source/Game/plpat20.c,table,high,0.32,,0.87
0612C926,Att_PL20_AT2,Source/Game/plpat20.c,table,high,0.34,,0.88
0612CA7E,Att_PL20_AT3,Source/Game/plpat20.c,table,high,0.23,,0.82
0612CBE2,Att_PL20_TOKUSHUKOUDOU,Source/Game/plpat20.c,table,high,0.85,,1.0
0612D428,decord_if_jump,Source/Game/CHARSET.c,calls,medium,1.0,0.0,
0612DD48,Family_Set_W,Source/Game/bg.c,calls,medium,0.76,,
0612E0A8,Bg_On_W,Source/Game/bg.c,calls,medium,0.08,,
0612E118,Bg_Off_W,Source/Game/bg.c,calls,medium,0.15,,
0612E340,Check_LDREQ_Break,Source/Game/GD3rd.c,calls,medium,0.4,,
0612E51C,Scrn_Move_Set,Source/Game/bg.c,calls,medium,1.0,,
061376C6,Setup_Guard_Lever,Source/Game/Com_Sub.c,calls,medium,0.07,,
06137784,Next_Be_Free,Source/Game/Com_Pl.c,calls,medium,0.93,,
061394D0,SsRequest,Source/Game/Sound3rd.c,calls,medium,0.0,,
0613A2BC,SsBgmOff,Source/Game/Sound3rd.c,order-align,medium,0.79,,
0613A300,SsBgmFadeOut,Source/Game/Sound3rd.c,calls,medium,0.33,,
