arcade_addr,name,grade,status,detail
06016E9C,Passive00_0001,exact,identical,
06016EC4,Passive00_0002,events,identical,
06016F2E,Passive00_0003,exact,identical,
06016F84,Passive00_0004,events,identical,
06016FC6,Passive00_0005,exact,identical,
06016FE4,Passive00_0006,exact,identical,
06017028,Passive00_0007,events,identical,
0601705A,Passive00_0008,events,identical,
060170CA,Passive00_0009,events,identical,
06017118,Passive00_0010,exact,identical,
0601714A,Passive00_0011,events,identical,
0601717C,Passive00_0012,exact,identical,
060171C6,Passive00_0013,exact,remap-only,case 3: Normal_Attack arg2 0x200 -> 0x100
06017246,Passive00_0014,exact,remap-only,case 0: Normal_Attack arg2 0x200 -> 0x100
06017266,Passive00_0015,exact,identical,
06017286,Passive00_0016,exact,remap-only,case 3: Normal_Attack arg2 0x202 -> 0x102
060172CA,Passive00_0017,events,identical,
06017348,Passive00_0018,exact,identical,
0601738C,Passive00_0019,exact,identical,
060173AC,Passive00_0020,exact,identical,
060173CC,Passive00_0021,events,identical,
0601741E,Passive00_0022,exact,remap-only,case 4: Normal_Attack arg2 0x400 -> 0x200
060174BE,Passive00_0023,events,remap-only,case 3: Normal_Attack arg2 0x200 -> 0x100
0601752A,Passive00_0024,exact,remap-only,case 1: Normal_Attack arg2 0x400 -> 0x200
06017556,Passive00_0025,events,identical,
060175D4,Passive00_0026,exact,identical,
060175F4,Passive00_0027,exact,identical,
06017648,Passive00_0028,exact,remap-only,case 0: Normal_Attack arg2 0x220 -> 0x120
06017668,Passive00_0029,exact,identical,
060176C8,Passive00_0030,exact,identical,
0601770E,Passive00_0031,exact,identical,
06017730,Passive00_0032,exact,remap-only,case 0: Normal_Attack arg2 0x100 -> 0x80; case 1: Normal_Attack arg2 0x200 -> 0x100
0601775C,Passive00_0033,exact,remap-only,case 1: Lever_Attack arg3 0x110 -> 0x90
0601778A,Passive00_0034,exact,remap-only,case 0: Normal_Attack arg2 0x400 -> 0x200
060177D4,Passive00_0035,exact,remap-only,case 0: Normal_Attack arg2 0x102 -> 0x82; case 1: Normal_Attack arg2 0x202 -> 0x102; case 2: Normal_Attack arg2 0x402 -> 0x202
0601781A,Passive00_0036,events,remap-only,case 1: Normal_Attack arg2 0x102 -> 0x82; case 2: Normal_Attack arg2 0x202 -> 0x102
06017894,Passive00_0037,exact,remap-only,case 2: Lever_Attack arg3 0x110 -> 0x90
0601790C,Passive00_0038,exact,remap-only,case 1: Normal_Attack arg2 0x110 -> 0x90
06017950,Passive00_0039,exact,identical,
060179C4,Passive00_0040,exact,identical,
06017A2A,Passive00_0041,exact,remap-only,case 1: Normal_Attack arg2 0x100 -> 0x80
06017A78,Passive00_0042,exact,identical,
06017AE8,Passive00_0043,exact,remap-only,case 2: Normal_Attack arg2 0x400 -> 0x200
06017B3C,Passive00_0044,events,identical,
06017B8A,Passive00_0045,events,identical,
06017C0E,Passive00_0046,exact,identical,
06017C2E,Passive00_0047,exact,remap-only,case 0: Normal_Attack arg2 0x102 -> 0x82; case 1: Normal_Attack arg2 0x402 -> 0x202
06017C58,Passive00_0048,exact,identical,
06017CA2,Passive00_0049,exact,identical,
06017CC2,Passive00_0050,exact,identical,
06017D12,Passive00_0051,exact,remap-only,case 0: Normal_Attack arg2 0x220 -> 0x120; case 2: Normal_Attack arg2 0x402 -> 0x202
06017D58,Passive00_0052,exact,remap-only,case 0: Normal_Attack arg2 0x202 -> 0x102
06017D78,Passive00_0053,events,identical,
06017DAA,Passive00_0054,exact,identical,
06017DF4,Passive00_0055,exact,identical,
06017E16,Passive00_0056,events,remap-only,case 0: Hi_Jump_Attack_Term arg4 0x100 -> 0x80
06017E58,Passive00_0057,events,identical,
06017E9A,Passive00_0058,exact,identical,
06017EBA,Passive00_0059,exact,remap-only,case 1: Normal_Attack arg2 0x200 -> 0x100
06017F10,Passive00_0060,exact,identical,
06017F2E,Passive00_0061,events,identical,
06017F70,Passive00_0062,high,different,cases 3 -> 2
06017F90,Passive00_0063,events,identical,
06017FC2,Passive00_0064,exact,identical,
06017FE4,Passive00_0065,exact,remap-only,case 1: Lever_Attack arg3 0x110 -> 0x90
06018038,Passive00_0066,events,identical,
0601807A,Passive00_0067,events,identical,
060180AC,Passive00_0068,exact,identical,
060180EA,Passive00_0069,events,identical,
06018162,Passive00_0070,exact,remap-only,case 1: Lever_Attack arg3 0x110 -> 0x90
06018190,Passive00_0071,exact,remap-only,case 1: Normal_Attack arg2 0x220 -> 0x120; case 3: Normal_Attack arg2 0x402 -> 0x202
060181E6,Passive00_0072,events,remap-only,case 2: Normal_Attack arg2 0x400 -> 0x200
06018258,Passive00_0073,exact,remap-only,case 0: Hi_Jump_Attack_Term arg4 0x400 -> 0x200
060182B2,Passive00_0074,exact,remap-only,case 2: Normal_Attack arg2 0x400 -> 0x200
060182F8,Passive00_0075,events,identical,
06018360,Passive00_0076,events,remap-only,case 1: Jump_Attack_Term arg4 0x400 -> 0x200
060183E4,Passive00_0077,exact,remap-only,case 0: Jump_Attack_Term arg8 0x200 -> 0x100; case 1: Normal_Attack arg2 0x400 -> 0x200
0601845C,Passive00_0078,exact,remap-only,case 0: Jump_Attack_Term arg4 0x400 -> 0x200; case 1: Normal_Attack arg2 0x100 -> 0x80; case 3: Normal_Attack arg2 0x400 -> 0x200
060184C8,Passive00_0079,events,identical,
0601851A,Passive00_0080,exact,remap-only,case 0: Hi_Jump_Attack_Term arg8 0x200 -> 0x100; case 1: Normal_Attack arg2 0x200 -> 0x100
06018592,Passive00_0081,exact,remap-only,case 0: Hi_Jump_Attack_Term arg4 0x400 -> 0x200; case 2: Normal_Attack arg2 0x200 -> 0x100
060185EC,Passive00_0082,events,remap-only,case 1: Normal_Attack arg2 0x200 -> 0x100
06018660,Passive00_0083,events,remap-only,case 0: Hi_Jump_Attack_Term arg4 0x400 -> 0x200
060186D4,Passive00_0084,events,remap-only,case 0: Hi_Jump_Attack_Term arg4 0x400 -> 0x200; case 0: Hi_Jump_Attack_Term arg8 0x200 -> 0x100
0601876C,Passive00_0085,events,identical,
060187AA,Passive00_0086,events,identical,
06018832,Passive00_0087,events,identical,
060188D2,Passive00_0088,events,remap-only,case 2: Jump_Attack_Term arg4 0x400 -> 0x200; case 2: Jump_Attack_Term arg8 0x200 -> 0x100
060189AC,Passive00_0089,events,identical,
060189DE,Passive00_0090,events,identical,
06018A10,Passive00_0091,events,identical,
06018A70,Passive00_0092,events,identical,
06018ABE,Passive00_0093,exact,remap-only,case 0: Normal_Attack arg2 0x102 -> 0x82; case 1: Normal_Attack arg2 0x102 -> 0x82
06018AE2,Passive00_0094,exact,identical,
06018B1C,Passive00_0095,exact,identical,
06018B90,Passive00_0096,exact,remap-only,case 1: Normal_Attack arg2 0x402 -> 0x202
06018BD4,Passive00_0097,exact,remap-only,case 2: Lever_Attack arg3 0x110 -> 0x90
06018C28,Passive00_0098,events,remap-only,case 2: Normal_Attack arg2 0x100 -> 0x80
06018CD4,Passive00_0099,events,identical,
06018D1E,Passive00_0100,events,identical,
06018D6C,Passive00_0101,exact,identical,
06018DD6,Passive00_0102,exact,identical,
06018E24,Passive00_0103,exact,identical,
06018E60,Passive00_0104,exact,identical,
06018E80,Passive00_0105,events,identical,
06018EDA,Passive00_0106,exact,identical,
06018F16,Passive00_0107,exact,identical,
06018F6C,Passive00_0108,exact,identical,
06018FBE,Passive00_0109,events,remap-only,case 3: Lever_Attack arg3 0x200 -> 0x100
0601902A,Passive00_0110,events,identical,
0601905C,Passive00_0111,exact,identical,
060190DE,Passive00_0112,events,identical,
06019148,Passive00_0113,events,identical,
060191CA,Passive00_0114,events,identical,
06019228,Passive00_0115,events,identical,
060192A8,Passive00_0116,exact,remap-only,case 0: Jump_Attack_Term arg4 0x400 -> 0x200; case 0: Jump_Attack_Term arg8 0x400 -> 0x200
06019312,Passive00_0117,exact,remap-only,case 0: Jump_Attack_Term arg4 0x200 -> 0x100
06019354,Passive00_0118,exact,identical,
06019396,Passive00_0119,exact,remap-only,case 0: Jump_Attack_Term arg4 0x400 -> 0x200; case 0: Jump_Attack_Term arg8 0x400 -> 0x200
060193D8,Passive00_0120,exact,remap-only,case 0: Jump_Attack_Term arg4 0x200 -> 0x100
0601942C,Passive00_0121,exact,identical,
0601946E,Passive00_0122,exact,identical,
060194B2,Passive00_0123,exact,identical,
06019516,Passive00_0124,exact,remap-only,case 4: Normal_Attack arg2 0x400 -> 0x200
06019596,Passive00_0125,exact,remap-only,case 2: Normal_Attack arg2 0x400 -> 0x200
060195D2,Passive00_0126,exact,identical,
060195F2,Passive00_0127,exact,identical,
0601962E,Passive00_0128,exact,identical,
06019696,Passive00_0129,exact,identical,
060196D4,Passive00_0130,events,identical,
06019746,Passive00_0131,exact,remap-only,case 1: Normal_Attack arg2 0x100 -> 0x80; case 2: Normal_Attack arg2 0x400 -> 0x200
060197A6,Passive00_0132,events,identical,
060197EE,Passive00_0133,exact,identical,
0601980C,Passive00_0134,exact,identical,
0601982C,Passive00_0135,exact,identical,
0601984A,Passive00_0136,exact,remap-only,case 0: Lever_Attack arg3 0x200 -> 0x100
0601986C,Passive00_0137,exact,identical,
060198B6,Passive00_0138,exact,identical,
060198E2,Passive00_0139,exact,identical,
0601990A,Passive00_0140,exact,identical,
0601994C,Passive00_0141,exact,remap-only,case 1: Normal_Attack arg2 0x200 -> 0x100
060199CC,Passive00_0142,events,remap-only,case 1: Normal_Attack arg2 0x202 -> 0x102
06019A34,Passive00_0143,exact,identical,
06019A52,Passive00_0144,exact,identical,
06019A96,Passive00_0145,exact,identical,
06019B04,Passive00_0146,exact,remap-only,case 1: Normal_Attack arg2 0x200 -> 0x100
06019B48,Passive00_0147,exact,identical,
06019B90,Passive00_0148,exact,remap-only,case 0: Jump_Attack_Term arg4 0x400 -> 0x200; case 0: Jump_Attack_Term arg8 0x400 -> 0x200
06019BF8,Passive00_0149,exact,remap-only,case 0: Normal_Attack arg2 0x402 -> 0x202
06019C18,Passive00_0150,exact,identical,
06019C5C,Passive00_0151,exact,remap-only,case 1: Normal_Attack arg2 0x400 -> 0x200
06019CA0,Passive00_0152,exact,remap-only,case 1: Normal_Attack arg2 0x400 -> 0x200
06019CCC,Passive00_0153,exact,identical,
06019D22,Passive00_0154,exact,identical,
06019D5C,Passive00_0155,events,identical,
06019D8E,Passive00_0156,events,identical,
06019DCC,Passive00_0157,events,identical,
06019E80,Passive01_0001,exact,identical,
06019EA8,Passive01_0002,events,identical,
06019F12,Passive01_0003,exact,identical,
06019F68,Passive01_0004,events,identical,
06019FAA,Passive01_0005,exact,identical,
06019FC8,Passive01_0006,exact,identical,
0601A00C,Passive01_0007,events,identical,
0601A06C,Passive01_0008,events,identical,
0601A0BE,Passive01_0009,events,identical,
0601A0F0,Passive01_0010,exact,identical,
0601A122,Passive01_0011,exact,identical,
0601A164,Passive01_0012,exact,remap-only,case 0: Normal_Attack arg2 0x400 -> 0x200
0601A1A6,Passive01_0013,events,identical,
0601A1E8,Passive01_0014,exact,identical,
0601A22A,Passive01_0015,exact,identical,
0601A24A,Passive01_0016,exact,identical,
0601A2DC,Passive01_0017,exact,remap-only,case 1: Normal_Attack arg2 0x102 -> 0x82; case 2: Normal_Attack arg2 0x102 -> 0x82; case 3: Normal_Attack arg2 0x200 -> 0x100
0601A32A,Passive01_0018,exact,identical,
0601A3C8,Passive01_0019,exact,identical,
0601A3E8,Passive01_0020,exact,identical,
0601A408,Passive01_0021,events,identical,
0601A448,Passive01_0022,exact,remap-only,case 1: Jump_Attack_Term arg4 0x100 -> 0x80; case 1: Jump_Attack_Term arg8 0x200 -> 0x100; case 4: Normal_Attack arg2 0x200 -> 0x100
0601A4E0,Passive01_0023,exact,remap-only,case 0: Jump_Attack_Term arg8 0x200 -> 0x100; case 2: Normal_Attack arg2 0x200 -> 0x100
0601A540,Passive01_0024,exact,remap-only,case 4: Normal_Attack arg2 0x200 -> 0x100
0601A5BC,Passive01_0025,exact,remap-only,case 6: Normal_Attack arg2 0x200 -> 0x100
0601A636,Passive01_0026,exact,identical,
0601A67A,Passive01_0027,events,remap-only,case 1: Normal_Attack arg2 0x402 -> 0x202
0601A6E4,Passive01_0028,exact,remap-only,case 0: Jump_Attack arg3 0x400 -> 0x200
0601A716,Passive01_0029,exact,identical,
0601A74E,Passive01_0030,exact,remap-only,case 1: Normal_Attack arg2 0x400 -> 0x200
0601A794,Passive01_0031,exact,identical,
0601A7DC,Passive01_0032,events,identical,
0601A824,Passive01_0033,exact,identical,
0601A85C,Passive01_0034,events,identical,
0601A89C,Passive01_0035,exact,remap-only,case 1: Normal_Attack arg2 0x102 -> 0x82; case 2: Normal_Attack arg2 0x200 -> 0x100
0601A8FC,Passive01_0036,events,identical,
0601A94A,Passive01_0037,exact,identical,
0601A99C,Passive01_0038,events,identical,
0601AA22,Passive01_0039,events,identical,
0601AA70,Passive01_0040,exact,remap-only,case 1: Normal_Attack arg2 0x100 -> 0x80; case 2: Normal_Attack arg2 0x100 -> 0x80; case 3: Normal_Attack arg2 0x200 -> 0x100
0601AAC8,Passive01_0041,exact,identical,
0601AB42,Passive01_0042,exact,identical,
0601AB74,Passive01_0043,events,identical,
0601ABC2,Passive01_0044,events,identical,
0601AC20,Passive01_0045,exact,identical,
0601AC68,Passive01_0046,exact,identical,
0601AC88,Passive01_0047,events,remap-only,case 0: Normal_Attack arg2 0x102 -> 0x82
0601ACF8,Passive01_0048,exact,remap-only,case 0: Normal_Attack arg2 0x102 -> 0x82; case 1: Normal_Attack arg2 0x402 -> 0x202
0601AD22,Passive01_0049,exact,identical,
0601AD66,Passive01_0050,exact,remap-only,case 1: Normal_Attack arg2 0x200 -> 0x100
0601ADAA,Passive01_0051,exact,remap-only,case 0: Normal_Attack arg2 0x220 -> 0x120; case 1: Normal_Attack arg2 0x102 -> 0x82
0601ADF8,Passive01_0052,exact,remap-only,case 0: Normal_Attack arg2 0x202 -> 0x102
0601AE18,Passive01_0053,events,identical,
0601AE4A,Passive01_0054,exact,identical,
0601AE7E,Passive01_0055,events,identical,
0601AEB0,Passive01_0056,exact,remap-only,case 0: Jump_Attack_Term arg4 0x200 -> 0x100
0601AF1C,Passive01_0057,exact,identical,
0601AF5E,Passive01_0058,exact,identical,
0601AF7E,Passive01_0059,events,identical,
0601AFB0,Passive01_0060,exact,identical,
0601AFCE,Passive01_0061,events,identical,
0601B048,Passive01_0062,exact,remap-only,case 2: Lever_Attack arg3 0x110 -> 0x90
0601B0B0,Passive01_0063,exact,identical,
0601B0EC,Passive01_0064,exact,remap-only,case 0: Normal_Attack arg2 0x400 -> 0x200
0601B10C,Passive01_0065,events,identical,
0601B19C,Passive01_0066,events,identical,
0601B1DC,Passive01_0067,exact,remap-only,case 1: Normal_Attack arg2 0x402 -> 0x202
0601B208,Passive01_0068,exact,remap-only,case 0: Jump_Attack_Term arg4 0x200 -> 0x100; case 0: Jump_Attack_Term arg8 0x400 -> 0x200
0601B24A,Passive01_0069,exact,identical,
0601B2A8,Passive01_0070,exact,identical,
0601B2D6,Passive01_0071,exact,identical,
0601B31C,Passive01_0072,events,identical,
0601B3A0,Passive01_0073,exact,identical,
0601B3F0,Passive01_0074,events,identical,
0601B446,Passive01_0075,events,identical,
0601B4DE,Passive01_0076,exact,identical,
0601B534,Passive01_0077,exact,remap-only,case 0: Jump_Attack_Term arg8 0x200 -> 0x100; case 1: Normal_Attack arg2 0x200 -> 0x100
0601B5B0,Passive01_0078,exact,remap-only,case 0: Jump_Attack_Term arg4 0x100 -> 0x80; case 2: Normal_Attack arg2 0x200 -> 0x100
0601B60A,Passive01_0079,exact,remap-only,case 1: Normal_Attack arg2 0x200 -> 0x100
0601B65C,Passive01_0080,exact,remap-only,case 0: Hi_Jump_Attack_Term arg4 0x200 -> 0x100; case 0: Hi_Jump_Attack_Term arg8 0x400 -> 0x200; case 1: Normal_Attack arg2 0x200 -> 0x100
0601B6D4,Passive01_0081,exact,remap-only,case 0: Hi_Jump_Attack_Term arg4 0x100 -> 0x80; case 0: Hi_Jump_Attack_Term arg8 0x400 -> 0x200; case 2: Normal_Attack arg2 0x200 -> 0x100
0601B72C,Passive01_0082,exact,remap-only,case 1: Normal_Attack arg2 0x200 -> 0x100
0601B77C,Passive01_0083,exact,remap-only,case 0: Hi_Jump_Attack_Term arg4 0x200 -> 0x100; case 1: Normal_Attack arg2 0x100 -> 0x80; case 2: Normal_Attack arg2 0x100 -> 0x80; case 3: Normal_Attack arg2 0x200 -> 0x100
0601B7FE,Passive01_0084,exact,remap-only,case 1: Normal_Attack arg2 0x102 -> 0x82; case 2: Normal_Attack arg2 0x102 -> 0x82; case 3: Normal_Attack arg2 0x200 -> 0x100
0601B852,Passive01_0085,exact,identical,
0601B896,Passive01_0086,events,identical,
0601B932,Passive01_0087,events,identical,
0601B9B0,Passive01_0088,exact,identical,
0601BA16,Passive01_0089,events,identical,
0601BA48,Passive01_0090,events,identical,
0601BA7A,Passive01_0091,events,identical,
0601BAAC,Passive01_0092,exact,identical,
0601BB32,Passive01_0093,exact,remap-only,case 0: Normal_Attack arg2 0x102 -> 0x82
0601BB5C,Passive01_0094,exact,identical,
0601BB7E,Passive01_0095,exact,identical,
0601BBEC,Passive01_0096,exact,remap-only,case 2: Normal_Attack arg2 0x402 -> 0x202
0601BC40,Passive01_0097,exact,identical,
0601BCA0,Passive01_0098,events,identical,
0601BD42,Passive01_0099,exact,remap-only,case 0: Hi_Jump_Attack_Term arg4 0x200 -> 0x100; case 0: Hi_Jump_Attack_Term arg8 0x200 -> 0x100; case 1: Normal_Attack arg2 0x100 -> 0x80
0601BDA2,Passive01_0100,events,identical,
0601BE40,Passive01_0101,exact,remap-only,case 0: Normal_Attack arg2 0x100 -> 0x80
0601BE98,Passive01_0102,exact,identical,
0601BEDE,Passive01_0103,exact,identical,
0601BEFE,Passive01_0104,events,identical,
0601BF58,Passive01_0105,events,identical,
0601BF8A,Passive01_0106,events,identical,
0601BFBC,Passive01_0107,exact,identical,
0601BFF8,Passive01_0108,exact,identical,
0601C018,Passive01_0109,events,identical,
0601C072,Passive01_0110,exact,identical,
0601C0AE,Passive01_0111,exact,identical,
0601C110,Passive01_0112,exact,identical,
0601C132,Passive01_0113,exact,identical,
0601C1B2,Passive01_0114,events,identical,
0601C200,Passive01_0115,exact,remap-only,case 0: Hi_Jump_Attack_Term arg4 0x200 -> 0x100
0601C242,Passive01_0116,exact,remap-only,case 0: Jump_Attack_Term arg4 0x400 -> 0x200
0601C284,Passive01_0117,exact,remap-only,case 0: Jump_Attack arg3 0x100 -> 0x80
0601C2DE,Passive01_0118,exact,remap-only,case 0: Normal_Attack arg2 0x200 -> 0x100
0601C2FE,Passive01_0119,exact,identical,
0601C370,Passive01_0120,exact,remap-only,case 0: Jump_Attack_Term arg4 0x400 -> 0x200; case 0: Jump_Attack_Term arg8 0x400 -> 0x200
0601C3E0,Passive01_0121,exact,identical,
0601C422,Passive01_0122,exact,identical,
0601C464,Passive01_0123,exact,remap-only,case 0: Jump_Attack_Term arg4 0x400 -> 0x200; case 0: Jump_Attack_Term arg8 0x400 -> 0x200
0601C4A6,Passive01_0124,exact,identical,
0601C4E8,Passive01_0125,exact,identical,
0601C53A,Passive01_0126,exact,identical,
0601C57E,Passive01_0127,exact,identical,
0601C59E,Passive01_0128,exact,remap-only,case 1: J_Command_Attack arg4 0x700 -> 0x380
0601C5DE,Passive01_0129,events,identical,
0601C634,Passive01_0130,medium,identical,
0601C666,Passive01_0131,events,identical,
0601C698,Passive01_0132,exact,identical,
0601C6CE,Passive01_0133,exact,remap-only,case 1: Command_Attack arg4 0x700 -> 0x380
0601C70E,Passive01_0134,exact,identical,
0601C760,Passive01_0135,exact,remap-only,case 1: J_Command_Attack arg4 0x700 -> 0x380
0601C7A0,Passive01_0136,exact,remap-only,case 1: J_Command_Attack arg4 0x700 -> 0x380
0601C7E0,Passive01_0137,exact,identical,
0601C82C,Passive01_0138,exact,remap-only,case 1: J_Command_Attack arg4 0x700 -> 0x380
0601C88A,Passive01_0139,exact,identical,
0601C8BC,Passive01_0140,exact,identical,
0601C8DA,Passive01_0141,exact,identical,
0601C91E,Passive01_0142,exact,identical,
0601C93C,Passive01_0143,exact,identical,
0601C9AC,Passive01_0144,exact,identical,
0601CA0A,Passive01_0145,exact,identical,
0601CA88,Passive01_0146,events,identical,
0601CAF6,Passive01_0147,exact,remap-only,case 1: J_Command_Attack arg4 0x700 -> 0x380
0601CB36,Passive01_0148,exact,identical,
0601CB5E,Passive01_0149,exact,remap-only,case 0: Jump_Attack_Term arg4 0x200 -> 0x100; case 0: Jump_Attack_Term arg8 0x200 -> 0x100
0601CBCA,Passive01_0150,exact,remap-only,case 1: Normal_Attack arg2 0x200 -> 0x100
0601CC1C,Passive01_0151,exact,remap-only,case 0: Normal_Attack arg2 0x102 -> 0x82; case 1: Normal_Attack arg2 0x102 -> 0x82
0601CC40,Passive01_0152,exact,remap-only,case 1: Normal_Attack arg2 0x102 -> 0x82; case 2: Normal_Attack arg2 0x102 -> 0x82
0601CCA8,Passive01_0153,exact,remap-only,case 1: Normal_Attack arg2 0x402 -> 0x202
0601CCEC,Passive01_0154,exact,identical,
0601CD34,Passive01_0155,exact,identical,
0601CD76,Passive01_0156,exact,remap-only,case 2: J_Command_Attack arg4 0x700 -> 0x380
0601CDE0,Passive01_0157,exact,remap-only,case 0: Lever_Attack arg3 0x110 -> 0x90
0601CE02,Passive01_0158,exact,remap-only,case 0: Lever_Attack arg3 0x110 -> 0x90
0601CE24,Passive01_0159,exact,remap-only,case 0: Normal_Attack arg2 0x110 -> 0x90
0601CE44,Passive01_0160,exact,identical,
0601CEEA,Passive01_0161,exact,identical,
0601CF3C,Passive01_0162,exact,identical,
0601CFA8,Passive01_0163,exact,identical,
0601CFCA,Passive01_0164,exact,identical,
0601D010,Passive01_0165,exact,identical,
0601D068,Passive01_0166,events,identical,
0601D09A,Passive01_0167,events,identical,
0601D0CC,Passive01_0168,events,identical,
0601D0FE,Passive01_0169,events,identical,
0601D168,Passive01_0170,events,identical,
0601D1B6,Passive01_0171,exact,remap-only,case 0: Normal_Attack arg2 0x402 -> 0x202
0601D1D6,Passive01_0172,events,remap-only,case 0: Normal_Attack arg2 0x202 -> 0x102
0601D216,Passive01_0173,events,remap-only,case 0: Hi_Jump_Attack_Term arg4 0x100 -> 0x80; case 0: Hi_Jump_Attack_Term arg8 0x400 -> 0x200
0601D2A0,Passive01_0174,exact,identical,
0601D2F2,Passive01_0175,events,identical,
0601D3CC,Passive02_0001,exact,identical,
0601D424,Passive02_0002,exact,identical,
0601D456,Passive02_0003,exact,identical,
0601D4A2,Passive02_0004,exact,identical,
0601D4C0,Passive02_0005,exact,remap-only,case 0: J_Command_Attack arg4 0x700 -> 0x380
0601D522,Passive02_0006,exact,identical,
0601D554,Passive02_0007,exact,identical,
0601D5A2,Passive02_0008,exact,identical,
0601D60C,Passive02_0009,exact,identical,
0601D670,Passive02_0010,exact,identical,
0601D6B6,Passive02_0011,exact,remap-only,case 0: Jump_Attack_Term arg4 0x200 -> 0x100
0601D728,Passive02_0012,exact,identical,
0601D754,Passive02_0013,exact,identical,
0601D796,Passive02_0014,exact,identical,
0601D7B4,Passive02_0015,exact,identical,
0601D7EC,Passive02_0016,exact,remap-only,case 2: Lever_Attack arg3 0x110 -> 0x90
0601D850,Passive02_0017,exact,remap-only,case 2: Normal_Attack arg2 0x202 -> 0x102
0601D888,Passive02_0018,exact,identical,
0601D8EA,Passive02_0019,exact,identical,
0601D90A,Passive02_0020,exact,identical,
0601D950,Passive02_0021,exact,identical,
0601D99E,Passive02_0022,exact,remap-only,case 1: Jump_Attack_Term arg4 0x400 -> 0x200; case 1: Jump_Attack_Term arg8 0x400 -> 0x200
0601D9F0,Passive02_0023,exact,identical,
0601DA6C,Passive02_0024,exact,identical,
0601DABA,Passive02_0025,exact,identical,
0601DB18,Passive02_0026,exact,identical,
0601DB78,Passive02_0027,exact,remap-only,case 0: Normal_Attack arg2 0x202 -> 0x102
0601DBB8,Passive02_0028,exact,remap-only,case 0: Normal_Attack arg2 0x402 -> 0x202
0601DBD8,Passive02_0029,exact,identical,
0601DC10,Passive02_0030,exact,remap-only,case 0: Normal_Attack arg2 0x400 -> 0x200
0601DC30,Passive02_0031,exact,identical,
0601DC52,Passive02_0032,exact,remap-only,case 0: Lever_Attack arg3 0x110 -> 0x90
0601DC90,Passive02_0033,exact,remap-only,case 0: Lever_Attack arg3 0x110 -> 0x90
0601DCB2,Passive02_0034,exact,identical,
0601DCD2,Passive02_0035,exact,remap-only,case 0: Normal_Attack arg2 0x102 -> 0x82
0601DCF2,Passive02_0036,exact,identical,
0601DD10,Passive02_0037,exact,remap-only,case 1: Lever_Attack arg3 0x110 -> 0x90
0601DD7C,Passive02_0038,exact,remap-only,case 1: Lever_Attack arg3 0x110 -> 0x90
0601DDC2,Passive02_0039,exact,identical,
0601DE10,Passive02_0040,exact,remap-only,case 2: Normal_Attack arg2 0x400 -> 0x200
0601DE8C,Passive02_0041,exact,identical,
0601DEE6,Passive02_0042,exact,identical,
0601DF0E,Passive02_0043,exact,identical,
0601DF68,Passive02_0044,exact,remap-only,case 2: Lever_Attack arg3 0x110 -> 0x90
0601DFE8,Passive02_0045,exact,identical,
0601E014,Passive02_0046,exact,identical,
0601E034,Passive02_0047,exact,remap-only,case 0: Normal_Attack arg2 0x102 -> 0x82
0601E074,Passive02_0048,exact,remap-only,case 0: Normal_Attack arg2 0x102 -> 0x82; case 1: Normal_Attack arg2 0x402 -> 0x202
0601E09E,Passive02_0049,exact,identical,
0601E108,Passive02_0050,exact,remap-only,case 1: Normal_Attack arg2 0x200 -> 0x100
0601E14C,Passive02_0051,exact,identical,
0601E170,Passive02_0052,exact,remap-only,case 0: Normal_Attack arg2 0x202 -> 0x102
0601E190,Passive02_0053,exact,identical,
0601E1C2,Passive02_0054,exact,identical,
0601E216,Passive02_0055,exact,identical,
0601E248,Passive02_0056,exact,remap-only,case 0: Jump_Attack_Term arg4 0x400 -> 0x200; case 0: Jump_Attack_Term arg8 0x400 -> 0x200
0601E28A,Passive02_0057,exact,remap-only,case 0: Jump_Attack_Term arg4 0x100 -> 0x80
0601E2CE,Passive02_0058,exact,identical,
0601E318,Passive02_0059,exact,identical,
0601E364,Passive02_0060,exact,identical,
0601E382,Passive02_0061,exact,identical,
0601E3A2,Passive02_0062,exact,remap-only,case 0: Normal_Attack arg2 0x200 -> 0x100
0601E3E2,Passive02_0063,exact,identical,
0601E450,Passive02_0064,exact,identical,
0601E4BE,Passive02_0065,exact,remap-only,case 1: Normal_Attack arg2 0x200 -> 0x100
0601E534,Passive02_0066,exact,identical,
0601E58A,Passive02_0067,exact,identical,
0601E5AA,Passive02_0068,exact,identical,
0601E5D4,Passive02_0069,exact,identical,
0601E63C,Passive02_0070,exact,remap-only,case 6: Normal_Attack arg2 0x202 -> 0x102
0601E6BE,Passive02_0071,exact,identical,
0601E782,Passive02_0072,exact,identical,
0601E7CA,Passive02_0073,exact,remap-only,case 2: Normal_Attack arg2 0x202 -> 0x102
0601E864,Passive02_0074,exact,identical,
0601E8C2,Passive02_0075,exact,identical,
0601E91C,Passive02_0076,exact,identical,
0601E962,Passive02_0077,exact,remap-only,case 1: Normal_Attack arg2 0x402 -> 0x202
0601E9BA,Passive02_0078,exact,remap-only,case 4: Command_Attack arg4 0x700 -> 0x380
0601EA78,Passive02_0079,exact,identical,
0601EAD4,Passive02_0080,exact,remap-only,case 0: Jump_Attack_Term arg4 0x400 -> 0x200; case 0: Jump_Attack_Term arg8 0x200 -> 0x100
0601EB5E,Passive02_0081,exact,remap-only,case 0: Jump_Attack_Term arg8 0x400 -> 0x200
0601EC26,Passive02_0082,exact,remap-only,case 2: Normal_Attack arg2 0x202 -> 0x102
0601ECB8,Passive02_0083,exact,identical,
0601ED10,Passive02_0084,exact,remap-only,case 0: Jump_Attack_Term arg4 0x100 -> 0x80
0601ED52,Passive02_0085,exact,remap-only,case 0: Normal_Attack arg2 0x220 -> 0x120; case 1: Normal_Attack arg2 0x102 -> 0x82; case 2: Normal_Attack arg2 0x202 -> 0x102
0601EDAE,Passive02_0086,exact,identical,
0601EDDA,Passive02_0087,exact,remap-only,case 0: Jump_Command_Attack_Term arg4 0x700 -> 0x380; case 0: Jump_Command_Attack_Term arg8 0x700 -> 0x380
0601EE54,Passive02_0088,exact,remap-only,case 0: Jump_Attack_Term arg4 0x200 -> 0x100; case 0: Jump_Attack_Term arg8 0x200 -> 0x100; case 2: Normal_Attack arg2 0x102 -> 0x82; case 3: Normal_Attack arg2 0x202 -> 0x102
0601EEF2,Passive02_0089,exact,identical,
0601EF7A,Passive02_0090,exact,identical,
0601EFAC,Passive02_0091,exact,identical,
0601F01C,Passive02_0092,exact,identical,
0601F070,Passive02_0093,exact,remap-only,case 0: Jump_Attack_Term arg8 0x400 -> 0x200; case 1: Normal_Attack arg2 0x202 -> 0x102
0601F10C,Passive02_0094,exact,identical,
0601F13E,Passive02_0095,exact,identical,
0601F170,Passive02_0096,exact,identical,
0601F1A2,Passive02_0097,exact,identical,
0601F1FC,Passive02_0098,exact,identical,
0601F22E,Passive02_0099,exact,identical,
0601F260,Passive02_0100,exact,remap-only,case 1: Normal_Attack arg2 0x400 -> 0x200
0601F2A4,Passive02_0101,exact,identical,
0601F310,Passive02_0102,exact,remap-only,case 1: Jump_Attack_Term arg4 0x200 -> 0x100
0601F370,Passive02_0103,exact,identical,
0601F3BE,Passive02_0104,exact,identical,
0601F430,Passive02_0105,exact,identical,
0601F494,Passive02_0106,exact,identical,
0601F4FE,Passive02_0107,exact,identical,
0601F538,Passive02_0108,exact,identical,
0601F572,Passive02_0109,exact,identical,
0601F5C8,Passive02_0110,exact,identical,
0601F5F4,Passive02_0111,exact,remap-only,case 1: Normal_Attack arg2 0x400 -> 0x200
0601F66E,Passive02_0112,exact,identical,
0601F6BA,Passive02_0113,exact,identical,
0601F702,Passive02_0114,exact,identical,
0601F7B8,Passive02_0115,exact,identical,
0601F7D6,Passive02_0116,exact,remap-only,case 0: Jump_Attack_Term arg4 0x400 -> 0x200; case 0: Jump_Attack_Term arg8 0x200 -> 0x100; case 1: Normal_Attack arg2 0x402 -> 0x202
0601F828,Passive02_0117,exact,identical,
0601F8AA,Passive02_0118,exact,identical,
0601F8F8,Passive02_0119,exact,identical,
0601F946,Passive02_0120,exact,identical,
0601F994,Passive02_0121,exact,remap-only,case 0: Jump_Attack_Term arg4 0x400 -> 0x200
0601FA36,Passive02_0122,exact,identical,
0601FA7C,Passive02_0123,exact,remap-only,case 1: J_Command_Attack arg4 0x700 -> 0x380; case 2: Normal_Attack arg2 0x402 -> 0x202
0601FAC6,Passive02_0124,exact,identical,
0601FB1E,Passive02_0125,exact,identical,
0601FB68,Passive02_0126,exact,identical,
0601FB90,Passive02_0127,exact,remap-only,case 0: Jump_Attack_Term arg8 0x200 -> 0x100
0601FC2C,Passive02_0128,exact,remap-only,case 0: Normal_Attack arg2 0x402 -> 0x202
0601FC6C,Passive02_0129,exact,identical,
0601FC9E,Passive02_0130,exact,identical,
0601FCD0,Passive02_0131,exact,identical,
0601FD34,Passive02_0132,exact,remap-only,case 3: Normal_Attack arg2 0x402 -> 0x202
0601FE08,Passive03_0001,exact,identical,
0601FE30,Passive03_0002,events,identical,
0601FE9A,Passive03_0003,exact,identical,
0601FEF0,Passive03_0004,events,identical,
0601FF32,Passive03_0005,exact,identical,
0601FF50,Passive03_0006,exact,identical,
0601FF94,Passive03_0007,events,identical,
0601FFF4,Passive03_0008,events,identical,
06020046,Passive03_0009,events,identical,
06020094,Passive03_0010,exact,identical,
060200E4,Passive03_0011,exact,remap-only,case 0: Hi_Jump_Attack_Term arg4 0x8400 -> 0x8200; case 0: Hi_Jump_Attack_Term arg8 0x8400 -> 0x8200
06020126,Passive03_0012,exact,identical,
06020170,Passive03_0013,exact,identical,
0602024E,Passive03_0014,exact,remap-only,case 1: Normal_Attack arg2 0x200 -> 0x100
06020292,Passive03_0015,exact,identical,
060202B2,Passive03_0016,events,identical,
06020350,Passive03_0017,events,remap-only,case 4: Normal_Attack arg2 0x100 -> 0x80
060203EA,Passive03_0018,exact,remap-only,case 2: Normal_Attack arg2 0x102 -> 0x82; case 3: Normal_Attack arg2 0x202 -> 0x102; case 4: Normal_Attack arg2 0x402 -> 0x202
0602047A,Passive03_0019,exact,identical,
0602049A,Passive03_0020,exact,identical,
060204BA,Passive03_0021,events,identical,
060204FA,Passive03_0022,events,remap-only,case 1: Jump_Attack_Term arg4 0x100 -> 0x80
06020590,Passive03_0023,events,remap-only,case 1: Jump_Attack_Term arg4 0x8100 -> 0x8080
0602060A,Passive03_0024,exact,remap-only,case 4: Normal_Attack arg2 0x400 -> 0x200
06020684,Passive03_0025,events,identical,
060206EC,Passive03_0026,exact,identical,
06020730,Passive03_0027,events,identical,
06020790,Passive03_0028,exact,remap-only,case 0: Jump_Attack_Term arg4 0x8400 -> 0x8200; case 0: Jump_Attack_Term arg8 0x400 -> 0x200
060207D2,Passive03_0029,exact,identical,
0602080A,Passive03_0030,exact,remap-only,case 1: Normal_Attack arg2 0x400 -> 0x200
0602084E,Passive03_0031,exact,identical,
06020898,Passive03_0032,events,identical,
060208F8,Passive03_0033,exact,remap-only,case 0: Lever_Attack arg3 0x110 -> 0x90
0602091A,Passive03_0034,events,identical,
0602095A,Passive03_0035,exact,remap-only,case 0: Normal_Attack arg2 0x102 -> 0x82; case 1: Normal_Attack arg2 0x202 -> 0x102; case 2: Normal_Attack arg2 0x402 -> 0x202
060209BA,Passive03_0036,events,remap-only,case 0: Normal_Attack arg2 0x102 -> 0x82; case 1: Normal_Attack arg2 0x202 -> 0x102
06020A04,Passive03_0037,exact,remap-only,case 1: Lever_Attack arg3 0x110 -> 0x90
06020A4A,Passive03_0038,exact,remap-only,case 1: Normal_Attack arg2 0x110 -> 0x90
06020AB6,Passive03_0039,exact,identical,
06020AFC,Passive03_0040,exact,remap-only,case 1: Normal_Attack arg2 0x100 -> 0x80; case 2: Normal_Attack arg2 0x100 -> 0x80; case 3: Normal_Attack arg2 0x400 -> 0x200
06020B5E,Passive03_0041,exact,remap-only,case 1: Lever_Attack arg3 0x200 -> 0x100
06020BDE,Passive03_0042,exact,remap-only,case 0: Jump_Attack_Term arg4 0x8400 -> 0x8200; case 0: Jump_Attack_Term arg8 -0x7C00 -> -0x7E00
06020C20,Passive03_0043,events,identical,
06020C6E,Passive03_0044,events,identical,
06020CCC,Passive03_0045,exact,identical,
06020D1A,Passive03_0046,exact,identical,
06020D3A,Passive03_0047,exact,remap-only,case 0: Normal_Attack arg2 0x102 -> 0x82
06020DB6,Passive03_0048,exact,remap-only,case 0: Normal_Attack arg2 0x102 -> 0x82; case 1: Normal_Attack arg2 0x402 -> 0x202
06020DE0,Passive03_0049,exact,identical,
06020E00,Passive03_0050,exact,identical,
06020E28,Passive03_0051,exact,remap-only,case 0: Normal_Attack arg2 0x220 -> 0x120
06020E48,Passive03_0052,exact,remap-only,case 0: Normal_Attack arg2 0x202 -> 0x102
06020E84,Passive03_0053,exact,remap-only,case 0: Jump_Attack_Term arg4 0x8400 -> 0x8200; case 0: Jump_Attack_Term arg8 -0x7C00 -> -0x7E00
06020EC6,Passive03_0054,exact,remap-only,case 0: Hi_Jump_Attack_Term arg4 0x8400 -> 0x8200; case 0: Hi_Jump_Attack_Term arg8 0x8400 -> 0x8200
06020F08,Passive03_0055,events,identical,
06020F3A,Passive03_0056,exact,identical,
06020F7C,Passive03_0057,exact,identical,
06020FBE,Passive03_0058,exact,identical,
06020FDE,Passive03_0059,exact,identical,
0602100A,Passive03_0060,exact,identical,
06021028,Passive03_0061,exact,remap-only,case 1: Normal_Attack arg2 0x400 -> 0x200
0602109A,Passive03_0062,exact,remap-only,case 1: Lever_Attack arg3 0x110 -> 0x90
060210C8,Passive03_0063,events,identical,
06021108,Passive03_0064,exact,remap-only,case 0: Lever_Attack arg3 0x200 -> 0x100
0602112A,Passive03_0065,events,remap-only,case 1: Normal_Attack arg2 0x100 -> 0x80
06021198,Passive03_0066,exact,identical,
060211DE,Passive03_0067,events,identical,
06021210,Passive03_0068,exact,identical,
06021252,Passive03_0069,events,identical,
0602129C,Passive03_0070,events,identical,
060212EE,Passive03_0071,events,identical,
06021344,Passive03_0072,events,identical,
060213C0,Passive03_0073,events,remap-only,case 1: Hi_Jump_Attack_Term arg4 0x8400 -> 0x8200
0602142A,Passive03_0074,exact,identical,
060214CC,Passive03_0075,exact,identical,
06021568,Passive03_0076,exact,remap-only,case 2: Hi_Jump_Attack_Term arg4 0x8400 -> 0x8200
06021632,Passive03_0077,exact,remap-only,case 1: Normal_Attack arg2 0x400 -> 0x200
06021682,Passive03_0078,events,remap-only,case 0: Jump_Attack_Term arg4 0x8400 -> 0x8200
06021728,Passive03_0079,events,identical,
0602177C,Passive03_0080,exact,remap-only,case 1: Normal_Attack arg2 0x400 -> 0x200
060217CC,Passive03_0081,exact,remap-only,case 0: Hi_Jump_Attack_Term arg4 0x8200 -> 0x8100; case 2: Lever_Attack arg3 0x200 -> 0x100
06021850,Passive03_0082,events,remap-only,case 1: Normal_Attack arg2 0x400 -> 0x200
060218A4,Passive03_0083,events,identical,
0602194C,Passive03_0084,exact,remap-only,case 0: Hi_Jump_Attack_Term arg4 0x8400 -> 0x8200
060219D4,Passive03_0085,events,identical,
06021A12,Passive03_0086,exact,identical,
06021AA0,Passive03_0087,exact,identical,
06021B76,Passive03_0088,exact,identical,
06021C08,Passive03_0089,events,identical,
06021C3A,Passive03_0090,events,identical,
06021C6C,Passive03_0091,events,identical,
06021C9E,Passive03_0092,exact,identical,
06021CEC,Passive03_0093,exact,remap-only,case 0: Normal_Attack arg2 0x102 -> 0x82; case 1: Normal_Attack arg2 0x102 -> 0x82
06021D3A,Passive03_0094,exact,identical,
06021D70,Passive03_0095,exact,identical,
06021DB4,Passive03_0096,exact,remap-only,case 1: Normal_Attack arg2 0x402 -> 0x202
06021DF8,Passive03_0097,exact,remap-only,case 2: Lever_Attack arg3 0x110 -> 0x90
06021E72,Passive03_0098,events,identical,
06021EFE,Passive03_0099,exact,identical,
06021F88,Passive03_0100,events,identical,
06021FD8,Passive03_0101,exact,identical,
0602201C,Passive03_0102,events,remap-only,case 1: Normal_Attack arg2 0x200 -> 0x100
060220A0,Passive03_0103,exact,identical,
060220DC,Passive03_0104,exact,identical,
060220FC,Passive03_0105,events,identical,
0602217C,Passive03_0106,exact,identical,
060221B8,Passive03_0107,exact,identical,
06022206,Passive03_0108,exact,identical,
06022226,Passive03_0109,exact,identical,
06022298,Passive03_0110,exact,identical,
060222F4,Passive03_0111,exact,remap-only,case 1: Normal_Attack arg2 0x200 -> 0x100
06022338,Passive03_0112,events,remap-only,case 1: Normal_Attack arg2 0x200 -> 0x100
060223BA,Passive03_0113,events,identical,
06022408,Passive03_0114,exact,remap-only,case 0: Jump_Attack_Term arg4 0x400 -> 0x200; case 0: Jump_Attack_Term arg8 0x400 -> 0x200
0602244A,Passive03_0115,events,remap-only,case 0: Normal_Attack arg2 0x220 -> 0x120; case 1: Normal_Attack arg2 0x102 -> 0x82
06022494,Passive03_0116,exact,remap-only,case 0: Jump_Attack_Term arg4 0x400 -> 0x200; case 0: Jump_Attack_Term arg8 0x400 -> 0x200
060224FA,Passive03_0117,exact,remap-only,case 0: Jump_Attack_Term arg4 0x200 -> 0x100; case 0: Jump_Attack_Term arg8 0x200 -> 0x100
0602253C,Passive03_0118,exact,remap-only,case 0: Jump_Attack_Term arg4 0x200 -> 0x100; case 0: Jump_Attack_Term arg8 0x200 -> 0x100
0602257E,Passive03_0119,exact,remap-only,case 0: Normal_Attack arg2 0x400 -> 0x200
0602259E,Passive03_0120,exact,remap-only,case 0: Normal_Attack arg2 0x100 -> 0x80
060225BE,Passive03_0121,exact,identical,
0602260A,Passive03_0122,events,identical,
0602263C,Passive03_0123,events,identical,
0602266E,Passive03_0124,events,identical,
060226A0,Passive03_0125,exact,identical,
060226D2,Passive03_0126,exact,identical,
060226F0,Passive03_0127,exact,remap-only,case 1: Normal_Attack arg2 0x402 -> 0x202
06022732,Passive03_0128,exact,identical,
06022764,Passive03_0129,exact,remap-only,case 0: Command_Attack arg4 0x700 -> 0x380
06022796,Passive03_0130,exact,identical,
060227C0,Passive03_0131,exact,identical,
06022800,Passive03_0132,exact,identical,
0602285C,Passive03_0133,exact,remap-only,case 1: Command_Attack arg4 0x700 -> 0x380
0602289C,Passive03_0134,exact,identical,
060228BA,Passive03_0135,exact,identical,
0602293C,Passive04_0001,exact,identical,
0602299E,Passive04_0002,exact,identical,
060229D0,Passive04_0003,exact,identical,
06022A02,Passive04_0004,exact,identical,
06022A44,Passive04_0005,exact,identical,
06022A9A,Passive04_0006,exact,identical,
06022AFC,Passive04_0007,exact,identical,
06022B4A,Passive04_0008,exact,identical,
06022BBA,Passive04_0009,exact,identical,
06022C1E,Passive04_0010,exact,identical,
06022C64,Passive04_0011,exact,remap-only,case 0: Jump_Attack_Term arg4 0x200 -> 0x100
06022CC8,Passive04_0012,exact,identical,
06022D18,Passive04_0013,exact,identical,
06022D64,Passive04_0014,exact,identical,
06022DB4,Passive04_0015,exact,identical,
06022DEC,Passive04_0016,exact,remap-only,case 2: Lever_Attack arg3 0x200 -> 0x100
06022E26,Passive04_0017,exact,remap-only,case 2: Normal_Attack arg2 0x402 -> 0x202
06022E5E,Passive04_0018,exact,remap-only,case 2: Lever_Attack arg3 0x400 -> 0x200
06022EB4,Passive04_0019,exact,identical,
06022ED4,Passive04_0020,exact,identical,
06022EF4,Passive04_0021,exact,identical,
06022F42,Passive04_0022,exact,remap-only,case 1: Jump_Attack_Term arg4 0x400 -> 0x200; case 1: Jump_Attack_Term arg8 0x400 -> 0x200
06022FBC,Passive04_0023,exact,identical,
0602300E,Passive04_0024,exact,identical,
06023048,Passive04_0025,exact,identical,
060230E4,Passive04_0026,exact,identical,
06023128,Passive04_0027,exact,identical,
06023168,Passive04_0028,exact,remap-only,case 0: Normal_Attack arg2 0x202 -> 0x102
06023188,Passive04_0029,exact,identical,
060231C2,Passive04_0030,exact,remap-only,case 0: Normal_Attack arg2 0x402 -> 0x202
06023206,Passive04_0031,exact,identical,
06023228,Passive04_0032,exact,remap-only,case 1: Lever_Attack arg3 0x110 -> 0x90
06023256,Passive04_0033,exact,remap-only,case 1: Normal_Attack arg2 0x110 -> 0x90
06023282,Passive04_0034,exact,identical,
060232A2,Passive04_0035,exact,remap-only,case 0: Normal_Attack arg2 0x102 -> 0x82
060232C2,Passive04_0036,exact,identical,
06023308,Passive04_0037,exact,remap-only,case 2: Lever_Attack arg3 0x110 -> 0x90
0602335C,Passive04_0038,exact,remap-only,case 2: Normal_Attack arg2 0x110 -> 0x90
060233AE,Passive04_0039,exact,identical,
0602342E,Passive04_0040,exact,identical,
06023498,Passive04_0041,exact,identical,
06023506,Passive04_0042,exact,identical,
0602352E,Passive04_0043,exact,identical,
0602357C,Passive04_0044,exact,remap-only,case 2: Lever_Attack arg3 0x110 -> 0x90
06023600,Passive04_0045,exact,identical,
06023622,Passive04_0046,exact,identical,
06023642,Passive04_0047,exact,remap-only,case 0: Normal_Attack arg2 0x102 -> 0x82
06023682,Passive04_0048,exact,remap-only,case 0: Normal_Attack arg2 0x102 -> 0x82; case 1: Normal_Attack arg2 0x202 -> 0x102
060236AC,Passive04_0049,exact,identical,
060236F0,Passive04_0050,exact,identical,
06023710,Passive04_0051,exact,identical,
06023734,Passive04_0052,exact,remap-only,case 1: Normal_Attack arg2 0x202 -> 0x102
06023760,Passive04_0053,exact,remap-only,case 0: Lever_Attack arg3 0x400 -> 0x200
06023782,Passive04_0054,exact,identical,
060237A2,Passive04_0055,exact,remap-only,case 0: Normal_Attack arg2 0x200 -> 0x100
060237DC,Passive04_0056,exact,remap-only,case 0: Jump_Attack_Term arg4 0x400 -> 0x200; case 0: Jump_Attack_Term arg8 0x400 -> 0x200
0602381E,Passive04_0057,exact,remap-only,case 0: Jump_Attack_Term arg4 0x100 -> 0x80
06023862,Passive04_0058,exact,identical,
06023882,Passive04_0059,exact,identical,
060238B4,Passive04_0060,exact,identical,
060238FC,Passive04_0061,exact,identical,
0602391C,Passive04_0062,exact,identical,
0602395C,Passive04_0063,exact,identical,
060239B2,Passive04_0064,exact,identical,
06023A22,Passive04_0065,exact,remap-only,case 1: Normal_Attack arg2 0x200 -> 0x100
06023A4E,Passive04_0066,exact,identical,
06023A8E,Passive04_0067,exact,identical,
06023AAE,Passive04_0068,exact,identical,
06023B24,Passive04_0069,exact,identical,
06023B72,Passive04_0070,exact,remap-only,case 3: Normal_Attack arg2 0x202 -> 0x102
06023BCE,Passive04_0071,exact,identical,
06023C5C,Passive04_0072,exact,identical,
06023C9A,Passive04_0073,exact,identical,
06023CDA,Passive04_0074,exact,identical,
06023D52,Passive04_0075,exact,identical,
06023DAC,Passive04_0076,exact,remap-only,case 1: Lever_Attack arg3 0x400 -> 0x200
06023DF2,Passive04_0077,exact,remap-only,case 1: Normal_Attack arg2 0x402 -> 0x202
06023E48,Passive04_0078,exact,remap-only,case 1: Normal_Attack arg2 0x402 -> 0x202
06023E74,Passive04_0079,exact,identical,
06023EB4,Passive04_0080,exact,identical,
06023EF4,Passive04_0081,exact,identical,
06023F50,Passive04_0082,exact,remap-only,case 1: Lever_Attack arg3 0x200 -> 0x100
06023F92,Passive04_0083,exact,identical,
06023FE2,Passive04_0084,exact,identical,
06024058,Passive04_0085,exact,identical,
060240A8,Passive04_0086,exact,identical,
060240F8,Passive04_0087,exact,identical,
06024136,Passive04_0088,exact,identical,
0602417E,Passive04_0089,exact,identical,
060241CC,Passive04_0090,exact,identical,
060241FE,Passive04_0091,exact,identical,
06024230,Passive04_0092,exact,identical,
06024262,Passive04_0093,exact,identical,
060242AE,Passive04_0094,exact,identical,
06024302,Passive04_0095,exact,remap-only,case 1: Normal_Attack arg2 0x200 -> 0x100
06024348,Passive04_0096,exact,remap-only,case 1: Normal_Attack arg2 0x202 -> 0x102
060243C4,Passive04_0097,exact,remap-only,case 1: Normal_Attack arg2 0x202 -> 0x102
060243F0,Passive04_0098,exact,identical,
0602444A,Passive04_0099,exact,identical,
060244BC,Passive04_0100,exact,identical,
060244DA,Passive04_0101,exact,identical,
0602451A,Passive04_0102,exact,identical,
0602457A,Passive04_0103,exact,remap-only,case 2: Command_Attack arg4 0x700 -> 0x380
060245F6,Passive04_0104,exact,remap-only,case 1: Command_Attack arg4 0x700 -> 0x380
06024636,Passive04_0105,exact,identical,
06024676,Passive04_0106,exact,identical,
060246DC,Passive04_0107,exact,remap-only,case 2: Command_Attack arg4 0x700 -> 0x380
0602472A,Passive04_0108,exact,remap-only,case 2: Normal_Attack arg2 0x200 -> 0x100
0602477A,Passive04_0109,exact,identical,
060247D4,Passive04_0110,exact,identical,
06024830,Passive04_0111,exact,identical,
0602488C,Passive04_0112,exact,identical,
060248FE,Passive04_0113,exact,identical,
06024964,Passive04_0114,exact,identical,
060249B0,Passive04_0115,exact,identical,
060249FE,Passive04_0116,exact,identical,
06024A62,Passive04_0117,exact,identical,
06024A8A,Passive04_0118,exact,remap-only,case 0: Jump_Attack_Term arg4 0x400 -> 0x200; case 0: Jump_Attack_Term arg8 0x400 -> 0x200
06024ACC,Passive04_0119,exact,identical,
06024B58,Passive04_0120,exact,identical,
06024BB6,Passive04_0121,exact,identical,
06024BEE,Passive04_0122,exact,remap-only,case 0: Normal_Attack arg2 0x202 -> 0x102
06024C28,Passive04_0123,exact,identical,
06024C5A,Passive04_0124,exact,identical,
06024C8C,Passive04_0125,exact,identical,
06024CBE,Passive04_0126,exact,identical,
06024CF0,Passive04_0127,exact,identical,
06024D54,Passive04_0128,exact,identical,
06024D98,Passive04_0129,exact,identical,
06024DE6,Passive04_0130,exact,identical,
06024E2E,Passive04_0131,exact,remap-only,case 1: Normal_Attack arg2 0x102 -> 0x82; case 2: Normal_Attack arg2 0x102 -> 0x82
06024E92,Passive04_0132,exact,identical,
06024EDE,Passive04_0133,exact,identical,
06024F42,Passive04_0134,exact,identical,
06024FB2,Passive04_0135,exact,identical,
06024FFE,Passive04_0136,exact,identical,
0602501C,Passive04_0137,exact,identical,
0602504E,Passive04_0138,exact,remap-only,case 0: Command_Attack arg4 0x700 -> 0x380
060250A0,Passive04_0139,exact,remap-only,case 1: Hi_Jump_Attack_Term arg4 0x400 -> 0x200
060250F0,Passive04_0140,exact,remap-only,case 1: Hi_Jump_Attack_Term arg4 0x400 -> 0x200; case 2: Normal_Attack arg2 0x400 -> 0x200
0602514E,Passive04_0141,exact,remap-only,case 1: Hi_Jump_Attack_Term arg4 0x400 -> 0x200
06025250,Passive05_0001,exact,identical,
0602526E,Passive05_0002,events,identical,
060252A0,Passive05_0003,events,identical,
060252D2,Passive05_0004,exact,identical,
06025304,Passive05_0005,events,identical,
06025336,Passive05_0006,exact,identical,
0602535E,Passive05_0007,high,different,case 1: J_Command_Attack arg3 9 -> 8
060253E2,Passive05_0008,events,identical,
06025430,Passive05_0009,events,identical,
06025494,Passive05_0010,exact,identical,
060254F6,Passive05_0011,exact,identical,
0602553C,Passive05_0012,exact,remap-only,case 1: Lever_Attack arg3 0x400 -> 0x200
06025588,Passive05_0013,events,identical,
060255F4,Passive05_0014,exact,identical,
06025612,Passive05_0015,exact,identical,
06025632,Passive05_0016,exact,remap-only,case 2: Lever_Attack arg3 0x110 -> 0x90
0602566C,Passive05_0017,exact,remap-only,case 2: Normal_Attack arg2 0x202 -> 0x102
060256A4,Passive05_0018,events,identical,
06025714,Passive05_0019,exact,identical,
06025734,Passive05_0020,exact,identical,
06025754,Passive05_0021,events,identical,
060257A2,Passive05_0022,exact,remap-only,case 1: Jump_Attack_Term arg4 0x402 -> 0x202
06025814,Passive05_0023,exact,identical,
06025866,Passive05_0024,exact,remap-only,case 2: Lever_Attack arg3 0x400 -> 0x200
060258A0,Passive05_0025,events,identical,
0602591C,Passive05_0026,exact,identical,
06025960,Passive05_0027,events,remap-only,case 0: Normal_Attack arg2 0x202 -> 0x102
060259A0,Passive05_0028,events,identical,
060259EE,Passive05_0029,exact,identical,
06025A34,Passive05_0030,exact,remap-only,case 0: Normal_Attack arg2 0x400 -> 0x200
06025A54,Passive05_0031,exact,identical,
06025A76,Passive05_0032,exact,remap-only,case 0: Lever_Attack arg3 0x110 -> 0x90
06025A98,Passive05_0033,exact,remap-only,case 0: Lever_Attack arg3 0x110 -> 0x90
06025ABA,Passive05_0034,exact,identical,
06025ADA,Passive05_0035,exact,remap-only,case 0: Normal_Attack arg2 0x102 -> 0x82
06025AFA,Passive05_0036,exact,identical,
06025B3C,Passive05_0037,exact,remap-only,case 1: Lever_Attack arg3 0x110 -> 0x90
06025B82,Passive05_0038,exact,remap-only,case 1: Lever_Attack arg3 0x110 -> 0x90
06025BC8,Passive05_0039,exact,identical,
06025C0E,Passive05_0040,events,identical,
06025C76,Passive05_0041,events,identical,
06025CB6,Passive05_0042,exact,identical,
06025CDE,Passive05_0043,events,identical,
06025D50,Passive05_0044,exact,remap-only,case 2: Lever_Attack arg3 0x110 -> 0x90
06025DA4,Passive05_0045,exact,remap-only,case 0: Normal_Attack arg2 0x400 -> 0x200
06025DC4,Passive05_0046,exact,identical,
06025DE4,Passive05_0047,exact,remap-only,case 0: Normal_Attack arg2 0x102 -> 0x82
06025E24,Passive05_0048,exact,remap-only,case 0: Normal_Attack arg2 0x402 -> 0x202
06025E72,Passive05_0049,exact,identical,
06025E92,Passive05_0050,exact,remap-only,case 0: Normal_Attack arg2 0x200 -> 0x100
06025EB2,Passive05_0051,exact,identical,
06025ED6,Passive05_0052,exact,remap-only,case 0: Normal_Attack arg2 0x202 -> 0x102
06025EF6,Passive05_0053,events,identical,
06025F28,Passive05_0054,exact,identical,
06025F8E,Passive05_0055,events,identical,
06025FC0,Passive05_0056,exact,remap-only,case 1: Command_Attack arg4 0x700 -> 0x380
0602600C,Passive05_0057,exact,remap-only,case 0: Jump_Attack_Term arg4 0x402 -> 0x202
0602604E,Passive05_0058,exact,identical,
06026098,Passive05_0059,events,identical,
060260F2,Passive05_0060,exact,identical,
06026110,Passive05_0061,exact,identical,
06026130,Passive05_0062,exact,remap-only,case 0: Normal_Attack arg2 0x200 -> 0x100
06026190,Passive05_0063,exact,identical,
060261C2,Passive05_0064,exact,identical,
06026210,Passive05_0065,events,remap-only,case 1: Normal_Attack arg2 0x200 -> 0x100
0602625E,Passive05_0066,exact,identical,
060262BA,Passive05_0067,exact,identical,
060262DA,Passive05_0068,exact,identical,
060262FA,Passive05_0069,exact,identical,
06026348,Passive05_0070,exact,remap-only,case 4: Normal_Attack arg2 0x202 -> 0x102
060263CA,Passive05_0071,events,identical,
0602642E,Passive05_0072,exact,identical,
060264AC,Passive05_0073,exact,remap-only,case 3: Normal_Attack arg2 0x202 -> 0x102; case 4: Normal_Attack arg2 0x200 -> 0x100
0602651E,Passive05_0074,events,identical,
060265AC,Passive05_0075,events,identical,
06026610,Passive05_0076,exact,identical,
06026656,Passive05_0077,exact,remap-only,case 1: Normal_Attack arg2 0x402 -> 0x202
060266B0,Passive05_0078,exact,remap-only,case 1: Normal_Attack arg2 0x402 -> 0x202
060266DC,Passive05_0079,exact,identical,
060266FA,Passive05_0080,events,not-lifted,selector
0602670E,Passive05_0081,events,remap-only,case 0: Jump_Attack_Term arg8 0x400 -> 0x200
060267C0,Passive05_0082,events,remap-only,case 2: Normal_Attack arg2 0x200 -> 0x100
06026844,Passive05_0083,exact,identical,
06026862,Passive05_0084,exact,remap-only,case 0: Jump_Attack_Term arg4 0x202 -> 0x102
060268D8,Passive05_0085,exact,remap-only,case 1: Normal_Attack arg2 0x100 -> 0x80
0602691E,Passive05_0086,events,identical,
06026980,Passive05_0087,exact,identical,
060269A0,Passive05_0088,events,identical,
06026A12,Passive05_0089,exact,remap-only,case 0: Normal_Attack arg2 0x220 -> 0x120
06026A32,Passive05_0090,events,identical,
06026A7A,Passive05_0091,exact,identical,
06026AD2,Passive05_0092,exact,remap-only,case 0: Jump_Attack_Term arg4 0x202 -> 0x102
06026B36,Passive05_0093,exact,remap-only,case 0: Jump_Attack_Term arg4 0x400 -> 0x200
06026B78,Passive05_0094,exact,identical,
06026BBC,Passive05_0095,events,identical,
06026C34,Passive05_0096,exact,identical,
06026C7C,Passive05_0097,exact,identical,
06026C9C,Passive05_0098,events,identical,
06026CCE,Passive05_0099,exact,identical,
06026CEC,Passive05_0100,events,identical,
06026D5A,Passive05_0101,exact,identical,
06026DD8,Passive06_0001,exact,identical,
06026E00,Passive06_0002,exact,identical,
06026E44,Passive06_0003,exact,identical,
06026E88,Passive06_0004,exact,identical,
06026EA8,Passive06_0005,exact,identical,
06026EC8,Passive06_0006,exact,identical,
06026F0C,Passive06_0007,exact,remap-only,case 0: Normal_Attack arg2 0x100 -> 0x80
06026F5A,Passive06_0008,exact,remap-only,case 1: Normal_Attack arg2 0x200 -> 0x100
06026F9E,Passive06_0009,exact,remap-only,case 0: Normal_Attack arg2 0x400 -> 0x200
06026FBE,Passive06_0010,exact,remap-only,case 0: Normal_Attack arg2 0x102 -> 0x82
06026FDE,Passive06_0011,exact,remap-only,case 0: Normal_Attack arg2 0x202 -> 0x102
06026FFE,Passive06_0012,exact,remap-only,case 1: Normal_Attack arg2 0x402 -> 0x202
06027066,Passive06_0013,exact,identical,
060270A6,Passive06_0014,exact,identical,
060270E6,Passive06_0015,exact,identical,
06027126,Passive06_0016,exact,identical,
06027158,Passive06_0017,exact,identical,
0602718A,Passive06_0018,exact,identical,
060271BC,Passive06_0019,exact,identical,
060271EE,Passive06_0020,exact,identical,
06027220,Passive06_0021,exact,identical,
06027252,Passive06_0022,exact,identical,
06027294,Passive06_0023,exact,identical,
060272C6,Passive06_0024,exact,identical,
060272F8,Passive06_0025,exact,identical,
06027356,Passive06_0026,exact,identical,
060273B4,Passive06_0027,exact,identical,
06027412,Passive06_0028,exact,identical,
06027472,Passive06_0029,exact,identical,
060274EC,Passive06_0030,exact,identical,
06027560,Passive06_0031,exact,identical,
060275D0,Passive06_0032,exact,remap-only,case 2: Normal_Attack arg2 0x110 -> 0x90
06027646,Passive06_0033,exact,remap-only,case 2: Lever_Attack arg3 0x110 -> 0x90
0602769A,Passive06_0034,exact,remap-only,case 3: Normal_Attack arg2 0x100 -> 0x80
06027734,Passive06_0035,exact,remap-only,case 3: Normal_Attack arg2 0x200 -> 0x100
060277A2,Passive06_0036,exact,identical,
06027830,Passive06_0037,exact,identical,
060278A0,Passive06_0038,exact,identical,
06027910,Passive06_0039,exact,identical,
06027970,Passive06_0040,exact,remap-only,case 2: Command_Attack arg4 0x700 -> 0x380
060279EE,Passive06_0041,exact,identical,
06027A68,Passive06_0042,exact,identical,
06027B14,Passive06_0043,exact,identical,
06027B58,Passive06_0044,exact,identical,
06027B9C,Passive06_0045,exact,remap-only,case 1: Normal_Attack arg2 0x200 -> 0x100
06027C02,Passive06_0046,exact,remap-only,case 1: Normal_Attack arg2 0x400 -> 0x200
06027C46,Passive06_0047,exact,identical,
06027C8A,Passive06_0048,exact,identical,
06027D26,Passive06_0049,exact,identical,
06027D6A,Passive06_0050,exact,remap-only,case 1: Normal_Attack arg2 0x402 -> 0x202
06027DAE,Passive06_0051,exact,remap-only,case 1: Jump_Attack_Term arg4 0x400 -> 0x200
06027E2C,Passive06_0052,exact,identical,
06027E7A,Passive06_0053,exact,identical,
06027EC0,Passive06_0054,exact,identical,
06027F20,Passive06_0055,exact,identical,
06027F96,Passive06_0056,exact,identical,
0602802C,Passive06_0057,exact,identical,
060280BE,Passive06_0058,exact,identical,
06028108,Passive06_0059,exact,identical,
06028172,Passive06_0060,exact,remap-only,case 0: Jump_Attack_Term arg4 0x200 -> 0x100
060281E2,Passive06_0061,exact,remap-only,case 0: Jump_Attack_Term arg4 0x400 -> 0x200
06028224,Passive06_0062,exact,remap-only,case 0: Jump_Attack_Term arg4 0x200 -> 0x100; case 0: Jump_Attack_Term arg8 0x400 -> 0x200
06028266,Passive06_0063,exact,remap-only,case 0: Jump_Attack_Term arg4 0x400 -> 0x200; case 0: Jump_Attack_Term arg8 0x400 -> 0x200
060282C8,Passive06_0064,exact,remap-only,case 0: Jump_Attack_Term arg4 0x200 -> 0x100; case 0: Jump_Attack_Term arg8 0x400 -> 0x200
0602832E,Passive06_0065,exact,identical,
0602837C,Passive06_0066,exact,identical,
06028414,Passive06_0067,exact,identical,
06028462,Passive06_0068,exact,remap-only,case 2: Normal_Attack arg2 0x110 -> 0x90
0602849A,Passive06_0069,exact,remap-only,case 2: Lever_Attack arg3 0x110 -> 0x90
060284F6,Passive06_0070,exact,identical,
06028552,Passive06_0071,exact,remap-only,case 4: Normal_Attack arg2 0x100 -> 0x80
060285DC,Passive06_0072,exact,remap-only,case 4: Normal_Attack arg2 0x200 -> 0x100
06028646,Passive06_0073,exact,identical,
060286D0,Passive06_0074,exact,identical,
0602873A,Passive06_0075,exact,identical,
060287A4,Passive06_0076,exact,identical,
060287F4,Passive06_0077,exact,identical,
0602887E,Passive06_0078,exact,identical,
060288F0,Passive06_0079,exact,identical,
0602891C,Passive06_0080,exact,identical,
06028948,Passive06_0081,exact,identical,
06028974,Passive06_0082,exact,remap-only,case 1: Normal_Attack arg2 0x102 -> 0x82
060289A0,Passive06_0083,exact,remap-only,case 1: Normal_Attack arg2 0x202 -> 0x102
060289E0,Passive06_0084,exact,remap-only,case 1: Normal_Attack arg2 0x402 -> 0x202
06028A0C,Passive06_0085,exact,identical,
06028A2C,Passive06_0086,exact,identical,
06028A58,Passive06_0087,exact,identical,
06028A84,Passive06_0088,exact,identical,
06028AC0,Passive06_0089,exact,identical,
06028B0E,Passive06_0090,exact,identical,
06028B64,Passive06_0091,exact,identical,
06028BD8,Passive06_0092,exact,identical,
06028C50,Passive06_0093,exact,remap-only,case 1: Normal_Attack arg2 0x200 -> 0x100
06028C7C,Passive06_0094,exact,identical,
06028CE8,Passive06_0095,exact,identical,
06028D30,Passive06_0096,exact,identical,
06028D50,Passive06_0097,exact,identical,
06028D70,Passive06_0098,exact,identical,
06028D90,Passive06_0099,exact,identical,
06028DAE,Passive06_0100,exact,identical,
06028E00,Passive06_0101,exact,identical,
06028E40,Passive06_0102,exact,identical,
06028E5E,Passive06_0103,exact,identical,
06028ECE,Passive06_0104,exact,identical,
06028F10,Passive06_0105,exact,identical,
06028F62,Passive06_0106,exact,identical,
06028FAC,Passive06_0107,exact,identical,
06029014,Passive06_0108,exact,identical,
06029074,Passive06_0109,exact,identical,
060290B8,Passive06_0110,exact,identical,
060290D6,Passive06_0111,exact,identical,
0602910C,Passive06_0112,exact,identical,
0602915C,Passive06_0113,exact,identical,
06029184,Passive06_0114,exact,identical,
060291A2,Passive06_0115,exact,remap-only,case 0: Jump_Attack_Term arg4 0x200 -> 0x100
0602921E,Passive06_0116,exact,identical,
0602923C,Passive06_0117,exact,remap-only,case 0: Jump_Attack_Term arg8 0x400 -> 0x200
0602927E,Passive06_0118,exact,identical,
06029300,Passive06_0119,exact,identical,
0602936E,Passive06_0120,exact,identical,
060293DC,Passive06_0121,exact,identical,
0602942C,Passive06_0122,exact,identical,
0602944C,Passive06_0123,exact,identical,
06029490,Passive06_0124,exact,identical,
060294D4,Passive06_0125,exact,remap-only,case 1: Normal_Attack arg2 0x102 -> 0x82
06029548,Passive06_0126,exact,remap-only,case 1: Normal_Attack arg2 0x202 -> 0x102
0602958C,Passive06_0127,exact,identical,
060295DC,Passive06_0128,exact,identical,
0602965E,Passive06_0129,exact,identical,
0602967C,Passive06_0130,exact,identical,
060296D6,Passive06_0131,exact,remap-only,case 1: Jump_Attack_Term arg8 0x400 -> 0x200
06029750,Passive06_0132,exact,remap-only,case 1: Jump_Attack_Term arg8 0x400 -> 0x200; case 2: Normal_Attack arg2 0x100 -> 0x80
060297E8,Passive06_0133,exact,remap-only,case 2: Jump_Attack_Term arg8 0x400 -> 0x200; case 3: Normal_Attack arg2 0x100 -> 0x80
060298B6,Passive06_0134,exact,identical,
06029902,Passive06_0135,exact,identical,
0602998C,Passive06_0136,exact,remap-only,case 1: Jump_Attack_Term arg8 0x400 -> 0x200; case 2: Normal_Attack arg2 0x100 -> 0x80
06029A14,Passive06_0137,exact,identical,
06029A4A,Passive06_0138,exact,identical,
06029AD2,Passive06_0139,exact,remap-only,case 0: Hi_Jump_Attack_Term arg4 0x400 -> 0x200; case 0: Hi_Jump_Attack_Term arg8 0x400 -> 0x200; case 1: Normal_Attack arg2 0x102 -> 0x82; case 2: Normal_Attack arg2 0x202 -> 0x102
06029B2E,Passive06_0140,exact,remap-only,case 0: Hi_Jump_Attack_Term arg4 0x400 -> 0x200; case 0: Hi_Jump_Attack_Term arg8 0x400 -> 0x200; case 1: Normal_Attack arg2 0x402 -> 0x202
06029B80,Passive06_0141,exact,remap-only,case 0: Hi_Jump_Attack_Term arg4 0x400 -> 0x200; case 0: Hi_Jump_Attack_Term arg8 0x400 -> 0x200
06029C02,Passive06_0142,exact,remap-only,case 0: Hi_Jump_Attack_Term arg4 0x400 -> 0x200; case 0: Hi_Jump_Attack_Term arg8 0x400 -> 0x200
06029C54,Passive06_0143,exact,remap-only,case 0: Hi_Jump_Attack_Term arg4 0x400 -> 0x200; case 0: Hi_Jump_Attack_Term arg8 0x400 -> 0x200
06029CA6,Passive06_0144,exact,remap-only,case 0: Hi_Jump_Attack_Term arg4 0x400 -> 0x200; case 0: Hi_Jump_Attack_Term arg8 0x400 -> 0x200
06029D16,Passive06_0145,exact,remap-only,case 0: Jump_Attack_Term arg4 0x400 -> 0x200
06029D58,Passive06_0146,exact,remap-only,case 0: Jump_Attack_Term arg4 0x200 -> 0x100
06029E0C,Passive07_0001,exact,identical,
06029E34,Passive07_0002,exact,identical,
06029E52,Passive07_0003,exact,identical,
06029E9E,Passive07_0004,exact,remap-only,case 1: Normal_Attack arg2 0x400 -> 0x200
06029F16,Passive07_0005,exact,identical,
06029F42,Passive07_0006,exact,remap-only,case 2: Lever_Attack arg3 0x110 -> 0x90; case 3: Normal_Attack arg2 0x402 -> 0x202
06029FA4,Passive07_0007,exact,remap-only,case 2: Lever_Attack arg3 0x110 -> 0x90; case 3: Normal_Attack arg2 0x402 -> 0x202
0602A032,Passive07_0008,exact,remap-only,case 2: Normal_Attack arg2 0x100 -> 0x80; case 3: Normal_Attack arg2 0x402 -> 0x202
0602A08E,Passive07_0009,exact,identical,
0602A108,Passive07_0010,exact,remap-only,case 2: Normal_Attack arg2 0x100 -> 0x80; case 3: Normal_Attack arg2 0x102 -> 0x82; case 4: Lever_Attack arg3 0x200 -> 0x100
0602A192,Passive07_0011,exact,remap-only,case 1: Normal_Attack arg2 0x402 -> 0x202
0602A1D6,Passive07_0012,exact,identical,
0602A246,Passive07_0013,exact,identical,
0602A272,Passive07_0014,exact,remap-only,case 1: Normal_Attack arg2 0x200 -> 0x100
0602A29E,Passive07_0015,exact,remap-only,case 1: Normal_Attack arg2 0x100 -> 0x80; case 2: Normal_Attack arg2 0x100 -> 0x80
0602A2D6,Passive07_0016,exact,remap-only,case 1: Lever_Attack arg3 0x200 -> 0x100
0602A324,Passive07_0017,exact,remap-only,case 1: Normal_Attack arg2 0x402 -> 0x202
0602A350,Passive07_0018,exact,identical,
0602A382,Passive07_0019,exact,identical,
0602A3C2,Passive07_0020,exact,remap-only,case 1: Lever_Attack arg3 0x110 -> 0x90
0602A3F0,Passive07_0021,exact,remap-only,case 1: Lever_Attack arg3 0x400 -> 0x200
0602A440,Passive07_0022,exact,remap-only,case 1: Lever_Attack arg3 0x202 -> 0x102
0602A46E,Passive07_0023,exact,identical,
0602A4AE,Passive07_0024,exact,remap-only,case 2: Lever_Attack arg3 0x100 -> 0x80
0602A50C,Passive07_0025,exact,identical,
0602A574,Passive07_0026,exact,identical,
0602A5BA,Passive07_0027,exact,identical,
0602A612,Passive07_0028,events,not-lifted,selector
0602A626,Passive07_0029,exact,identical,
0602A678,Passive07_0030,exact,remap-only,case 1: Normal_Attack arg2 0x102 -> 0x82
0602A6D0,Passive07_0031,exact,remap-only,case 2: Lever_Attack arg3 0x400 -> 0x200; case 3: Normal_Attack arg2 0x402 -> 0x202
0602A716,Passive07_0032,exact,remap-only,case 1: Lever_Attack arg3 0x200 -> 0x100; case 2: Lever_Attack arg3 0x402 -> 0x202
0602A752,Passive07_0033,exact,remap-only,case 1: Lever_Attack arg3 0x200 -> 0x100
0602A79C,Passive07_0034,exact,identical,
0602A7F2,Passive07_0035,exact,identical,
0602A824,Passive07_0036,exact,identical,
0602A856,Passive07_0037,exact,identical,
0602A888,Passive07_0038,exact,identical,
0602A8D6,Passive07_0039,exact,identical,
0602A924,Passive07_0040,exact,identical,
0602A972,Passive07_0041,exact,identical,
0602A9F2,Passive07_0042,exact,identical,
0602AA10,Passive07_0043,exact,remap-only,case 0: Jump_Attack_Term arg4 0x200 -> 0x100; case 0: Jump_Attack_Term arg8 0x200 -> 0x100
0602AA52,Passive07_0044,exact,remap-only,case 0: Jump_Attack_Term arg4 0x400 -> 0x200; case 0: Jump_Attack_Term arg8 0x200 -> 0x100
0602AA94,Passive07_0045,exact,identical,
0602AAC6,Passive07_0046,exact,identical,
0602AB1A,Passive07_0047,exact,identical,
0602AB4C,Passive07_0048,exact,identical,
0602AB94,Passive07_0049,exact,identical,
0602ABDC,Passive07_0050,exact,identical,
0602AC1C,Passive07_0051,exact,remap-only,case 0: Normal_Attack arg2 0x100 -> 0x80; case 1: Normal_Attack arg2 0x102 -> 0x82
0602AC7E,Passive07_0052,exact,remap-only,case 1: Jump_Attack_Term arg8 0x200 -> 0x100; case 2: J_Command_Attack arg4 0x700 -> 0x380
0602ACE6,Passive07_0053,exact,remap-only,case 0: Jump_Attack_Term arg4 0x200 -> 0x100; case 1: Normal_Attack arg2 0x400 -> 0x200
0602AD78,Passive07_0054,exact,remap-only,case 1: Normal_Attack arg2 0x102 -> 0x82; case 2: Normal_Attack arg2 0x202 -> 0x102
0602ADB0,Passive07_0055,exact,remap-only,case 2: Lever_Attack arg3 0x200 -> 0x100
0602ADE8,Passive07_0056,exact,identical,
0602AE74,Passive07_0057,exact,identical,
0602AED8,Passive07_0058,exact,remap-only,case 1: Lever_Attack arg3 0x110 -> 0x90
0602AF06,Passive07_0059,exact,identical,
0602AF4E,Passive07_0060,exact,identical,
0602AFBA,Passive07_0061,exact,identical,
0602AFF0,Passive07_0062,exact,remap-only,case 1: Normal_Attack arg2 0x402 -> 0x202
0602B01C,Passive07_0063,exact,remap-only,case 2: Jump_Attack_Term arg4 0x200 -> 0x100; case 2: Jump_Attack_Term arg8 0x200 -> 0x100; case 3: Normal_Attack arg2 0x102 -> 0x82; case 4: Normal_Attack arg2 0x102 -> 0x82; case 5: Normal_Attack arg2 0x402 -> 0x202
0602B0E0,Passive07_0064,exact,remap-only,case 1: Normal_Attack arg2 0x400 -> 0x200
0602B10C,Passive07_0065,exact,remap-only,case 1: Jump_Attack_Term arg4 0x200 -> 0x100; case 1: Jump_Attack_Term arg8 0x400 -> 0x200
0602B1A0,Passive07_0066,exact,identical,
0602B1E0,Passive07_0067,exact,identical,
0602B220,Passive07_0068,exact,remap-only,case 0: Command_Attack arg4 0x700 -> 0x380
0602B252,Passive07_0069,exact,identical,
0602B272,Passive07_0070,exact,remap-only,case 1: Jump_Attack_Term arg4 0x400 -> 0x200; case 1: Jump_Attack_Term arg8 0x200 -> 0x100
0602B2F0,Passive07_0071,exact,identical,
0602B318,Passive07_0072,exact,remap-only,case 0: Normal_Attack arg2 0x102 -> 0x82
0602B342,Passive07_0073,exact,identical,
0602B362,Passive07_0074,exact,remap-only,case 1: Normal_Attack arg2 0x100 -> 0x80
0602B3DE,Passive07_0075,exact,remap-only,case 1: Normal_Attack arg2 0x102 -> 0x82
0602B43C,Passive07_0076,exact,remap-only,case 1: Normal_Attack arg2 0x402 -> 0x202
0602B468,Passive07_0077,exact,remap-only,case 0: Normal_Attack arg2 0x400 -> 0x200
0602B488,Passive07_0078,exact,identical,
0602B4F4,Passive07_0079,exact,identical,
0602B54A,Passive07_0080,exact,remap-only,case 0: Jump_Attack_Term arg4 0x200 -> 0x100; case 1: Normal_Attack arg2 0x202 -> 0x102
0602B5B2,Passive07_0081,exact,remap-only,case 0: Jump_Attack_Term arg4 0x200 -> 0x100
0602B64C,Passive07_0082,exact,remap-only,case 0: Jump_Attack_Term arg8 0x200 -> 0x100; case 2: Normal_Attack arg2 0x102 -> 0x82; case 3: Normal_Attack arg2 0x202 -> 0x102
0602B71C,Passive07_0083,exact,remap-only,case 0: Lever_Attack arg3 0x110 -> 0x90
0602B73E,Passive07_0084,exact,remap-only,case 0: Normal_Attack arg2 0x110 -> 0x90
0602B75E,Passive07_0085,exact,remap-only,case 0: Lever_Attack arg3 0x110 -> 0x90
0602B780,Passive07_0086,exact,identical,
0602B7A0,Passive07_0087,exact,identical,
0602B7D2,Passive07_0088,exact,identical,
0602B810,Passive07_0089,exact,identical,
0602B862,Passive07_0090,exact,remap-only,case 1: Normal_Attack arg2 0x100 -> 0x80
0602B8C6,Passive07_0091,exact,remap-only,case 1: Lever_Attack arg3 0x200 -> 0x100; case 3: Normal_Attack arg2 0x102 -> 0x82; case 4: Normal_Attack arg2 0x402 -> 0x202
0602B94E,Passive07_0092,exact,remap-only,case 1: Lever_Attack arg3 0x200 -> 0x100
0602B9CA,Passive07_0093,exact,remap-only,case 1: Lever_Attack arg3 0x200 -> 0x100; case 2: Normal_Attack arg2 0x402 -> 0x202
0602BA4A,Passive07_0094,exact,identical,
0602BA98,Passive07_0095,exact,remap-only,case 0: Normal_Attack arg2 0x100 -> 0x80
0602BAD8,Passive07_0096,exact,remap-only,case 1: Normal_Attack arg2 0x400 -> 0x200
0602BB3C,Passive07_0097,exact,identical,
0602BB84,Passive07_0098,exact,remap-only,case 0: Normal_Attack arg2 0x202 -> 0x102
0602BBA4,Passive07_0099,exact,remap-only,case 0: Normal_Attack arg2 0x402 -> 0x202
0602BBC4,Passive07_0100,exact,identical,
0602BC3C,Passive07_0101,exact,remap-only,case 0: Normal_Attack arg2 0x202 -> 0x102
0602BC92,Passive07_0102,exact,remap-only,case 0: Jump_Attack_Term arg4 0x200 -> 0x100
0602BD00,Passive07_0103,exact,remap-only,case 0: Normal_Attack arg2 0x202 -> 0x102
0602BD60,Passive07_0104,exact,remap-only,case 0: Normal_Attack arg2 0x402 -> 0x202
0602BDA0,Passive07_0105,exact,identical,
0602BE14,Passive07_0106,exact,remap-only,case 0: Jump_Attack_Term arg4 0x200 -> 0x100
0602BE88,Passive07_0107,exact,identical,
0602BED6,Passive07_0108,exact,identical,
0602BF24,Passive07_0109,exact,identical,
0602BF72,Passive07_0110,exact,identical,
0602BFD6,Passive07_0111,exact,identical,
0602C03A,Passive07_0112,exact,identical,
0602C05A,Passive07_0113,exact,remap-only,case 0: Normal_Attack arg2 0x200 -> 0x100
0602C0D4,Passive07_0114,exact,remap-only,case 0: Jump_Attack_Term arg4 0x200 -> 0x100; case 2: Normal_Attack arg2 0x402 -> 0x202
0602C130,Passive07_0115,exact,remap-only,case 0: Jump_Attack_Term arg4 0x200 -> 0x100
0602C1BC,Passive07_0116,exact,identical,
0602C1DA,Passive07_0117,exact,remap-only,case 0: Normal_Attack arg2 0x100 -> 0x80
0602C21A,Passive07_0118,exact,remap-only,case 0: Normal_Attack arg2 0x100 -> 0x80
0602C25A,Passive07_0119,exact,remap-only,case 0: Lever_Attack arg3 0x200 -> 0x100
0602C27C,Passive07_0120,exact,remap-only,case 0: Normal_Attack arg2 0x102 -> 0x82; case 1: Normal_Attack arg2 0x102 -> 0x82
0602C2E2,Passive07_0121,exact,remap-only,case 0: Normal_Attack arg2 0x102 -> 0x82
0602C302,Passive07_0122,exact,remap-only,case 0: Normal_Attack arg2 0x102 -> 0x82; case 1: Normal_Attack arg2 0x202 -> 0x102
0602C32E,Passive07_0123,exact,remap-only,case 0: Normal_Attack arg2 0x102 -> 0x82; case 1: Normal_Attack arg2 0x202 -> 0x102; case 2: Normal_Attack arg2 0x402 -> 0x202
0602C374,Passive07_0124,exact,remap-only,case 0: Normal_Attack arg2 0x102 -> 0x82; case 1: Normal_Attack arg2 0x202 -> 0x102
0602C3D6,Passive07_0125,exact,remap-only,case 0: Normal_Attack arg2 0x102 -> 0x82; case 2: Normal_Attack arg2 0x402 -> 0x202
0602C424,Passive07_0126,exact,remap-only,case 0: Normal_Attack arg2 0x102 -> 0x82; case 1: Normal_Attack arg2 0x102 -> 0x82; case 3: Normal_Attack arg2 0x202 -> 0x102
0602C49C,Passive07_0127,exact,remap-only,case 0: Normal_Attack arg2 0x100 -> 0x80; case 1: Jump_Attack_Term arg4 0x200 -> 0x100; case 4: Normal_Attack arg2 0x402 -> 0x202
0602C520,Passive07_0128,exact,remap-only,case 0: Normal_Attack arg2 0x100 -> 0x80; case 1: Jump_Attack_Term arg4 0x200 -> 0x100
0602C5C2,Passive07_0129,exact,remap-only,case 0: Normal_Attack arg2 0x100 -> 0x80; case 1: Jump_Attack_Term arg8 0x200 -> 0x100; case 3: Normal_Attack arg2 0x102 -> 0x82; case 4: Normal_Attack arg2 0x202 -> 0x102
0602C64E,Passive07_0130,exact,remap-only,case 0: Normal_Attack arg2 0x100 -> 0x80; case 1: Jump_Attack_Term arg4 0x200 -> 0x100
0602C6F0,Passive07_0131,exact,identical,
0602C738,Passive07_0132,exact,remap-only,case 0: Jump_Attack_Term arg4 0x200 -> 0x100; case 1: Normal_Attack arg2 0x400 -> 0x200
0602C7C4,Passive07_0133,exact,remap-only,case 0: Jump_Attack_Term arg4 0x200 -> 0x100; case 1: Normal_Attack arg2 0x400 -> 0x200
0602C842,Passive07_0134,exact,remap-only,case 0: Jump_Attack_Term arg8 0x200 -> 0x100
0602C8D4,Passive07_0135,exact,identical,
0602C922,Passive07_0136,exact,remap-only,case 2: Normal_Attack arg2 0x402 -> 0x202
0602C974,Passive07_0137,exact,remap-only,case 1: Normal_Attack arg2 0x100 -> 0x80
0602C9F0,Passive07_0138,exact,remap-only,case 1: Normal_Attack arg2 0x102 -> 0x82; case 2: Normal_Attack arg2 0x100 -> 0x80
0602CA5C,Passive07_0139,exact,identical,
0602CAE0,Passive07_0140,exact,identical,
0602CB44,Passive07_0141,exact,identical,
0602CB84,Passive07_0142,exact,identical,
0602CBF8,Passive07_0143,exact,identical,
0602CC66,Passive07_0144,exact,identical,
0602CD1C,Passive07_0145,exact,identical,
0602CDA0,Passive07_0146,exact,identical,
0602CDF6,Passive07_0147,exact,remap-only,case 2: Normal_Attack arg2 0x102 -> 0x82; case 3: Normal_Attack arg2 0x102 -> 0x82; case 4: Normal_Attack arg2 0x202 -> 0x102
0602CE9A,Passive07_0148,exact,remap-only,case 2: Normal_Attack arg2 0x102 -> 0x82; case 3: Normal_Attack arg2 0x202 -> 0x102
0602CEEE,Passive07_0149,exact,remap-only,case 2: Normal_Attack arg2 0x102 -> 0x82; case 3: Normal_Attack arg2 0x202 -> 0x102; case 4: Normal_Attack arg2 0x402 -> 0x202
0602CF72,Passive07_0150,exact,remap-only,case 2: Normal_Attack arg2 0x102 -> 0x82; case 3: Normal_Attack arg2 0x402 -> 0x202
0602CFC6,Passive07_0151,exact,remap-only,case 2: Normal_Attack arg2 0x102 -> 0x82; case 3: Normal_Attack arg2 0x102 -> 0x82; case 5: Normal_Attack arg2 0x202 -> 0x102
0602D064,Passive07_0152,exact,remap-only,case 0: Normal_Attack arg2 0x200 -> 0x100; case 1: Normal_Attack arg2 0x400 -> 0x200
0602D0D0,Passive07_0153,exact,identical,
0602D126,Passive07_0154,exact,identical,
0602D180,Passive07_0155,exact,identical,
0602D1AC,Passive07_0156,exact,identical,
0602D1FA,Passive07_0157,events,not-lifted,insn 4308
0602D2C4,Passive07_0158,exact,remap-only,case 2: Jump_Attack_Term arg4 0x200 -> 0x100; case 5: Normal_Attack arg2 0x402 -> 0x202
0602D388,Passive07_0159,exact,identical,
0602D3EC,Passive07_0160,exact,remap-only,case 0: Jump_Attack_Term arg4 0x200 -> 0x100; case 1: Normal_Attack arg2 0x202 -> 0x102
0602D454,Passive07_0161,exact,remap-only,case 0: Jump_Attack_Term arg4 0x200 -> 0x100
0602D4EC,Passive07_0162,exact,remap-only,case 0: Jump_Attack_Term arg8 0x200 -> 0x100; case 2: Normal_Attack arg2 0x102 -> 0x82; case 3: Normal_Attack arg2 0x202 -> 0x102; case 4: Jump_Attack_Term arg4 0x400 -> 0x200; case 4: Jump_Attack_Term arg8 0x200 -> 0x100; case 5: Normal_Attack arg2 0x402 -> 0x202
0602D5E6,Passive07_0163,exact,remap-only,case 0: Jump_Attack_Term arg4 0x200 -> 0x100; case 0: Jump_Attack_Term arg8 0x200 -> 0x100; case 2: Normal_Attack arg2 0x102 -> 0x82; case 3: Normal_Attack arg2 0x202 -> 0x102
0602D66E,Passive07_0164,exact,remap-only,case 0: Jump_Attack_Term arg4 0x400 -> 0x200; case 0: Jump_Attack_Term arg8 0x200 -> 0x100; case 1: Normal_Attack arg2 0x402 -> 0x202
0602D6EA,Passive07_0165,exact,remap-only,case 0: Jump_Attack_Term arg4 0x400 -> 0x200; case 0: Jump_Attack_Term arg8 0x200 -> 0x100; case 1: Normal_Attack arg2 0x402 -> 0x202
0602D752,Passive07_0166,exact,remap-only,case 0: Jump_Attack_Term arg4 0x400 -> 0x200; case 0: Jump_Attack_Term arg8 0x200 -> 0x100; case 1: Normal_Attack arg2 0x402 -> 0x202
0602D7C8,Passive07_0167,exact,remap-only,case 0: Jump_Attack_Term arg4 0x400 -> 0x200; case 0: Jump_Attack_Term arg8 0x200 -> 0x100; case 1: Normal_Attack arg2 0x402 -> 0x202
0602D85A,Passive07_0168,exact,identical,
0602D87C,Passive07_0169,exact,remap-only,case 0: Normal_Attack arg2 0x402 -> 0x202
0602D89C,Passive07_0170,exact,identical,
0602D8F6,Passive07_0171,exact,identical,
0602D922,Passive07_0172,exact,identical,
0602D94E,Passive07_0173,exact,remap-only,case 0: Jump_Attack_Term arg4 0x200 -> 0x100; case 0: Jump_Attack_Term arg8 0x200 -> 0x100; case 1: Normal_Attack arg2 0x102 -> 0x82; case 2: Normal_Attack arg2 0x102 -> 0x82; case 3: Normal_Attack arg2 0x202 -> 0x102
0602D9E4,Passive07_0174,exact,identical,
0602DA68,Passive07_0175,exact,identical,
0602DAB2,Passive07_0176,exact,remap-only,case 2: Normal_Attack arg2 0x200 -> 0x100
0602DB44,Passive07_0177,exact,remap-only,case 0: Normal_Attack arg2 0x200 -> 0x100
0602DBA6,Passive07_0178,exact,remap-only,case 0: Jump_Attack_Term arg8 0x200 -> 0x100
0602DC54,Passive07_0179,exact,remap-only,case 0: Lever_Attack arg3 0x200 -> 0x100; case 1: Normal_Attack arg2 0x400 -> 0x200
0602DC82,Passive07_0180,exact,remap-only,case 0: Lever_Attack arg3 0x200 -> 0x100
0602DCC4,Passive07_0181,exact,remap-only,case 0: Lever_Attack arg3 0x200 -> 0x100; case 1: Normal_Attack arg2 0x400 -> 0x200
0602DD34,Passive07_0182,exact,identical,
0602DD54,Passive07_0183,exact,remap-only,case 0: Jump_Attack_Term arg8 0x200 -> 0x100
0602DDBC,Passive07_0184,exact,remap-only,case 0: Jump_Attack_Term arg4 0x200 -> 0x100; case 0: Jump_Attack_Term arg8 0x200 -> 0x100; case 2: Normal_Attack arg2 0x102 -> 0x82; case 3: Normal_Attack arg2 0x202 -> 0x102
0602DE80,Passive07_0185,exact,identical,
0602DEA0,Passive07_0186,exact,identical,
0602DED2,Passive07_0187,exact,identical,
0602DF04,Passive07_0188,exact,identical,
0602DF50,Passive07_0189,exact,identical,
0602DF9C,Passive07_0190,exact,identical,
0602DFE8,Passive07_0191,exact,identical,
0602E030,Passive07_0192,exact,identical,
0602E094,Passive07_0193,exact,identical,
0602E0DE,Passive07_0194,exact,remap-only,case 0: Normal_Attack arg2 0x200 -> 0x100
0602E124,Passive07_0195,exact,remap-only,case 0: Normal_Attack arg2 0x400 -> 0x200
0602E190,Passive07_0196,exact,identical,
0602E1DC,Passive07_0197,exact,remap-only,case 1: Normal_Attack arg2 0x200 -> 0x100
0602E220,Passive07_0198,exact,remap-only,case 1: Lever_Attack arg3 0x402 -> 0x202
0602E266,Passive07_0199,exact,identical,
0602E2C8,Passive07_0200,exact,identical,
0602E308,Passive07_0201,exact,identical,
0602E35E,Passive07_0202,exact,identical,
0602E3B4,Passive07_0203,exact,remap-only,case 0: Normal_Attack arg2 0x100 -> 0x80
0602E3EA,Passive07_0204,exact,identical,
0602E436,Passive07_0205,exact,identical,
0602E45E,Passive07_0206,exact,remap-only,case 0: Jump_Attack_Term arg4 0x400 -> 0x200; case 0: Jump_Attack_Term arg8 0x400 -> 0x200
0602E4A0,Passive07_0207,exact,identical,
0602E526,Passive07_0208,exact,identical,
0602E58A,Passive07_0209,exact,identical,
0602E5E4,Passive07_0210,exact,identical,
0602E626,Passive07_0211,exact,identical,
0602E658,Passive07_0212,exact,identical,
0602E6BA,Passive07_0213,exact,identical,
0602E794,Passive08_0001,exact,identical,
0602E7BC,Passive08_0002,exact,remap-only,case 1: Normal_Attack arg2 0x402 -> 0x202
0602E81C,Passive08_0003,exact,identical,
0602E894,Passive08_0004,exact,identical,
0602E8F6,Passive08_0005,exact,identical,
0602E922,Passive08_0006,exact,remap-only,case 2: Lever_Attack arg3 0x110 -> 0x90
0602E9A4,Passive08_0007,exact,remap-only,case 2: Lever_Attack arg3 0x110 -> 0x90
0602E9F8,Passive08_0008,exact,identical,
0602EA3A,Passive08_0009,exact,identical,
0602EAB4,Passive08_0010,exact,remap-only,case 2: Normal_Attack arg2 0x202 -> 0x102
0602EB22,Passive08_0011,exact,identical,
0602EB40,Passive08_0012,exact,remap-only,case 1: Lever_Attack arg3 0x200 -> 0x100
0602EB6E,Passive08_0013,exact,identical,
0602EBC4,Passive08_0014,exact,remap-only,case 1: Normal_Attack arg2 0x100 -> 0x80; case 2: Normal_Attack arg2 0x100 -> 0x80
0602EBFC,Passive08_0015,exact,remap-only,case 1: Normal_Attack arg2 0x200 -> 0x100
0602EC34,Passive08_0016,exact,remap-only,case 1: Normal_Attack arg2 0x400 -> 0x200
0602EC60,Passive08_0017,exact,remap-only,case 1: Normal_Attack arg2 0x402 -> 0x202
0602ECA4,Passive08_0018,exact,remap-only,case 1: Normal_Attack arg2 0x402 -> 0x202
0602ECE8,Passive08_0019,exact,identical,
0602ED28,Passive08_0020,exact,remap-only,case 1: Lever_Attack arg3 0x110 -> 0x90
0602ED56,Passive08_0021,exact,remap-only,case 1: Lever_Attack arg3 0x400 -> 0x200
0602EDAC,Passive08_0022,exact,remap-only,case 0: Lever_Attack arg3 0x402 -> 0x202
0602EDCE,Passive08_0023,exact,identical,
0602EE24,Passive08_0024,exact,identical,
0602EE64,Passive08_0025,exact,identical,
0602EEBC,Passive08_0026,exact,identical,
0602EEEE,Passive08_0027,exact,identical,
0602EF20,Passive08_0028,exact,identical,
0602EF52,Passive08_0029,exact,identical,
0602EFA4,Passive08_0030,exact,remap-only,case 1: Normal_Attack arg2 0x202 -> 0x102
0602F008,Passive08_0031,exact,remap-only,case 3: Normal_Attack arg2 0x402 -> 0x202
0602F04E,Passive08_0032,exact,remap-only,case 2: Lever_Attack arg3 0x402 -> 0x202
0602F08A,Passive08_0033,exact,identical,
0602F0D4,Passive08_0034,exact,identical,
0602F12A,Passive08_0035,exact,identical,
0602F15C,Passive08_0036,exact,identical,
0602F18E,Passive08_0037,exact,identical,
0602F1C0,Passive08_0038,exact,identical,
0602F20E,Passive08_0039,exact,identical,
0602F25C,Passive08_0040,exact,identical,
0602F2AA,Passive08_0041,exact,identical,
0602F32A,Passive08_0042,exact,identical,
0602F348,Passive08_0043,exact,remap-only,case 0: Jump_Attack_Term arg4 0x100 -> 0x80; case 0: Jump_Attack_Term arg8 0x200 -> 0x100
0602F38A,Passive08_0044,exact,remap-only,case 0: Jump_Attack_Term arg4 0x400 -> 0x200; case 0: Jump_Attack_Term arg8 0x200 -> 0x100
0602F3CC,Passive08_0045,exact,identical,
0602F3FE,Passive08_0046,exact,identical,
0602F452,Passive08_0047,exact,identical,
0602F484,Passive08_0048,exact,identical,
0602F4A4,Passive08_0049,exact,remap-only,case 0: Normal_Attack arg2 0x100 -> 0x80; case 1: Normal_Attack arg2 0x100 -> 0x80
0602F4C8,Passive08_0050,exact,identical,
0602F508,Passive08_0051,exact,remap-only,case 0: Normal_Attack arg2 0x102 -> 0x82; case 1: Normal_Attack arg2 0x100 -> 0x80
0602F566,Passive08_0052,exact,remap-only,case 0: Jump_Attack_Term arg8 0x200 -> 0x100
0602F5C0,Passive08_0053,exact,remap-only,case 0: Jump_Attack_Term arg4 0x200 -> 0x100; case 1: Normal_Attack arg2 0x400 -> 0x200
0602F64C,Passive08_0054,exact,remap-only,case 1: Normal_Attack arg2 0x102 -> 0x82; case 2: Normal_Attack arg2 0x202 -> 0x102
0602F684,Passive08_0055,exact,identical,
0602F6B2,Passive08_0056,exact,remap-only,case 1: Command_Attack arg4 0x700 -> 0x380
0602F77E,Passive08_0057,exact,identical,
0602F7E2,Passive08_0058,exact,identical,
0602F800,Passive08_0059,exact,remap-only,case 1: Lever_Attack arg3 0x110 -> 0x90
0602F854,Passive08_0060,exact,identical,
0602F894,Passive08_0061,exact,identical,
0602F8CA,Passive08_0062,exact,remap-only,case 1: Normal_Attack arg2 0x402 -> 0x202
0602F8F6,Passive08_0063,exact,remap-only,case 1: J_Command_Attack arg4 0x700 -> 0x380
0602F96E,Passive08_0064,exact,remap-only,case 1: Normal_Attack arg2 0x400 -> 0x200
0602F99A,Passive08_0065,exact,remap-only,case 1: Jump_Attack_Term arg4 0x200 -> 0x100; case 1: Jump_Attack_Term arg8 0x400 -> 0x200
0602FA02,Passive08_0066,exact,identical,
0602FACA,Passive08_0067,exact,identical,
0602FB0A,Passive08_0068,exact,identical,
0602FB40,Passive08_0069,exact,identical,
0602FB60,Passive08_0070,exact,remap-only,case 1: Jump_Attack_Term arg4 0x400 -> 0x200; case 1: Jump_Attack_Term arg8 0x200 -> 0x100
0602FBF2,Passive08_0071,exact,identical,
0602FC1A,Passive08_0072,exact,identical,
0602FC50,Passive08_0073,exact,identical,
0602FC70,Passive08_0074,exact,remap-only,case 1: Normal_Attack arg2 0x100 -> 0x80
0602FCE6,Passive08_0075,exact,remap-only,case 1: Normal_Attack arg2 0x102 -> 0x82
0602FD44,Passive08_0076,exact,remap-only,case 1: Normal_Attack arg2 0x402 -> 0x202
0602FD70,Passive08_0077,exact,remap-only,case 0: Normal_Attack arg2 0x400 -> 0x200
0602FD90,Passive08_0078,exact,identical,
0602FE10,Passive08_0079,exact,identical,
0602FE66,Passive08_0080,exact,remap-only,case 0: Jump_Attack_Term arg4 0x200 -> 0x100; case 1: Normal_Attack arg2 0x202 -> 0x102
0602FEF8,Passive08_0081,exact,remap-only,case 0: Jump_Attack_Term arg4 0x200 -> 0x100
0602FF68,Passive08_0082,exact,remap-only,case 0: Jump_Attack_Term arg8 0x200 -> 0x100; case 2: Normal_Attack arg2 0x102 -> 0x82; case 3: Normal_Attack arg2 0x202 -> 0x102
06030032,Passive08_0083,exact,identical,
06030054,Passive08_0084,exact,remap-only,case 0: Lever_Attack arg3 0x200 -> 0x100
06030076,Passive08_0085,exact,remap-only,case 0: Lever_Attack arg3 0x400 -> 0x200
06030098,Passive08_0086,exact,identical,
060300B8,Passive08_0087,exact,identical,
060300EA,Passive08_0088,exact,identical,
0603012C,Passive08_0089,exact,identical,
0603017E,Passive08_0090,exact,remap-only,case 1: Normal_Attack arg2 0x100 -> 0x80
060301E2,Passive08_0091,exact,remap-only,case 3: Normal_Attack arg2 0x402 -> 0x202
06030264,Passive08_0092,exact,identical,
060302E0,Passive08_0093,exact,remap-only,case 1: Lever_Attack arg3 0x200 -> 0x100; case 2: Normal_Attack arg2 0x402 -> 0x202
0603035C,Passive08_0094,exact,identical,
060303AA,Passive08_0095,exact,remap-only,case 0: Normal_Attack arg2 0x100 -> 0x80
060303EA,Passive08_0096,exact,remap-only,case 1: Normal_Attack arg2 0x400 -> 0x200
0603042A,Passive08_0097,exact,identical,
06030494,Passive08_0098,exact,identical,
060304B4,Passive08_0099,exact,remap-only,case 0: Normal_Attack arg2 0x202 -> 0x102
060304D4,Passive08_0100,exact,remap-only,case 0: Normal_Attack arg2 0x402 -> 0x202
060304F4,Passive08_0101,exact,remap-only,case 0: Normal_Attack arg2 0x202 -> 0x102
06030568,Passive08_0102,exact,remap-only,case 0: Jump_Attack_Term arg4 0x200 -> 0x100
060305D6,Passive08_0103,exact,remap-only,case 0: Normal_Attack arg2 0x202 -> 0x102
06030616,Passive08_0104,exact,remap-only,case 0: Normal_Attack arg2 0x402 -> 0x202
06030678,Passive08_0105,exact,identical,
060306EC,Passive08_0106,exact,remap-only,case 0: Jump_Attack_Term arg4 0x200 -> 0x100
06030730,Passive08_0107,exact,identical,
060307AE,Passive08_0108,exact,identical,
060307FC,Passive08_0109,exact,identical,
0603084A,Passive08_0110,exact,identical,
060308AE,Passive08_0111,exact,identical,
06030912,Passive08_0112,exact,identical,
06030932,Passive08_0113,exact,remap-only,case 0: Normal_Attack arg2 0x200 -> 0x100
06030976,Passive08_0114,exact,remap-only,case 0: Jump_Attack_Term arg4 0x200 -> 0x100; case 2: Normal_Attack arg2 0x402 -> 0x202
060309D2,Passive08_0115,exact,remap-only,case 0: Jump_Attack_Term arg4 0x200 -> 0x100
06030A74,Passive08_0116,exact,identical,
06030A92,Passive08_0117,exact,remap-only,case 0: Normal_Attack arg2 0x100 -> 0x80
06030AD2,Passive08_0118,exact,remap-only,case 0: Normal_Attack arg2 0x100 -> 0x80
06030B12,Passive08_0119,exact,remap-only,case 0: Normal_Attack arg2 0x100 -> 0x80
06030B6C,Passive08_0120,exact,remap-only,case 0: Normal_Attack arg2 0x102 -> 0x82; case 1: Normal_Attack arg2 0x102 -> 0x82
06030BB0,Passive08_0121,exact,remap-only,case 0: Normal_Attack arg2 0x102 -> 0x82
06030BD0,Passive08_0122,exact,remap-only,case 0: Normal_Attack arg2 0x102 -> 0x82; case 1: Normal_Attack arg2 0x202 -> 0x102
06030BFC,Passive08_0123,exact,remap-only,case 0: Normal_Attack arg2 0x102 -> 0x82; case 1: Normal_Attack arg2 0x202 -> 0x102; case 2: Normal_Attack arg2 0x402 -> 0x202
06030C58,Passive08_0124,exact,remap-only,case 0: Normal_Attack arg2 0x102 -> 0x82; case 1: Normal_Attack arg2 0x202 -> 0x102
06030CA2,Passive08_0125,exact,remap-only,case 0: Normal_Attack arg2 0x102 -> 0x82; case 2: Normal_Attack arg2 0x402 -> 0x202
06030CF0,Passive08_0126,exact,remap-only,case 0: Normal_Attack arg2 0x102 -> 0x82; case 1: Normal_Attack arg2 0x102 -> 0x82; case 3: Normal_Attack arg2 0x402 -> 0x202
06030D66,Passive08_0127,exact,remap-only,case 0: Normal_Attack arg2 0x100 -> 0x80; case 1: Jump_Attack_Term arg4 0x200 -> 0x100; case 4: Normal_Attack arg2 0x402 -> 0x202
06030DEA,Passive08_0128,exact,remap-only,case 0: Normal_Attack arg2 0x100 -> 0x80; case 1: Jump_Attack_Term arg4 0x200 -> 0x100
06030E8C,Passive08_0129,exact,remap-only,case 0: Normal_Attack arg2 0x100 -> 0x80; case 1: Jump_Attack_Term arg8 0x200 -> 0x100; case 3: Normal_Attack arg2 0x102 -> 0x82; case 4: Normal_Attack arg2 0x202 -> 0x102
06030F18,Passive08_0130,exact,remap-only,case 0: Normal_Attack arg2 0x100 -> 0x80; case 1: Jump_Attack_Term arg4 0x200 -> 0x100
06030FC2,Passive08_0131,exact,identical,
0603100A,Passive08_0132,exact,remap-only,case 0: Jump_Attack_Term arg4 0x200 -> 0x100; case 1: Normal_Attack arg2 0x400 -> 0x200
0603109A,Passive08_0133,exact,remap-only,case 0: Jump_Attack_Term arg4 0x200 -> 0x100; case 1: Normal_Attack arg2 0x400 -> 0x200
06031118,Passive08_0134,exact,remap-only,case 0: Jump_Attack_Term arg8 0x200 -> 0x100; case 3: Normal_Attack arg2 0x402 -> 0x202
060311B8,Passive08_0135,exact,identical,
06031206,Passive08_0136,exact,remap-only,case 2: Normal_Attack arg2 0x402 -> 0x202
06031258,Passive08_0137,exact,identical,
060312CC,Passive08_0138,exact,identical,
0603131A,Passive08_0139,exact,identical,
0603137E,Passive08_0140,exact,identical,
060313E2,Passive08_0141,exact,identical,
06031472,Passive08_0142,exact,identical,
06031542,Passive08_0143,exact,identical,
060315DA,Passive08_0144,exact,identical,
0603165E,Passive08_0145,exact,identical,
0603171C,Passive08_0146,exact,identical,
06031772,Passive08_0147,exact,identical,
060317AE,Passive08_0148,exact,identical,
060317F6,Passive08_0149,exact,identical,
0603183E,Passive08_0150,exact,remap-only,case 1: Command_Attack arg4 0x700 -> 0x380
060318AA,Passive08_0151,exact,remap-only,case 2: Normal_Attack arg2 0x102 -> 0x82; case 3: Normal_Attack arg2 0x102 -> 0x82; case 5: Normal_Attack arg2 0x202 -> 0x102
06031928,Passive08_0152,exact,remap-only,case 0: Normal_Attack arg2 0x200 -> 0x100; case 1: Normal_Attack arg2 0x400 -> 0x200; case 2: Normal_Attack arg2 0x202 -> 0x102
060319AE,Passive08_0153,exact,identical,
06031A04,Passive08_0154,exact,identical,
06031A30,Passive08_0155,exact,identical,
06031A84,Passive08_0156,exact,identical,
06031AD2,Passive08_0157,events,not-lifted,insn 4308
06031BA8,Passive08_0158,exact,remap-only,case 2: Jump_Attack_Term arg4 0x200 -> 0x100; case 5: Normal_Attack arg2 0x402 -> 0x202
06031C42,Passive08_0159,exact,remap-only,case 4: Normal_Attack arg2 0x402 -> 0x202
06031D1A,Passive08_0160,exact,remap-only,case 0: Jump_Attack_Term arg4 0x200 -> 0x100; case 1: Normal_Attack arg2 0x202 -> 0x102
06031D82,Passive08_0161,exact,remap-only,case 0: Jump_Attack_Term arg4 0x200 -> 0x100
06031E24,Passive08_0162,exact,remap-only,case 0: Jump_Attack_Term arg8 0x200 -> 0x100; case 2: Normal_Attack arg2 0x202 -> 0x102; case 3: Normal_Attack arg2 0x402 -> 0x202
06031E90,Passive08_0163,exact,remap-only,case 0: Jump_Attack_Term arg4 0x200 -> 0x100; case 0: Jump_Attack_Term arg8 0x200 -> 0x100; case 2: Normal_Attack arg2 0x102 -> 0x82; case 3: Normal_Attack arg2 0x202 -> 0x102
06031F40,Passive08_0164,exact,remap-only,case 0: Jump_Attack_Term arg4 0x400 -> 0x200; case 0: Jump_Attack_Term arg8 0x200 -> 0x100; case 1: Normal_Attack arg2 0x102 -> 0x82; case 2: Normal_Attack arg2 0x400 -> 0x200; case 3: Normal_Attack arg2 0x402 -> 0x202
06031FAC,Passive08_0165,exact,remap-only,case 0: Jump_Attack_Term arg4 0x400 -> 0x200; case 0: Jump_Attack_Term arg8 0x200 -> 0x100; case 1: Normal_Attack arg2 0x402 -> 0x202
0603203C,Passive08_0166,exact,remap-only,case 0: Jump_Attack_Term arg4 0x400 -> 0x200; case 0: Jump_Attack_Term arg8 0x200 -> 0x100; case 1: Normal_Attack arg2 0x102 -> 0x82; case 2: Normal_Attack arg2 0x402 -> 0x202
06032098,Passive08_0167,exact,remap-only,case 0: Jump_Attack_Term arg4 0x400 -> 0x200; case 0: Jump_Attack_Term arg8 0x200 -> 0x100; case 1: Normal_Attack arg2 0x402 -> 0x202
0603213A,Passive08_0168,exact,identical,
0603215C,Passive08_0169,exact,remap-only,case 0: Normal_Attack arg2 0x102 -> 0x82; case 1: Normal_Attack arg2 0x402 -> 0x202
06032186,Passive08_0170,exact,identical,
060321B2,Passive08_0171,exact,identical,
060321DE,Passive08_0172,exact,identical,
0603222E,Passive08_0173,exact,identical,
06032260,Passive08_0174,exact,identical,
06032320,Passive08_0175,exact,identical,
0603236A,Passive08_0176,exact,remap-only,case 2: Normal_Attack arg2 0x200 -> 0x100
060323DC,Passive08_0177,exact,remap-only,case 0: Normal_Attack arg2 0x200 -> 0x100
06032458,Passive08_0178,exact,remap-only,case 0: Jump_Attack_Term arg8 0x200 -> 0x100
060324D6,Passive08_0179,exact,remap-only,case 0: Lever_Attack arg3 0x200 -> 0x100; case 1: Normal_Attack arg2 0x400 -> 0x200
06032534,Passive08_0180,exact,remap-only,case 0: Lever_Attack arg3 0x200 -> 0x100
060325A2,Passive08_0181,exact,remap-only,case 0: Lever_Attack arg3 0x200 -> 0x100; case 1: Normal_Attack arg2 0x400 -> 0x200
060325F2,Passive08_0182,exact,identical,
06032630,Passive08_0183,exact,remap-only,case 0: Jump_Attack_Term arg8 0x200 -> 0x100
06032698,Passive08_0184,exact,remap-only,case 0: Jump_Attack_Term arg4 0x200 -> 0x100; case 0: Jump_Attack_Term arg8 0x200 -> 0x100; case 2: Normal_Attack arg2 0x102 -> 0x82; case 3: Normal_Attack arg2 0x202 -> 0x102
0603275A,Passive08_0185,exact,identical,
0603277A,Passive08_0186,exact,identical,
060327E2,Passive08_0187,exact,identical,
0603286E,Passive08_0188,exact,identical,
060328D6,Passive08_0189,exact,identical,
06032922,Passive08_0190,exact,identical,
0603296E,Passive08_0191,exact,identical,
060329B6,Passive08_0192,exact,identical,
06032A28,Passive08_0193,exact,identical,
06032A72,Passive08_0194,exact,remap-only,case 0: Normal_Attack arg2 0x200 -> 0x100
06032AB8,Passive08_0195,exact,remap-only,case 0: Normal_Attack arg2 0x400 -> 0x200
06032B24,Passive08_0196,exact,identical,
06032B70,Passive08_0197,exact,identical,
06032BB4,Passive08_0198,exact,remap-only,case 1: Lever_Attack arg3 0x402 -> 0x202
06032BFA,Passive08_0199,exact,identical,
06032C5A,Passive08_0200,exact,identical,
06032CD2,Passive08_0201,exact,identical,
06032D34,Passive08_0202,exact,identical,
06032D8A,Passive08_0203,exact,identical,
06032DC8,Passive08_0204,exact,identical,
06032E06,Passive08_0205,exact,identical,
06032E2E,Passive08_0206,exact,remap-only,case 0: Jump_Attack_Term arg4 0x400 -> 0x200; case 0: Jump_Attack_Term arg8 0x400 -> 0x200
06032E9E,Passive08_0207,exact,remap-only,case 0: Jump_Attack_Term arg4 0x200 -> 0x100; case 0: Jump_Attack_Term arg8 0x200 -> 0x100
06032EF8,Passive08_0208,exact,remap-only,case 0: Jump_Attack_Term arg4 0x400 -> 0x200; case 0: Jump_Attack_Term arg8 0x400 -> 0x200
06032F5C,Passive08_0209,exact,identical,
06032FDA,Passive08_0210,exact,remap-only,case 0: Jump_Attack_Term arg4 0x200 -> 0x100; case 0: Jump_Attack_Term arg8 0x200 -> 0x100
0603302C,Passive08_0211,exact,remap-only,case 0: Normal_Attack arg2 0x402 -> 0x202
0603304C,Passive08_0212,exact,identical,
0603307E,Passive08_0213,exact,remap-only,case 0: Jump_Attack_Term arg4 0x200 -> 0x100
0603313C,Passive09_0001,exact,identical,
060331A8,Passive09_0002,events,identical,
060331F4,Passive09_0003,events,identical,
06033236,Passive09_0004,exact,remap-only,case 1: J_Command_Attack arg4 0x700 -> 0x380
060332AE,Passive09_0005,events,identical,
060332F0,Passive09_0006,exact,identical,
0603330E,Passive09_0007,events,identical,
060333A0,Passive09_0008,events,identical,
0603340C,Passive09_0009,events,identical,
06033478,Passive09_0010,exact,identical,
060334BE,Passive09_0011,exact,identical,
06033502,Passive09_0012,exact,remap-only,case 1: Normal_Attack arg2 0x400 -> 0x200
06033576,Passive09_0013,events,identical,
060335B8,Passive09_0014,exact,identical,
060335D6,Passive09_0015,exact,identical,
06033620,Passive09_0016,exact,remap-only,case 2: Normal_Attack arg2 0x110 -> 0x90
0603367E,Passive09_0017,exact,remap-only,case 2: Normal_Attack arg2 0x202 -> 0x102
060336B6,Passive09_0018,exact,identical,
06033718,Passive09_0019,exact,identical,
06033738,Passive09_0020,exact,identical,
0603377C,Passive09_0021,events,identical,
060337C2,Passive09_0022,exact,remap-only,case 1: Jump_Attack_Term arg4 0x200 -> 0x100; case 1: Jump_Attack_Term arg8 0x400 -> 0x200
06033814,Passive09_0023,exact,identical,
06033890,Passive09_0024,events,identical,
060338DE,Passive09_0025,events,identical,
0603393C,Passive09_0026,exact,identical,
0603399C,Passive09_0027,events,remap-only,case 0: Normal_Attack arg2 0x202 -> 0x102
060339DC,Passive09_0028,exact,remap-only,case 0: Normal_Attack arg2 0x402 -> 0x202
060339FC,Passive09_0029,exact,identical,
06033A34,Passive09_0030,exact,remap-only,case 0: Normal_Attack arg2 0x400 -> 0x200
06033A54,Passive09_0031,exact,identical,
06033A76,Passive09_0032,exact,remap-only,case 0: Normal_Attack arg2 0x110 -> 0x90
06033AB2,Passive09_0033,exact,remap-only,case 0: Lever_Attack arg3 0x110 -> 0x90
06033AD4,Passive09_0034,exact,identical,
06033B02,Passive09_0035,exact,remap-only,case 0: Normal_Attack arg2 0x102 -> 0x82
06033B22,Passive09_0036,exact,identical,
06033B40,Passive09_0037,exact,remap-only,case 1: Normal_Attack arg2 0x110 -> 0x90
06033BAC,Passive09_0038,exact,remap-only,case 1: Lever_Attack arg3 0x110 -> 0x90
06033BF2,Passive09_0039,exact,identical,
06033C4C,Passive09_0040,events,remap-only,case 1: Normal_Attack arg2 0x100 -> 0x80; case 2: Normal_Attack arg2 0x200 -> 0x100
06033CDE,Passive09_0041,events,identical,
06033D66,Passive09_0042,exact,identical,
06033D84,Passive09_0043,events,identical,
06033DFC,Passive09_0044,exact,remap-only,case 2: Normal_Attack arg2 0x110 -> 0x90
06033E86,Passive09_0045,events,identical,
06033ED2,Passive09_0046,exact,identical,
06033F18,Passive09_0047,exact,remap-only,case 0: Jump_Attack_Term arg4 0x400 -> 0x200; case 0: Jump_Attack_Term arg8 0x400 -> 0x200
06033F84,Passive09_0048,exact,remap-only,case 0: Normal_Attack arg2 0x102 -> 0x82; case 1: Normal_Attack arg2 0x402 -> 0x202
06033FAE,Passive09_0049,exact,identical,
06034002,Passive09_0050,exact,remap-only,case 1: Normal_Attack arg2 0x200 -> 0x100
06034046,Passive09_0051,exact,identical,
0603408C,Passive09_0052,exact,remap-only,case 0: Normal_Attack arg2 0x202 -> 0x102
060340AC,Passive09_0053,events,identical,
060340F8,Passive09_0054,events,identical,
0603412A,Passive09_0055,events,identical,
06034194,Passive09_0056,exact,remap-only,case 0: Jump_Attack_Term arg4 0x400 -> 0x200; case 0: Jump_Attack_Term arg8 0x400 -> 0x200
060341D8,Passive09_0057,exact,remap-only,case 0: Jump_Attack_Term arg4 0x100 -> 0x80
0603421C,Passive09_0058,exact,identical,
0603423C,Passive09_0059,events,identical,
060342DA,Passive09_0060,exact,identical,
060342F8,Passive09_0061,exact,identical,
06034318,Passive09_0062,events,remap-only,case 0: Normal_Attack arg2 0x200 -> 0x100
06034368,Passive09_0063,events,identical,
060343EE,Passive09_0064,exact,identical,
06034430,Passive09_0065,events,remap-only,case 1: Normal_Attack arg2 0x200 -> 0x100
0603447E,Passive09_0066,exact,identical,
06034502,Passive09_0067,exact,identical,
06034522,Passive09_0068,exact,identical,
0603456E,Passive09_0069,exact,identical,
060345E6,Passive09_0070,exact,identical,
06034626,Passive09_0071,events,identical,
0603466E,Passive09_0072,exact,identical,
060346CC,Passive09_0073,exact,remap-only,case 0: Normal_Attack arg2 0x100 -> 0x80
06034736,Passive09_0074,exact,identical,
06034768,Passive09_0075,events,identical,
060347E0,Passive09_0076,exact,identical,
0603485E,Passive09_0077,events,remap-only,case 2: Normal_Attack arg2 0x200 -> 0x100
060348C8,Passive09_0078,exact,remap-only,case 0: Jump_Attack_Term arg4 0x400 -> 0x200; case 0: Jump_Attack_Term arg8 0x400 -> 0x200
0603490C,Passive09_0079,exact,identical,
06034968,Passive09_0080,events,remap-only,case 0: Jump_Attack_Term arg4 0x400 -> 0x200; case 0: Jump_Attack_Term arg8 0x400 -> 0x200
060349D0,Passive09_0081,events,remap-only,case 0: Jump_Attack_Term arg8 0x400 -> 0x200; case 1: Normal_Attack arg2 0x200 -> 0x100
06034A60,Passive09_0082,events,remap-only,case 2: Normal_Attack arg2 0x200 -> 0x100
06034ACE,Passive09_0083,exact,identical,
06034AEC,Passive09_0084,exact,remap-only,case 0: Jump_Attack_Term arg4 0x100 -> 0x80; case 0: Jump_Attack_Term arg8 0x400 -> 0x200
06034B60,Passive09_0085,events,remap-only,case 0: Normal_Attack arg2 0x220 -> 0x120; case 1: Normal_Attack arg2 0x102 -> 0x82; case 2: Normal_Attack arg2 0x202 -> 0x102
06034BBC,Passive09_0086,exact,identical,
06034BE8,Passive09_0087,exact,remap-only,case 0: Jump_Attack_Term arg4 0x200 -> 0x100; case 0: Jump_Attack_Term arg8 0x400 -> 0x200; case 1: Normal_Attack arg2 0x400 -> 0x200
06034C68,Passive09_0088,events,remap-only,case 0: Jump_Attack_Term arg4 0x200 -> 0x100; case 0: Jump_Attack_Term arg8 0x200 -> 0x100; case 2: Normal_Attack arg2 0x102 -> 0x82; case 3: Normal_Attack arg2 0x202 -> 0x102
06034D06,Passive09_0089,events,identical,
06034D90,Passive09_0090,events,identical,
06034DC2,Passive09_0091,events,identical,
06034E32,Passive09_0092,exact,identical,
06034E6C,Passive09_0093,events,remap-only,case 0: Jump_Attack_Term arg8 0x400 -> 0x200; case 1: Normal_Attack arg2 0x202 -> 0x102
06034F00,Passive09_0094,exact,identical,
06034F32,Passive09_0095,exact,identical,
06034F64,Passive09_0096,exact,identical,
06034F96,Passive09_0097,exact,identical,
06034FF0,Passive09_0098,events,remap-only,case 1: Normal_Attack arg2 0x200 -> 0x100
0603504A,Passive09_0099,exact,identical,
060350A2,Passive09_0100,events,identical,
060350FC,Passive09_0101,events,identical,
06035142,Passive09_0102,events,remap-only,case 1: Normal_Attack arg2 0x102 -> 0x82; case 2: Normal_Attack arg2 0x202 -> 0x102
0603519A,Passive09_0103,events,remap-only,case 1: Normal_Attack arg2 0x102 -> 0x82; case 2: Normal_Attack arg2 0x202 -> 0x102
06035216,Passive09_0104,events,identical,
06035262,Passive09_0105,events,identical,
060352AE,Passive09_0106,events,identical,
0603530C,Passive09_0107,exact,remap-only,case 1: Normal_Attack arg2 0x400 -> 0x200
06035372,Passive09_0108,exact,identical,
060353B8,Passive09_0109,exact,identical,
060353FE,Passive09_0110,exact,identical,
06035444,Passive09_0111,exact,identical,
06035482,Passive09_0112,events,remap-only,case 0: ORO_JCA_Term arg12 0x400 -> 0x200
060354D4,Passive09_0113,events,remap-only,case 0: ORO_HJCA_Term arg12 0x400 -> 0x200
06035526,Passive09_0114,events,remap-only,case 0: ORO_HJCA_Term arg12 0x400 -> 0x200
06035578,Passive09_0115,exact,remap-only,case 0: Jump_Attack_Term arg4 0x110 -> 0x90
060355DA,Passive09_0116,exact,identical,
06035624,Passive09_0117,exact,identical,
0603566E,Passive09_0118,exact,identical,
060356D8,Passive09_0119,exact,identical,
06035722,Passive09_0120,exact,identical,
0603575A,Passive09_0121,exact,remap-only,case 0: ORO_JA_Term arg10 0x400 -> 0x200
060357A4,Passive09_0122,exact,remap-only,case 0: ORO_JA_Term arg10 0x400 -> 0x200
06035808,Passive09_0123,exact,identical,
06035842,Passive09_0124,exact,identical,
0603587A,Passive09_0125,events,remap-only,case 0: Jump_Attack_Term arg4 0x110 -> 0x90
060358BC,Passive09_0126,events,identical,
060358EE,Passive09_0127,events,identical,
0603593A,Passive09_0128,exact,remap-only,case 0: Jump_Attack_Term arg4 0x100 -> 0x80
0603597C,Passive09_0129,exact,identical,
060359BE,Passive09_0130,exact,remap-only,case 0: Jump_Attack_Term arg4 0x100 -> 0x80
06035A0E,Passive09_0131,events,remap-only,case 1: Normal_Attack arg2 0x200 -> 0x100
06035AF4,Passive10_0001,exact,identical,
06035B1C,Passive10_0002,events,identical,
06035B86,Passive10_0003,exact,identical,
06035BDC,Passive10_0004,events,identical,
06035C1E,Passive10_0005,exact,identical,
06035C3C,Passive10_0006,exact,identical,
06035C80,Passive10_0007,events,identical,
06035CE0,Passive10_0008,events,identical,
06035D32,Passive10_0009,events,identical,
06035D80,Passive10_0010,exact,identical,
06035DD0,Passive10_0011,exact,remap-only,case 0: Hi_Jump_Attack_Term arg4 0x8400 -> 0x8200; case 0: Hi_Jump_Attack_Term arg8 0x8400 -> 0x8200
06035E12,Passive10_0012,exact,identical,
06035E5C,Passive10_0013,exact,identical,
06035F3A,Passive10_0014,exact,remap-only,case 1: Normal_Attack arg2 0x200 -> 0x100
06035F7E,Passive10_0015,exact,identical,
06035F9E,Passive10_0016,events,identical,
0603603C,Passive10_0017,events,remap-only,case 4: Normal_Attack arg2 0x100 -> 0x80
060360D6,Passive10_0018,exact,remap-only,case 2: Normal_Attack arg2 0x102 -> 0x82; case 3: Normal_Attack arg2 0x202 -> 0x102; case 4: Normal_Attack arg2 0x402 -> 0x202
06036166,Passive10_0019,exact,identical,
06036186,Passive10_0020,exact,identical,
060361A6,Passive10_0021,events,identical,
060361E6,Passive10_0022,events,remap-only,case 1: Jump_Attack_Term arg4 0x100 -> 0x80
0603627C,Passive10_0023,events,remap-only,case 1: Jump_Attack_Term arg4 0x8100 -> 0x8080
060362F6,Passive10_0024,exact,remap-only,case 4: Normal_Attack arg2 0x400 -> 0x200
06036370,Passive10_0025,events,identical,
060363D8,Passive10_0026,exact,identical,
0603641C,Passive10_0027,events,identical,
0603647C,Passive10_0028,exact,remap-only,case 0: Jump_Attack_Term arg4 0x8400 -> 0x8200; case 0: Jump_Attack_Term arg8 0x400 -> 0x200
060364BE,Passive10_0029,exact,identical,
060364F6,Passive10_0030,exact,remap-only,case 1: Normal_Attack arg2 0x400 -> 0x200
0603653A,Passive10_0031,exact,identical,
06036584,Passive10_0032,events,identical,
060365E4,Passive10_0033,exact,remap-only,case 0: Lever_Attack arg3 0x110 -> 0x90
06036606,Passive10_0034,events,identical,
06036646,Passive10_0035,exact,remap-only,case 0: Normal_Attack arg2 0x102 -> 0x82; case 1: Normal_Attack arg2 0x202 -> 0x102; case 2: Normal_Attack arg2 0x402 -> 0x202
060366AA,Passive10_0036,events,remap-only,case 0: Normal_Attack arg2 0x102 -> 0x82; case 1: Normal_Attack arg2 0x202 -> 0x102
060366F4,Passive10_0037,exact,remap-only,case 1: Lever_Attack arg3 0x110 -> 0x90
0603673A,Passive10_0038,exact,remap-only,case 1: Normal_Attack arg2 0x110 -> 0x90
060367A6,Passive10_0039,exact,identical,
060367EC,Passive10_0040,exact,remap-only,case 1: Normal_Attack arg2 0x100 -> 0x80; case 2: Normal_Attack arg2 0x100 -> 0x80; case 3: Normal_Attack arg2 0x400 -> 0x200
0603684E,Passive10_0041,exact,remap-only,case 1: Lever_Attack arg3 0x200 -> 0x100
060368CE,Passive10_0042,exact,remap-only,case 0: Jump_Attack_Term arg4 0x8400 -> 0x8200; case 0: Jump_Attack_Term arg8 -0x7C00 -> -0x7E00
06036910,Passive10_0043,events,identical,
0603695E,Passive10_0044,events,identical,
060369BC,Passive10_0045,exact,identical,
06036A0A,Passive10_0046,exact,identical,
06036A2A,Passive10_0047,exact,remap-only,case 0: Normal_Attack arg2 0x102 -> 0x82
06036AA6,Passive10_0048,exact,remap-only,case 0: Normal_Attack arg2 0x102 -> 0x82; case 1: Normal_Attack arg2 0x402 -> 0x202
06036AD0,Passive10_0049,exact,identical,
06036AF0,Passive10_0050,exact,identical,
06036B18,Passive10_0051,exact,remap-only,case 0: Normal_Attack arg2 0x220 -> 0x120
06036B38,Passive10_0052,exact,remap-only,case 0: Normal_Attack arg2 0x202 -> 0x102
06036B74,Passive10_0053,exact,remap-only,case 0: Jump_Attack_Term arg4 0x8400 -> 0x8200; case 0: Jump_Attack_Term arg8 -0x7C00 -> -0x7E00
06036BB6,Passive10_0054,exact,remap-only,case 0: Hi_Jump_Attack_Term arg4 0x8400 -> 0x8200; case 0: Hi_Jump_Attack_Term arg8 0x8400 -> 0x8200
06036BF8,Passive10_0055,events,identical,
06036C2A,Passive10_0056,exact,identical,
06036C6C,Passive10_0057,exact,identical,
06036CAE,Passive10_0058,exact,identical,
06036CCE,Passive10_0059,exact,identical,
06036CFA,Passive10_0060,exact,identical,
06036D18,Passive10_0061,exact,remap-only,case 1: Normal_Attack arg2 0x400 -> 0x200
06036D8A,Passive10_0062,exact,remap-only,case 1: Normal_Attack arg2 0x110 -> 0x90
06036DB6,Passive10_0063,events,identical,
06036DF6,Passive10_0064,exact,remap-only,case 0: Lever_Attack arg3 0x200 -> 0x100
06036E18,Passive10_0065,events,remap-only,case 1: Normal_Attack arg2 0x100 -> 0x80
06036E88,Passive10_0066,exact,identical,
06036ECE,Passive10_0067,events,identical,
06036F00,Passive10_0068,exact,identical,
06036F42,Passive10_0069,events,identical,
06036F8C,Passive10_0070,events,identical,
06036FDE,Passive10_0071,events,identical,
06037034,Passive10_0072,events,identical,
060370B0,Passive10_0073,events,remap-only,case 1: Hi_Jump_Attack_Term arg4 0x8400 -> 0x8200
0603711A,Passive10_0074,exact,identical,
060371BC,Passive10_0075,exact,identical,
06037258,Passive10_0076,exact,remap-only,case 2: Hi_Jump_Attack_Term arg4 0x8400 -> 0x8200
06037322,Passive10_0077,exact,remap-only,case 1: Normal_Attack arg2 0x400 -> 0x200
06037372,Passive10_0078,events,remap-only,case 0: Jump_Attack_Term arg4 0x8400 -> 0x8200
06037418,Passive10_0079,events,identical,
0603746C,Passive10_0080,exact,remap-only,case 1: Normal_Attack arg2 0x400 -> 0x200
060374BC,Passive10_0081,exact,remap-only,case 0: Hi_Jump_Attack_Term arg4 0x8200 -> 0x8100; case 2: Lever_Attack arg3 0x200 -> 0x100
06037540,Passive10_0082,events,remap-only,case 1: Normal_Attack arg2 0x400 -> 0x200
06037594,Passive10_0083,events,identical,
0603763C,Passive10_0084,exact,remap-only,case 0: Hi_Jump_Attack_Term arg4 0x8400 -> 0x8200
060376C4,Passive10_0085,events,identical,
06037702,Passive10_0086,exact,identical,
06037790,Passive10_0087,exact,identical,
06037866,Passive10_0088,exact,identical,
060378F8,Passive10_0089,events,identical,
0603792A,Passive10_0090,events,identical,
0603795C,Passive10_0091,events,identical,
0603798E,Passive10_0092,exact,identical,
060379DC,Passive10_0093,exact,remap-only,case 0: Normal_Attack arg2 0x102 -> 0x82; case 1: Normal_Attack arg2 0x102 -> 0x82
06037A2A,Passive10_0094,exact,identical,
06037A60,Passive10_0095,exact,identical,
06037AA4,Passive10_0096,exact,remap-only,case 1: Normal_Attack arg2 0x402 -> 0x202
06037AE8,Passive10_0097,exact,remap-only,case 2: Lever_Attack arg3 0x110 -> 0x90
06037B62,Passive10_0098,events,identical,
06037BEE,Passive10_0099,exact,identical,
06037C78,Passive10_0100,events,identical,
06037CC8,Passive10_0101,exact,identical,
06037D0C,Passive10_0102,events,remap-only,case 1: Normal_Attack arg2 0x200 -> 0x100
06037D90,Passive10_0103,exact,identical,
06037DCC,Passive10_0104,exact,identical,
06037DEC,Passive10_0105,events,identical,
06037E6C,Passive10_0106,exact,identical,
06037EA8,Passive10_0107,exact,identical,
06037EF6,Passive10_0108,exact,identical,
06037F16,Passive10_0109,exact,identical,
06037F88,Passive10_0110,exact,identical,
06037FE4,Passive10_0111,exact,remap-only,case 1: Normal_Attack arg2 0x200 -> 0x100
06038028,Passive10_0112,events,remap-only,case 1: Normal_Attack arg2 0x200 -> 0x100
060380AA,Passive10_0113,events,identical,
060380F8,Passive10_0114,exact,remap-only,case 0: Jump_Attack_Term arg4 0x400 -> 0x200; case 0: Jump_Attack_Term arg8 0x400 -> 0x200
0603813A,Passive10_0115,events,remap-only,case 0: Normal_Attack arg2 0x220 -> 0x120; case 1: Normal_Attack arg2 0x102 -> 0x82
06038184,Passive10_0116,exact,remap-only,case 0: Jump_Attack_Term arg4 0x400 -> 0x200; case 0: Jump_Attack_Term arg8 0x400 -> 0x200
060381EA,Passive10_0117,exact,remap-only,case 0: Jump_Attack_Term arg4 0x200 -> 0x100; case 0: Jump_Attack_Term arg8 0x200 -> 0x100
0603822C,Passive10_0118,exact,remap-only,case 0: Jump_Attack_Term arg4 0x200 -> 0x100; case 0: Jump_Attack_Term arg8 0x200 -> 0x100
0603826E,Passive10_0119,exact,remap-only,case 0: Normal_Attack arg2 0x400 -> 0x200
0603828E,Passive10_0120,events,identical,
060382FE,Passive10_0121,events,identical,
0603836C,Passive10_0122,events,identical,
060383D4,Passive10_0123,exact,identical,
060383F2,Passive10_0124,exact,remap-only,case 0: Normal_Attack arg2 0x100 -> 0x80
0603842A,Passive10_0125,events,identical,
0603848C,Passive10_0126,events,identical,
060384DE,Passive10_0127,exact,remap-only,case 0: J_Command_Attack arg4 0x700 -> 0x380
06038530,Passive10_0128,low,not-lifted,selector
060385D0,Passive10_0129,events,identical,
06038642,Passive10_0130,exact,remap-only,case 2: Hi_Jump_Attack_Term arg4 0x8400 -> 0x8200
06038712,Passive10_0131,exact,remap-only,case 2: J_Command_Attack arg4 0x700 -> 0x380
06038790,Passive10_0132,low,not-lifted,selector
06038830,Passive10_0133,exact,identical,
06038870,Passive10_0134,low,not-lifted,selector
06038910,Passive10_0135,exact,identical,
0603892E,Passive10_0136,events,identical,
06038970,Passive10_0137,exact,identical,
060389F4,Passive11_0001,exact,identical,
06038A1C,Passive11_0002,exact,identical,
06038A54,Passive11_0003,exact,identical,
06038AD2,Passive11_0004,exact,identical,
06038B34,Passive11_0005,exact,identical,
06038BE8,Passive11_0006,exact,remap-only,case 2: Lever_Attack arg3 0x110 -> 0x90
06038C3C,Passive11_0007,exact,remap-only,case 2: Lever_Attack arg3 0x110 -> 0x90
06038C90,Passive11_0008,exact,remap-only,case 2: Lever_Attack arg3 0x110 -> 0x90
06038D00,Passive11_0009,exact,identical,
06038D4E,Passive11_0010,exact,identical,
06038DBC,Passive11_0011,exact,identical,
06038DDA,Passive11_0012,exact,identical,
06038E06,Passive11_0013,exact,identical,
06038E32,Passive11_0014,exact,identical,
06038E7E,Passive11_0015,exact,remap-only,case 1: Normal_Attack_SP arg2 0x200 -> 0x100
06038ED8,Passive11_0016,exact,remap-only,case 1: Normal_Attack arg2 0x400 -> 0x200
06038F04,Passive11_0017,exact,remap-only,case 1: Normal_Attack arg2 0x402 -> 0x202
06038F30,Passive11_0018,exact,remap-only,case 1: Normal_Attack arg2 0x402 -> 0x202
06038F74,Passive11_0019,exact,identical,
06038FFA,Passive11_0020,exact,remap-only,case 1: Lever_Attack arg3 0x110 -> 0x90
06039028,Passive11_0021,exact,remap-only,case 1: Lever_Attack arg3 0x110 -> 0x90
06039056,Passive11_0022,exact,remap-only,case 1: Lever_Attack arg3 0x110 -> 0x90
06039084,Passive11_0023,exact,identical,
060390DC,Passive11_0024,exact,identical,
0603911C,Passive11_0025,exact,identical,
0603915C,Passive11_0026,exact,identical,
060391AA,Passive11_0027,exact,identical,
060391F8,Passive11_0028,exact,identical,
06039246,Passive11_0029,exact,identical,
06039298,Passive11_0030,exact,remap-only,case 1: Normal_Attack arg2 0x100 -> 0x80; case 2: Lever_Attack arg3 0x200 -> 0x100
060392F0,Passive11_0031,exact,remap-only,case 2: Lever_Attack arg3 0x200 -> 0x100; case 3: Normal_Attack arg2 0x402 -> 0x202
06039336,Passive11_0032,exact,remap-only,case 3: Normal_Attack arg2 0x402 -> 0x202
0603938A,Passive11_0033,exact,remap-only,case 1: Lever_Attack arg3 0x200 -> 0x100
060393D4,Passive11_0034,exact,identical,
0603942A,Passive11_0035,exact,identical,
06039478,Passive11_0036,exact,identical,
060394C6,Passive11_0037,exact,identical,
06039514,Passive11_0038,exact,identical,
06039562,Passive11_0039,exact,identical,
060395B0,Passive11_0040,exact,identical,
06039622,Passive11_0041,exact,identical,
06039686,Passive11_0042,exact,identical,
060396A4,Passive11_0043,exact,identical,
060396F0,Passive11_0044,exact,remap-only,case 0: Jump_Attack_Term arg4 0x400 -> 0x200
06039750,Passive11_0045,exact,identical,
0603979E,Passive11_0046,exact,identical,
060397EC,Passive11_0047,exact,identical,
0603985A,Passive11_0048,exact,identical,
0603989E,Passive11_0049,exact,remap-only,case 0: Normal_Attack arg2 0x100 -> 0x80
060398BE,Passive11_0050,exact,identical,
060398FE,Passive11_0051,exact,identical,
06039960,Passive11_0052,exact,remap-only,case 0: Jump_Attack_Term arg8 0x200 -> 0x100
060399BA,Passive11_0053,exact,remap-only,case 0: Jump_Attack_Term arg4 0x200 -> 0x100
06039A22,Passive11_0054,exact,remap-only,case 1: Normal_Attack arg2 0x102 -> 0x82; case 2: Normal_Attack arg2 0x202 -> 0x102
06039A82,Passive11_0055,exact,remap-only,case 1: Lever_Attack arg3 0x200 -> 0x100
06039AB0,Passive11_0056,exact,identical,
06039B14,Passive11_0057,exact,identical,
06039B88,Passive11_0058,exact,remap-only,case 1: Lever_Attack arg3 0x110 -> 0x90
06039BB6,Passive11_0059,exact,remap-only,case 1: Lever_Attack arg3 0x110 -> 0x90
06039BE4,Passive11_0060,exact,remap-only,case 1: Lever_Attack arg3 0x110 -> 0x90
06039C12,Passive11_0061,exact,identical,
06039C3C,Passive11_0062,exact,remap-only,case 1: Normal_Attack arg2 0x402 -> 0x202
06039C88,Passive11_0063,exact,identical,
06039CDA,Passive11_0064,exact,remap-only,case 1: Normal_Attack arg2 0x400 -> 0x200
06039D06,Passive11_0065,exact,remap-only,case 2: Jump_Attack_Term arg4 0x200 -> 0x100; case 2: Jump_Attack_Term arg8 0x400 -> 0x200
06039DB0,Passive11_0066,exact,identical,
06039E06,Passive11_0067,exact,identical,
06039E5C,Passive11_0068,exact,identical,
06039E86,Passive11_0069,exact,identical,
06039EA6,Passive11_0070,exact,remap-only,case 2: Jump_Attack_Term arg4 0x400 -> 0x200; case 2: Jump_Attack_Term arg8 0x200 -> 0x100
06039F3A,Passive11_0071,exact,identical,
06039F62,Passive11_0072,exact,identical,
06039F94,Passive11_0073,exact,identical,
06039FB4,Passive11_0074,exact,remap-only,case 1: Normal_Attack arg2 0x100 -> 0x80
0603A036,Passive11_0075,exact,remap-only,case 1: Normal_Attack arg2 0x102 -> 0x82
0603A092,Passive11_0076,exact,remap-only,case 1: Normal_Attack arg2 0x402 -> 0x202
0603A0BE,Passive11_0077,exact,remap-only,case 1: Normal_Attack arg2 0x400 -> 0x200
0603A102,Passive11_0078,exact,remap-only,case 0: Normal_Attack arg2 0x220 -> 0x120
0603A14A,Passive11_0079,exact,identical,
0603A1A0,Passive11_0080,exact,remap-only,case 0: Jump_Attack_Term arg4 0x200 -> 0x100; case 1: Normal_Attack arg2 0x202 -> 0x102
0603A234,Passive11_0081,exact,remap-only,case 0: Jump_Attack_Term arg4 0x200 -> 0x100
0603A2C0,Passive11_0082,exact,remap-only,case 0: Jump_Attack_Term arg8 0x200 -> 0x100; case 2: Normal_Attack arg2 0x102 -> 0x82; case 3: Normal_Attack arg2 0x202 -> 0x102
0603A378,Passive11_0083,exact,remap-only,case 0: Lever_Attack arg3 0x110 -> 0x90
0603A39A,Passive11_0084,exact,remap-only,case 0: Lever_Attack arg3 0x110 -> 0x90
0603A3BC,Passive11_0085,exact,remap-only,case 0: Lever_Attack arg3 0x110 -> 0x90
0603A3DE,Passive11_0086,exact,identical,
0603A3FE,Passive11_0087,exact,identical,
0603A454,Passive11_0088,exact,identical,
0603A472,Passive11_0089,exact,identical,
0603A4C4,Passive11_0090,exact,remap-only,case 0: J_Command_Attack arg4 0x700 -> 0x380
0603A4F6,Passive11_0091,exact,remap-only,case 1: Lever_Attack arg3 0x200 -> 0x100; case 3: Normal_Attack arg2 0x402 -> 0x202
0603A57E,Passive11_0092,exact,remap-only,case 2: Normal_Attack arg2 0x202 -> 0x102
0603A5E0,Passive11_0093,exact,remap-only,case 1: Lever_Attack arg3 0x200 -> 0x100; case 2: Normal_Attack arg2 0x402 -> 0x202
0603A634,Passive11_0094,exact,identical,
0603A6AA,Passive11_0095,exact,remap-only,case 0: Normal_Attack arg2 0x100 -> 0x80
0603A6EA,Passive11_0096,exact,remap-only,case 1: Normal_Attack arg2 0x400 -> 0x200
0603A72A,Passive11_0097,exact,identical,
0603A7B6,Passive11_0098,exact,identical,
0603A7FA,Passive11_0099,exact,remap-only,case 0: Normal_Attack arg2 0x202 -> 0x102
0603A81A,Passive11_0100,exact,remap-only,case 0: Normal_Attack arg2 0x402 -> 0x202
0603A83A,Passive11_0101,exact,remap-only,case 1: Normal_Attack arg2 0x202 -> 0x102
0603A8CC,Passive11_0102,exact,remap-only,case 0: Jump_Attack_Term arg4 0x200 -> 0x100
0603A956,Passive11_0103,exact,remap-only,case 0: Normal_Attack arg2 0x202 -> 0x102
0603A9C0,Passive11_0104,exact,identical,
0603A9FA,Passive11_0105,exact,identical,
0603AA6E,Passive11_0106,exact,remap-only,case 0: Jump_Attack_Term arg4 0x200 -> 0x100
0603AAE0,Passive11_0107,exact,identical,
0603AB2E,Passive11_0108,exact,identical,
0603AB7C,Passive11_0109,exact,identical,
0603ABCA,Passive11_0110,exact,identical,
0603AC2E,Passive11_0111,exact,identical,
0603AC92,Passive11_0112,exact,identical,
0603ACB2,Passive11_0113,exact,remap-only,case 1: Normal_Attack_SP arg2 0x200 -> 0x100
0603AD20,Passive11_0114,exact,remap-only,case 0: Jump_Attack_Term arg4 0x200 -> 0x100; case 1: Normal_Attack arg2 0x202 -> 0x102
0603AD88,Passive11_0115,exact,remap-only,case 0: Jump_Attack_Term arg4 0x200 -> 0x100
0603AE3E,Passive11_0116,exact,identical,
0603AE5C,Passive11_0117,exact,remap-only,case 0: Normal_Attack arg2 0x100 -> 0x80
0603AE9C,Passive11_0118,exact,remap-only,case 0: Normal_Attack arg2 0x100 -> 0x80
0603AEDC,Passive11_0119,exact,identical,
0603AF44,Passive11_0120,exact,identical,
0603AF64,Passive11_0121,exact,remap-only,case 1: Normal_Attack arg2 0x102 -> 0x82
0603AFA8,Passive11_0122,exact,remap-only,case 0: Normal_Attack arg2 0x102 -> 0x82; case 1: Normal_Attack arg2 0x202 -> 0x102
0603AFD4,Passive11_0123,exact,remap-only,case 1: Normal_Attack arg2 0x202 -> 0x102
0603B034,Passive11_0124,exact,remap-only,case 0: Normal_Attack arg2 0x102 -> 0x82; case 1: Normal_Attack arg2 0x202 -> 0x102
0603B07E,Passive11_0125,exact,remap-only,case 0: Normal_Attack arg2 0x102 -> 0x82; case 2: Normal_Attack arg2 0x402 -> 0x202
0603B0CC,Passive11_0126,exact,remap-only,case 1: Normal_Attack arg2 0x202 -> 0x102
0603B164,Passive11_0127,exact,remap-only,case 0: Jump_Command_Attack_Term arg4 0x700 -> 0x380
0603B1AC,Passive11_0128,exact,remap-only,case 0: Normal_Attack arg2 0x100 -> 0x80; case 1: Jump_Attack_Term arg4 0x200 -> 0x100
0603B22A,Passive11_0129,exact,identical,
0603B298,Passive11_0130,exact,remap-only,case 0: Normal_Attack arg2 0x100 -> 0x80; case 1: Jump_Attack_Term arg4 0x200 -> 0x100
0603B316,Passive11_0131,exact,identical,
0603B388,Passive11_0132,exact,remap-only,case 0: Jump_Attack_Term arg4 0x200 -> 0x100; case 1: Normal_Attack arg2 0x400 -> 0x200
0603B3F0,Passive11_0133,exact,remap-only,case 0: Jump_Attack_Term arg4 0x200 -> 0x100; case 1: Normal_Attack arg2 0x400 -> 0x200
0603B494,Passive11_0134,exact,remap-only,case 0: Jump_Attack_Term arg8 0x200 -> 0x100
0603B4FC,Passive11_0135,exact,remap-only,case 0: Hi_Jump_Command_Attack_Term arg4 0x700 -> 0x380
0603B544,Passive11_0136,exact,identical,
0603B5B4,Passive11_0137,exact,identical,
0603B602,Passive11_0138,exact,identical,
0603B648,Passive11_0139,exact,remap-only,case 0: Jump_Attack_Term arg4 0x200 -> 0x100
0603B68A,Passive11_0140,exact,identical,
0603B710,Passive11_0141,exact,identical,
0603B766,Passive11_0142,exact,identical,
0603B7DA,Passive11_0143,exact,identical,
0603B848,Passive11_0144,exact,identical,
0603B900,Passive11_0145,exact,identical,
0603B984,Passive11_0146,exact,identical,
0603B9DA,Passive11_0147,exact,identical,
0603BA0C,Passive11_0148,exact,identical,
0603BA3E,Passive11_0149,exact,remap-only,case 0: Jump_Attack_Term arg4 0x200 -> 0x100; case 1: Normal_Attack arg2 0x202 -> 0x102
0603BAD0,Passive11_0150,exact,identical,
0603BAEE,Passive11_0151,exact,remap-only,case 2: Normal_Attack arg2 0x102 -> 0x82; case 3: Normal_Attack arg2 0x102 -> 0x82; case 5: Normal_Attack arg2 0x202 -> 0x102
0603BB98,Passive11_0152,exact,remap-only,case 0: Normal_Attack arg2 0x200 -> 0x100
0603BBE2,Passive11_0153,exact,identical,
0603BC0E,Passive11_0154,exact,identical,
0603BC3A,Passive11_0155,exact,identical,
0603BC90,Passive11_0156,exact,identical,
0603BCDE,Passive11_0157,exact,identical,
0603BD22,Passive11_0158,exact,remap-only,case 0: Normal_Attack arg2 0x100 -> 0x80; case 1: Normal_Attack arg2 0x102 -> 0x82; case 2: Normal_Attack arg2 0x102 -> 0x82
0603BDB2,Passive11_0159,exact,identical,
0603BE16,Passive11_0160,exact,remap-only,case 0: Jump_Attack_Term arg4 0x200 -> 0x100; case 1: Normal_Attack arg2 0x202 -> 0x102
0603BEB4,Passive11_0161,events,not-lifted,insn 4308
0603BF3E,Passive11_0162,exact,identical,
0603BF7E,Passive11_0163,exact,remap-only,case 0: Jump_Attack_Term arg4 0x200 -> 0x100; case 0: Jump_Attack_Term arg8 0x200 -> 0x100; case 2: Normal_Attack arg2 0x102 -> 0x82; case 3: Normal_Attack arg2 0x202 -> 0x102
0603C046,Passive11_0164,exact,remap-only,case 0: Jump_Attack_Term arg4 0x400 -> 0x200; case 0: Jump_Attack_Term arg8 0x200 -> 0x100; case 1: Normal_Attack arg2 0x402 -> 0x202
0603C098,Passive11_0165,exact,remap-only,case 0: Normal_Attack_SP arg2 0x200 -> 0x100
0603C0BA,Passive11_0166,exact,remap-only,case 0: Jump_Attack_Term arg4 0x400 -> 0x200; case 0: Jump_Attack_Term arg8 0x200 -> 0x100; case 1: Normal_Attack arg2 0x402 -> 0x202
0603C13E,Passive11_0167,exact,remap-only,case 0: Jump_Attack_Term arg4 0x400 -> 0x200; case 0: Jump_Attack_Term arg8 0x200 -> 0x100; case 1: Normal_Attack arg2 0x402 -> 0x202
0603C1A6,Passive11_0168,exact,identical,
0603C1C8,Passive11_0169,exact,remap-only,case 1: Normal_Attack arg2 0x400 -> 0x200
0603C256,Passive11_0170,exact,identical,
0603C282,Passive11_0171,exact,identical,
0603C2D0,Passive11_0172,exact,identical,
0603C338,Passive11_0173,exact,identical,
0603C3A2,Passive11_0174,exact,identical,
0603C466,Passive11_0175,exact,identical,
0603C4B0,Passive11_0176,exact,remap-only,case 0: Normal_Attack arg2 0x102 -> 0x82; case 1: Normal_Attack arg2 0x102 -> 0x82; case 2: Normal_Attack arg2 0x102 -> 0x82
0603C53C,Passive11_0177,exact,remap-only,case 1: Normal_Attack arg2 0x200 -> 0x100
0603C5B6,Passive11_0178,exact,remap-only,case 0: Jump_Attack_Term arg8 0x200 -> 0x100
0603C676,Passive11_0179,exact,identical,
0603C6A8,Passive11_0180,exact,remap-only,case 0: Lever_Attack arg3 0x200 -> 0x100
0603C6EA,Passive11_0181,exact,identical,
0603C71C,Passive11_0182,exact,identical,
0603C75C,Passive11_0183,exact,remap-only,case 0: Jump_Attack_Term arg8 0x200 -> 0x100
0603C7C4,Passive11_0184,exact,remap-only,case 0: Jump_Attack_Term arg4 0x200 -> 0x100; case 0: Jump_Attack_Term arg8 0x200 -> 0x100; case 2: Normal_Attack arg2 0x102 -> 0x82; case 3: Normal_Attack arg2 0x202 -> 0x102
0603C886,Passive11_0185,exact,identical,
0603C8CA,Passive11_0186,exact,identical,
0603C91C,Passive11_0187,exact,identical,
0603C98C,Passive11_0188,exact,identical,
0603C9BE,Passive11_0189,exact,identical,
0603CA0A,Passive11_0190,exact,identical,
0603CA56,Passive11_0191,exact,identical,
0603CA9E,Passive11_0192,exact,identical,
0603CB04,Passive11_0193,exact,identical,
0603CB4E,Passive11_0194,exact,remap-only,case 0: Normal_Attack arg2 0x200 -> 0x100
0603CB94,Passive11_0195,exact,remap-only,case 0: Normal_Attack arg2 0x400 -> 0x200
0603CC00,Passive11_0196,exact,identical,
0603CC4C,Passive11_0197,exact,remap-only,case 1: Normal_Attack arg2 0x200 -> 0x100
0603CC90,Passive11_0198,exact,identical,
0603CCAE,Passive11_0199,exact,identical,
0603CD10,Passive11_0200,exact,identical,
0603CD50,Passive11_0201,exact,identical,
0603CDB2,Passive11_0202,exact,identical,
0603CE26,Passive11_0203,exact,identical,
0603CE9C,Passive11_0204,exact,identical,
0603CF06,Passive11_0205,exact,remap-only,case 0: Normal_Attack arg2 0x220 -> 0x120; case 1: Normal_Attack arg2 0x102 -> 0x82; case 2: Normal_Attack arg2 0x202 -> 0x102
0603CF88,Passive11_0206,exact,identical,
0603CFA8,Passive11_0207,exact,identical,
0603CFF8,Passive11_0208,exact,identical,
0603D048,Passive11_0209,exact,remap-only,case 1: Normal_Attack arg2 0x200 -> 0x100
0603D0B2,Passive11_0210,exact,remap-only,case 1: J_Command_Attack arg4 0x700 -> 0x380; case 2: Normal_Attack arg2 0x402 -> 0x202
0603D0FC,Passive11_0211,exact,identical,
0603D1BC,Passive11_0212,exact,identical,
0603D230,Passive11_0213,exact,identical,
0603D270,Passive11_0214,exact,remap-only,case 0: Jump_Attack_Term arg4 0x200 -> 0x100; case 1: Normal_Attack arg2 0x202 -> 0x102
0603D31A,Passive11_0215,exact,identical,
0603D362,Passive11_0216,exact,remap-only,case 0: Jump_Attack_Term arg4 0x200 -> 0x100; case 1: Normal_Attack arg2 0x202 -> 0x102
0603D3F8,Passive11_0217,exact,remap-only,case 0: Jump_Attack_Term arg8 0x200 -> 0x100
0603D452,Passive11_0218,exact,remap-only,case 0: Jump_Attack_Term arg8 0x200 -> 0x100
0603D4D8,Passive11_0219,exact,remap-only,case 3: Normal_Attack arg2 0x202 -> 0x102
0603D564,Passive11_0220,exact,remap-only,case 3: Normal_Attack arg2 0x402 -> 0x202
0603D5F2,Passive11_0221,exact,remap-only,case 3: Lever_Attack arg3 0x110 -> 0x90
0603D65C,Passive11_0222,exact,remap-only,case 3: Lever_Attack arg3 0x110 -> 0x90
0603D6E4,Passive11_0223,exact,remap-only,case 3: Lever_Attack arg3 0x110 -> 0x90
0603D74E,Passive11_0224,exact,identical,
0603D7B2,Passive11_0225,exact,remap-only,case 1: Normal_Attack arg2 0x402 -> 0x202
0603D81C,Passive11_0226,exact,remap-only,case 2: Normal_Attack arg2 0x202 -> 0x102
0603D87C,Passive11_0227,exact,remap-only,case 2: Normal_Attack arg2 0x402 -> 0x202
0603D900,Passive11_0228,exact,remap-only,case 2: Normal_Attack arg2 0x202 -> 0x102
0603D95A,Passive11_0229,exact,remap-only,case 2: Normal_Attack arg2 0x200 -> 0x100
0603D9B4,Passive11_0230,exact,remap-only,case 2: Normal_Attack arg2 0x400 -> 0x200
0603DA44,Passive11_0231,exact,identical,
0603DA94,Passive11_0232,exact,identical,
0603DAC6,Passive11_0233,exact,remap-only,case 0: J_Command_Attack arg4 0x700 -> 0x380
0603DB28,Passive11_0234,exact,remap-only,case 0: Jump_Command_Attack_Term arg4 0x700 -> 0x380
0603DB70,Passive11_0235,exact,remap-only,case 0: Hi_Jump_Command_Attack_Term arg4 0x700 -> 0x380
0603DBB8,Passive11_0236,exact,identical,
0603DC70,Passive11_0238,exact,remap-only,case 0: Hi_Jump_Attack_Term arg4 0x200 -> 0x100; case 0: Hi_Jump_Attack_Term arg8 0x200 -> 0x100; case 1: J_Command_Attack arg4 0x700 -> 0x380
0603DCCA,Passive11_0239,exact,identical,
0603DD02,Passive11_0240,exact,identical,
0603DD2C,Passive11_0241,exact,identical,
0603DD94,Passive11_0242,exact,identical,
0603DDD0,Passive11_0243,exact,remap-only,case 0: Lever_Attack arg3 0x200 -> 0x100
0603DDF2,Passive11_0244,exact,remap-only,case 0: Lever_Attack arg3 0x400 -> 0x200
0603DE14,Passive11_0245,exact,remap-only,case 0: Lever_Attack_SP arg3 0x400 -> 0x200
0603DE46,Passive11_0246,exact,remap-only,case 0: Lever_Attack arg3 0x200 -> 0x100
0603DE68,Passive11_0247,exact,identical,
0603DEC0,Passive11_0248,exact,remap-only,case 0: Lever_Attack_SP arg3 0x400 -> 0x200
0603DF0E,Passive11_0249,exact,remap-only,case 1: Lever_Attack_SP arg3 0x400 -> 0x200
0603DF66,Passive11_0250,exact,remap-only,case 1: Lever_Attack arg3 0x400 -> 0x200; case 2: Lever_Attack arg3 0x200 -> 0x100
0603DFC2,Passive11_0251,exact,identical,
0603DFFE,Passive11_0252,exact,identical,
0603E038,Passive11_0253,exact,remap-only,case 0: Normal_Attack arg2 0x200 -> 0x100
0603E058,Passive11_0254,exact,identical,
0603E11C,Passive12_0001,exact,identical,
0603E144,Passive12_0002,exact,remap-only,case 0: Normal_Attack arg2 0x220 -> 0x120
0603E184,Passive12_0003,exact,identical,
0603E200,Passive12_0004,exact,identical,
0603E262,Passive12_0005,exact,remap-only,case 0: Normal_Attack arg2 0x220 -> 0x120
0603E2B8,Passive12_0006,exact,remap-only,case 2: Lever_Attack arg3 0x110 -> 0x90
0603E32E,Passive12_0007,exact,remap-only,case 2: Lever_Attack arg3 0x110 -> 0x90
0603E382,Passive12_0008,exact,remap-only,case 2: Normal_Attack arg2 0x110 -> 0x90
0603E3D4,Passive12_0009,exact,identical,
0603E442,Passive12_0010,exact,identical,
0603E4B0,Passive12_0011,exact,identical,
0603E4CE,Passive12_0012,exact,identical,
0603E524,Passive12_0013,exact,identical,
0603E550,Passive12_0014,exact,remap-only,case 1: Normal_Attack arg2 0x100 -> 0x80
0603E57C,Passive12_0015,exact,remap-only,case 1: Normal_Attack arg2 0x200 -> 0x100
0603E5A8,Passive12_0016,exact,remap-only,case 1: Normal_Attack arg2 0x400 -> 0x200
0603E5D4,Passive12_0017,exact,remap-only,case 1: Normal_Attack arg2 0x402 -> 0x202
0603E618,Passive12_0018,exact,remap-only,case 1: Normal_Attack arg2 0x402 -> 0x202
0603E65C,Passive12_0019,exact,identical,
0603E69C,Passive12_0020,exact,remap-only,case 1: Lever_Attack arg3 0x110 -> 0x90
0603E6CA,Passive12_0021,exact,remap-only,case 1: Lever_Attack arg3 0x110 -> 0x90
0603E71C,Passive12_0022,exact,remap-only,case 1: Normal_Attack arg2 0x110 -> 0x90
0603E748,Passive12_0023,exact,identical,
0603E788,Passive12_0024,exact,identical,
0603E7C8,Passive12_0025,exact,identical,
0603E820,Passive12_0026,exact,identical,
0603E852,Passive12_0027,exact,identical,
0603E884,Passive12_0028,exact,identical,
0603E8B6,Passive12_0029,exact,identical,
0603E908,Passive12_0030,exact,remap-only,case 1: Normal_Attack arg2 0x100 -> 0x80; case 2: Lever_Attack arg3 0x200 -> 0x100
0603E958,Passive12_0031,exact,remap-only,case 2: Lever_Attack arg3 0x200 -> 0x100; case 3: Normal_Attack arg2 0x402 -> 0x202
0603E99E,Passive12_0032,exact,remap-only,case 3: Normal_Attack arg2 0x402 -> 0x202
0603E9F2,Passive12_0033,exact,remap-only,case 1: Lever_Attack arg3 0x200 -> 0x100
0603EA3C,Passive12_0034,exact,identical,
0603EA92,Passive12_0035,exact,identical,
0603EAC4,Passive12_0036,exact,identical,
0603EAF6,Passive12_0037,exact,identical,
0603EB48,Passive12_0038,exact,identical,
0603EB96,Passive12_0039,exact,identical,
0603EBE4,Passive12_0040,exact,identical,
0603EC32,Passive12_0041,exact,identical,
0603EC96,Passive12_0042,exact,identical,
0603ECB4,Passive12_0043,exact,identical,
0603ECFA,Passive12_0044,exact,remap-only,case 0: Jump_Attack_Term arg4 0x400 -> 0x200
0603ED5C,Passive12_0045,exact,identical,
0603ED8E,Passive12_0046,exact,identical,
0603EDC0,Passive12_0047,exact,identical,
0603EDF2,Passive12_0048,exact,identical,
0603EE12,Passive12_0049,exact,remap-only,case 0: Normal_Attack arg2 0x100 -> 0x80
0603EE50,Passive12_0050,exact,identical,
0603EE90,Passive12_0051,exact,remap-only,case 0: Normal_Attack arg2 0x100 -> 0x80; case 1: Normal_Attack arg2 0x100 -> 0x80
0603EED4,Passive12_0052,exact,remap-only,case 0: Jump_Attack_Term arg8 0x200 -> 0x100
0603EF50,Passive12_0053,exact,remap-only,case 0: Jump_Attack_Term arg4 0x200 -> 0x100
0603EFB8,Passive12_0054,exact,remap-only,case 1: Normal_Attack arg2 0x102 -> 0x82; case 2: Normal_Attack arg2 0x202 -> 0x102
0603EFF0,Passive12_0055,exact,remap-only,case 1: Lever_Attack arg3 0x200 -> 0x100
0603F048,Passive12_0056,exact,identical,
0603F0AC,Passive12_0057,exact,identical,
0603F110,Passive12_0058,exact,remap-only,case 1: Lever_Attack arg3 0x110 -> 0x90
0603F158,Passive12_0059,exact,remap-only,case 1: Lever_Attack arg3 0x110 -> 0x90
0603F186,Passive12_0060,exact,remap-only,case 1: Normal_Attack arg2 0x110 -> 0x90
0603F1B2,Passive12_0061,exact,identical,
0603F1DC,Passive12_0062,exact,remap-only,case 1: Normal_Attack arg2 0x402 -> 0x202
0603F228,Passive12_0063,exact,remap-only,case 2: Jump_Attack_Term arg4 0x200 -> 0x100; case 2: Jump_Attack_Term arg8 0x200 -> 0x100; case 3: Normal_Attack arg2 0x102 -> 0x82; case 4: Normal_Attack arg2 0x102 -> 0x82; case 5: Normal_Attack arg2 0x202 -> 0x102
0603F2C8,Passive12_0064,exact,remap-only,case 1: Normal_Attack arg2 0x400 -> 0x200
0603F324,Passive12_0065,exact,remap-only,case 1: Jump_Attack_Term arg4 0x200 -> 0x100; case 1: Jump_Attack_Term arg8 0x400 -> 0x200
0603F38C,Passive12_0066,exact,identical,
0603F3CC,Passive12_0067,exact,identical,
0603F434,Passive12_0068,exact,identical,
0603F45E,Passive12_0069,exact,identical,
0603F47E,Passive12_0070,exact,remap-only,case 1: Jump_Attack_Term arg4 0x400 -> 0x200; case 1: Jump_Attack_Term arg8 0x200 -> 0x100
0603F4E6,Passive12_0071,exact,identical,
0603F53C,Passive12_0072,exact,identical,
0603F566,Passive12_0073,exact,identical,
0603F586,Passive12_0074,exact,remap-only,case 1: Normal_Attack arg2 0x100 -> 0x80
0603F5CA,Passive12_0075,exact,remap-only,case 1: Normal_Attack arg2 0x102 -> 0x82
0603F658,Passive12_0076,exact,remap-only,case 1: Normal_Attack arg2 0x402 -> 0x202
0603F684,Passive12_0077,exact,remap-only,case 0: Normal_Attack arg2 0x400 -> 0x200
0603F6A4,Passive12_0078,exact,remap-only,case 0: Normal_Attack arg2 0x220 -> 0x120
0603F6C4,Passive12_0079,exact,identical,
0603F71A,Passive12_0080,exact,remap-only,case 0: Jump_Attack_Term arg4 0x200 -> 0x100; case 1: Normal_Attack arg2 0x202 -> 0x102
0603F7A4,Passive12_0081,exact,remap-only,case 0: Jump_Attack_Term arg4 0x200 -> 0x100
0603F814,Passive12_0082,exact,remap-only,case 0: Jump_Attack_Term arg8 0x200 -> 0x100; case 2: Normal_Attack arg2 0x102 -> 0x82; case 3: Normal_Attack arg2 0x202 -> 0x102
0603F8DE,Passive12_0083,exact,remap-only,case 0: Lever_Attack arg3 0x110 -> 0x90
0603F900,Passive12_0084,exact,remap-only,case 0: Normal_Attack arg2 0x110 -> 0x90
0603F920,Passive12_0085,exact,remap-only,case 0: Lever_Attack arg3 0x110 -> 0x90
0603F942,Passive12_0086,exact,identical,
0603F998,Passive12_0087,exact,identical,
0603F9CA,Passive12_0088,exact,identical,
0603F9E8,Passive12_0089,exact,identical,
0603FA3A,Passive12_0090,exact,remap-only,case 1: Normal_Attack arg2 0x100 -> 0x80
0603FAC2,Passive12_0091,exact,remap-only,case 1: Lever_Attack arg3 0x200 -> 0x100; case 3: Normal_Attack arg2 0x402 -> 0x202
0603FB20,Passive12_0092,exact,remap-only,case 1: Lever_Attack arg3 0x200 -> 0x100
0603FBAC,Passive12_0093,exact,remap-only,case 1: Lever_Attack arg3 0x200 -> 0x100; case 2: Normal_Attack arg2 0x402 -> 0x202
0603FC00,Passive12_0094,exact,identical,
0603FC4E,Passive12_0095,exact,remap-only,case 0: Normal_Attack arg2 0x100 -> 0x80
0603FCBC,Passive12_0096,exact,remap-only,case 1: Normal_Attack arg2 0x100 -> 0x80
0603FCFC,Passive12_0097,exact,identical,
0603FD44,Passive12_0098,exact,identical,
0603FD64,Passive12_0099,exact,remap-only,case 0: Normal_Attack arg2 0x202 -> 0x102
0603FD84,Passive12_0100,exact,remap-only,case 0: Normal_Attack arg2 0x402 -> 0x202
0603FDC0,Passive12_0101,exact,remap-only,case 0: Normal_Attack arg2 0x202 -> 0x102
0603FE16,Passive12_0102,exact,remap-only,case 0: Jump_Attack_Term arg4 0x200 -> 0x100
0603FE84,Passive12_0103,exact,remap-only,case 0: Normal_Attack arg2 0x202 -> 0x102
0603FEE6,Passive12_0104,exact,remap-only,case 0: Normal_Attack arg2 0x402 -> 0x202
0603FF26,Passive12_0105,exact,identical,
0603FF9A,Passive12_0106,exact,remap-only,case 0: Jump_Attack_Term arg4 0x200 -> 0x100
06040006,Passive12_0107,exact,identical,
06040054,Passive12_0108,exact,identical,
060400A2,Passive12_0109,exact,identical,
06040116,Passive12_0110,exact,identical,
0604017A,Passive12_0111,exact,identical,
060401FC,Passive12_0112,exact,identical,
0604021C,Passive12_0113,exact,remap-only,case 0: Normal_Attack arg2 0x200 -> 0x100
0604023C,Passive12_0114,exact,remap-only,case 0: Jump_Attack_Term arg4 0x200 -> 0x100; case 2: Normal_Attack arg2 0x402 -> 0x202
06040298,Passive12_0115,exact,remap-only,case 0: Jump_Attack_Term arg4 0x200 -> 0x100
06040342,Passive12_0116,exact,identical,
06040360,Passive12_0117,exact,remap-only,case 0: Normal_Attack arg2 0x100 -> 0x80
060403A0,Passive12_0118,exact,remap-only,case 0: Normal_Attack arg2 0x100 -> 0x80
06040408,Passive12_0119,exact,remap-only,case 0: Normal_Attack arg2 0x100 -> 0x80
0604045E,Passive12_0120,exact,remap-only,case 0: Normal_Attack arg2 0x102 -> 0x82; case 1: Normal_Attack arg2 0x102 -> 0x82; case 2: Normal_Attack arg2 0x202 -> 0x102
060404B2,Passive12_0121,exact,remap-only,case 0: Normal_Attack arg2 0x102 -> 0x82
060404D2,Passive12_0122,exact,remap-only,case 0: Normal_Attack arg2 0x102 -> 0x82; case 1: Normal_Attack arg2 0x202 -> 0x102
0604051E,Passive12_0123,exact,remap-only,case 0: Normal_Attack arg2 0x102 -> 0x82; case 1: Normal_Attack arg2 0x202 -> 0x102; case 2: Normal_Attack arg2 0x402 -> 0x202
06040564,Passive12_0124,exact,remap-only,case 0: Normal_Attack arg2 0x102 -> 0x82; case 1: Normal_Attack arg2 0x202 -> 0x102
060405AE,Passive12_0125,exact,remap-only,case 0: Normal_Attack arg2 0x102 -> 0x82; case 2: Normal_Attack arg2 0x402 -> 0x202
0604061A,Passive12_0126,exact,remap-only,case 0: Normal_Attack arg2 0x102 -> 0x82; case 1: Normal_Attack arg2 0x102 -> 0x82; case 3: Normal_Attack arg2 0x202 -> 0x102
06040676,Passive12_0127,exact,remap-only,case 0: Normal_Attack arg2 0x100 -> 0x80; case 1: Jump_Attack_Term arg4 0x200 -> 0x100; case 4: Normal_Attack arg2 0x402 -> 0x202
06040722,Passive12_0128,exact,remap-only,case 0: Normal_Attack arg2 0x100 -> 0x80; case 1: Jump_Attack_Term arg4 0x200 -> 0x100
060407A0,Passive12_0129,exact,remap-only,case 0: Normal_Attack arg2 0x100 -> 0x80; case 1: Jump_Attack_Term arg8 0x200 -> 0x100; case 3: Normal_Attack arg2 0x102 -> 0x82; case 4: Normal_Attack arg2 0x202 -> 0x102
06040852,Passive12_0130,exact,remap-only,case 0: Normal_Attack arg2 0x100 -> 0x80; case 1: Jump_Attack_Term arg4 0x200 -> 0x100
060408D0,Passive12_0131,exact,identical,
06040948,Passive12_0132,exact,remap-only,case 0: Jump_Attack_Term arg4 0x200 -> 0x100; case 1: Normal_Attack arg2 0x400 -> 0x200
060409B0,Passive12_0133,exact,remap-only,case 0: Jump_Attack_Term arg4 0x200 -> 0x100; case 1: Normal_Attack arg2 0x400 -> 0x200
06040A52,Passive12_0134,exact,remap-only,case 0: Jump_Attack_Term arg8 0x200 -> 0x100
06040ABA,Passive12_0135,exact,identical,
06040B08,Passive12_0136,exact,remap-only,case 2: Normal_Attack arg2 0x402 -> 0x202
06040B88,Passive12_0137,exact,identical,
06040BD6,Passive12_0138,exact,identical,
06040C24,Passive12_0139,exact,identical,
06040CAC,Passive12_0140,exact,identical,
06040D10,Passive12_0141,exact,identical,
06040D70,Passive12_0142,exact,identical,
06040DE4,Passive12_0143,exact,identical,
06040E78,Passive12_0144,exact,identical,
06040EFC,Passive12_0145,exact,identical,
06040FA2,Passive12_0146,exact,identical,
06040FF8,Passive12_0147,exact,remap-only,case 2: Normal_Attack arg2 0x102 -> 0x82; case 3: Normal_Attack arg2 0x102 -> 0x82; case 4: Normal_Attack arg2 0x202 -> 0x102
06041094,Passive12_0148,exact,remap-only,case 2: Normal_Attack arg2 0x102 -> 0x82; case 3: Normal_Attack arg2 0x202 -> 0x102
060410E8,Passive12_0149,exact,remap-only,case 2: Normal_Attack arg2 0x102 -> 0x82; case 3: Normal_Attack arg2 0x202 -> 0x102; case 4: Normal_Attack arg2 0x402 -> 0x202
0604116C,Passive12_0150,exact,remap-only,case 2: Normal_Attack arg2 0x102 -> 0x82; case 4: Normal_Attack arg2 0x402 -> 0x202
060411DA,Passive12_0151,exact,remap-only,case 2: Normal_Attack arg2 0x102 -> 0x82; case 3: Normal_Attack arg2 0x102 -> 0x82; case 5: Normal_Attack arg2 0x202 -> 0x102
06041276,Passive12_0152,exact,remap-only,case 0: Normal_Attack arg2 0x200 -> 0x100
060412C0,Passive12_0153,exact,identical,
06041316,Passive12_0154,exact,identical,
06041370,Passive12_0155,exact,identical,
0604139C,Passive12_0156,exact,identical,
060413EA,Passive12_0157,events,not-lifted,insn 4308
060414B4,Passive12_0158,exact,remap-only,case 2: Jump_Attack_Term arg4 0x200 -> 0x100; case 5: Normal_Attack arg2 0x402 -> 0x202
06041578,Passive12_0159,exact,identical,
060415DC,Passive12_0160,exact,remap-only,case 0: Jump_Attack_Term arg4 0x200 -> 0x100; case 1: Normal_Attack arg2 0x202 -> 0x102
06041644,Passive12_0161,exact,remap-only,case 0: Jump_Attack_Term arg4 0x200 -> 0x100
060416E4,Passive12_0162,exact,identical,
06041724,Passive12_0163,exact,remap-only,case 0: Jump_Attack_Term arg4 0x200 -> 0x100; case 0: Jump_Attack_Term arg8 0x200 -> 0x100; case 2: Normal_Attack arg2 0x102 -> 0x82; case 3: Normal_Attack arg2 0x202 -> 0x102
060417E8,Passive12_0164,exact,remap-only,case 0: Jump_Attack_Term arg4 0x400 -> 0x200; case 0: Jump_Attack_Term arg8 0x200 -> 0x100; case 1: Normal_Attack arg2 0x402 -> 0x202
0604183A,Passive12_0165,exact,remap-only,case 0: Jump_Attack_Term arg4 0x400 -> 0x200; case 0: Jump_Attack_Term arg8 0x200 -> 0x100; case 1: Normal_Attack arg2 0x402 -> 0x202
060418D0,Passive12_0166,exact,remap-only,case 0: Jump_Attack_Term arg4 0x400 -> 0x200; case 0: Jump_Attack_Term arg8 0x200 -> 0x100; case 1: Normal_Attack arg2 0x402 -> 0x202
06041922,Passive12_0167,exact,remap-only,case 0: Jump_Attack_Term arg4 0x400 -> 0x200; case 0: Jump_Attack_Term arg8 0x200 -> 0x100; case 1: Normal_Attack arg2 0x402 -> 0x202
0604198A,Passive12_0168,exact,identical,
060419D4,Passive12_0169,exact,remap-only,case 0: Normal_Attack arg2 0x400 -> 0x200
06041A14,Passive12_0170,exact,identical,
06041A40,Passive12_0171,exact,identical,
06041A8E,Passive12_0172,exact,identical,
06041AF6,Passive12_0173,exact,remap-only,case 0: Jump_Attack_Term arg4 0x200 -> 0x100; case 0: Jump_Attack_Term arg8 0x200 -> 0x100; case 1: Normal_Attack arg2 0x102 -> 0x82; case 2: Normal_Attack arg2 0x102 -> 0x82; case 3: Normal_Attack arg2 0x202 -> 0x102
06041BC0,Passive12_0174,exact,identical,
06041C52,Passive12_0175,exact,identical,
06041CC8,Passive12_0176,exact,remap-only,case 2: Normal_Attack arg2 0x200 -> 0x100
06041D3A,Passive12_0177,exact,remap-only,case 0: Normal_Attack arg2 0x200 -> 0x100
06041DB8,Passive12_0178,exact,remap-only,case 0: Jump_Attack_Term arg8 0x200 -> 0x100
06041E42,Passive12_0179,exact,remap-only,case 0: Lever_Attack arg3 0x200 -> 0x100; case 1: Normal_Attack arg2 0x400 -> 0x200
06041E70,Passive12_0180,exact,remap-only,case 0: Lever_Attack arg3 0x200 -> 0x100
06041EE0,Passive12_0181,exact,remap-only,case 0: Lever_Attack arg3 0x200 -> 0x100; case 1: Normal_Attack arg2 0x400 -> 0x200
06041F30,Passive12_0182,exact,identical,
06041F50,Passive12_0183,exact,remap-only,case 0: Jump_Attack_Term arg8 0x200 -> 0x100
06041FE4,Passive12_0184,exact,remap-only,case 0: Jump_Attack_Term arg4 0x200 -> 0x100; case 0: Jump_Attack_Term arg8 0x200 -> 0x100; case 2: Normal_Attack arg2 0x102 -> 0x82; case 3: Normal_Attack arg2 0x202 -> 0x102
06042082,Passive12_0185,exact,identical,
060420A2,Passive12_0186,exact,identical,
06042120,Passive12_0187,exact,identical,
06042172,Passive12_0188,exact,identical,
060421C4,Passive12_0189,exact,identical,
06042228,Passive12_0190,exact,identical,
06042274,Passive12_0191,exact,identical,
060422BC,Passive12_0192,exact,identical,
0604232C,Passive12_0193,exact,identical,
06042376,Passive12_0194,exact,remap-only,case 0: Normal_Attack arg2 0x200 -> 0x100
060423BC,Passive12_0195,exact,remap-only,case 0: Normal_Attack arg2 0x400 -> 0x200
06042402,Passive12_0196,exact,identical,
06042470,Passive12_0197,exact,remap-only,case 1: Normal_Attack arg2 0x200 -> 0x100
060424B4,Passive12_0198,exact,identical,
060424D2,Passive12_0199,exact,identical,
06042512,Passive12_0200,exact,identical,
06042576,Passive12_0201,exact,identical,
060425D8,Passive12_0202,exact,identical,
0604262E,Passive12_0203,exact,identical,
06042698,Passive12_0204,exact,identical,
06042702,Passive12_0205,exact,remap-only,case 0: Normal_Attack arg2 0x220 -> 0x120; case 1: Normal_Attack arg2 0x102 -> 0x82; case 2: Normal_Attack arg2 0x202 -> 0x102
0604278A,Passive12_0206,exact,identical,
060427AA,Passive12_0207,exact,identical,
060427FA,Passive12_0208,exact,identical,
0604284A,Passive12_0209,exact,remap-only,case 0: Normal_Attack arg2 0x200 -> 0x100
0604288C,Passive12_0210,exact,remap-only,case 2: Normal_Attack arg2 0x402 -> 0x202
060428D6,Passive12_0211,exact,identical,
06042994,Passive12_0212,exact,identical,
06042A08,Passive12_0213,exact,remap-only,case 0: Jump_Attack_Term arg4 0x200 -> 0x100
06042AC4,Passive12_0214,exact,identical,
06042B04,Passive12_0215,exact,identical,
06042B32,Passive12_0216,exact,identical,
06042B60,Passive12_0217,exact,remap-only,case 2: Jump_Attack_Term arg4 0x200 -> 0x100; case 2: Jump_Attack_Term arg8 0x200 -> 0x100; case 3: Normal_Attack arg2 0x102 -> 0x82; case 4: Normal_Attack arg2 0x202 -> 0x102
06042C0C,Passive12_0218,exact,remap-only,case 0: J_Command_Attack arg4 0x700 -> 0x380
06042C3E,Passive12_0219,exact,identical,
06042C70,Passive12_0220,exact,identical,
06042CA2,Passive12_0221,exact,remap-only,case 0: Command_Attack arg4 0x700 -> 0x380
06042D02,Passive12_0222,exact,identical,
06042D5C,Passive12_0223,exact,identical,
06042D8E,Passive12_0224,exact,remap-only,case 0: Lever_Attack arg3 0x400 -> 0x200
06042DB0,Passive12_0225,exact,remap-only,case 0: Normal_Attack arg2 0x402 -> 0x202
06042DF4,Passive12_0226,exact,identical,
06042E26,Passive12_0227,exact,identical,
06042E58,Passive12_0228,exact,identical,
06042E9C,Passive12_0229,exact,remap-only,case 3: Normal_Attack arg2 0x402 -> 0x202
06042F2E,Passive12_0230,exact,remap-only,case 0: Jump_Attack_Term arg4 0x200 -> 0x100
06042FD0,Passive13_0001,exact,identical,
06042FF8,Passive13_0002,events,identical,
06043062,Passive13_0003,exact,identical,
060430B8,Passive13_0004,events,identical,
060430FA,Passive13_0005,exact,identical,
06043118,Passive13_0006,exact,identical,
0604315C,Passive13_0007,events,identical,
0604318E,Passive13_0008,events,remap-only,case 2: Command_Attack arg4 0x700 -> 0x380
060431FE,Passive13_0009,events,identical,
0604325C,Passive13_0010,exact,identical,
0604328E,Passive13_0011,events,identical,
060432E4,Passive13_0012,exact,identical,
0604332E,Passive13_0013,events,identical,
06043378,Passive13_0014,exact,remap-only,case 0: Normal_Attack arg2 0x200 -> 0x100
06043398,Passive13_0015,exact,identical,
060433D8,Passive13_0016,exact,remap-only,case 3: Normal_Attack arg2 0x202 -> 0x102
0604341C,Passive13_0017,events,identical,
06043482,Passive13_0018,exact,remap-only,case 3: Normal_Attack arg2 0x400 -> 0x200
060434E2,Passive13_0019,exact,identical,
06043502,Passive13_0020,exact,identical,
06043522,Passive13_0021,events,identical,
06043562,Passive13_0022,exact,remap-only,case 3: Normal_Attack arg2 0x400 -> 0x200
060435F2,Passive13_0023,exact,remap-only,case 1: Jump_Attack_Term arg4 0x400 -> 0x200; case 1: Jump_Attack_Term arg8 0x200 -> 0x100
0604365A,Passive13_0024,exact,remap-only,case 1: Normal_Attack arg2 0x400 -> 0x200
06043686,Passive13_0025,events,identical,
0604370C,Passive13_0026,exact,identical,
0604372C,Passive13_0027,events,identical,
0604375E,Passive13_0028,exact,remap-only,case 0: Normal_Attack arg2 0x220 -> 0x120
0604377E,Passive13_0029,exact,identical,
060437B6,Passive13_0030,exact,identical,
06043816,Passive13_0031,exact,identical,
06043838,Passive13_0032,exact,remap-only,case 0: Normal_Attack arg2 0x100 -> 0x80; case 1: Normal_Attack arg2 0x200 -> 0x100
06043864,Passive13_0033,exact,remap-only,case 1: Lever_Attack arg3 0x110 -> 0x90
06043892,Passive13_0034,exact,remap-only,case 0: Normal_Attack arg2 0x400 -> 0x200
060438DC,Passive13_0035,exact,remap-only,case 0: Normal_Attack arg2 0x102 -> 0x82; case 1: Normal_Attack arg2 0x202 -> 0x102; case 2: Normal_Attack arg2 0x402 -> 0x202
06043922,Passive13_0036,exact,remap-only,case 1: Normal_Attack arg2 0x102 -> 0x82; case 2: Normal_Attack arg2 0x202 -> 0x102
0604397E,Passive13_0037,exact,remap-only,case 2: Lever_Attack arg3 0x110 -> 0x90
060439FC,Passive13_0038,exact,remap-only,case 1: Normal_Attack arg2 0x110 -> 0x90
06043A40,Passive13_0039,exact,identical,
06043A92,Passive13_0040,exact,remap-only,case 4: Normal_Attack arg2 0x400 -> 0x200
06043B20,Passive13_0041,exact,remap-only,case 1: Normal_Attack arg2 0x100 -> 0x80
06043B6E,Passive13_0042,exact,identical,
06043BB0,Passive13_0043,exact,remap-only,case 1: Normal_Attack arg2 0x400 -> 0x200
06043C26,Passive13_0044,events,identical,
06043C74,Passive13_0045,events,identical,
06043CC2,Passive13_0046,exact,identical,
06043CE2,Passive13_0047,exact,remap-only,case 0: Normal_Attack arg2 0x102 -> 0x82; case 1: Normal_Attack arg2 0x402 -> 0x202
06043D36,Passive13_0048,exact,identical,
06043D80,Passive13_0049,exact,identical,
06043DA0,Passive13_0050,exact,identical,
06043DCC,Passive13_0051,events,remap-only,case 2: Normal_Attack arg2 0x402 -> 0x202
06043E34,Passive13_0052,exact,remap-only,case 0: Normal_Attack arg2 0x202 -> 0x102
06043E54,Passive13_0053,events,identical,
06043E86,Passive13_0054,events,identical,
06043EC6,Passive13_0055,events,remap-only,case 2: Normal_Attack arg2 0x402 -> 0x202
06043F14,Passive13_0056,exact,remap-only,case 0: Jump_Attack_Term arg8 0x400 -> 0x200
06043F6E,Passive13_0057,exact,identical,
06043FB0,Passive13_0058,exact,identical,
06043FD0,Passive13_0059,exact,remap-only,case 1: Normal_Attack arg2 0x200 -> 0x100
06043FFE,Passive13_0060,exact,identical,
0604401C,Passive13_0061,events,identical,
0604407A,Passive13_0062,exact,remap-only,case 1: Normal_Attack arg2 0x110 -> 0x90
060440C0,Passive13_0063,events,identical,
060440F2,Passive13_0064,exact,identical,
06044114,Passive13_0065,exact,remap-only,case 1: Lever_Attack arg3 0x110 -> 0x90
06044164,Passive13_0066,events,identical,
060441A6,Passive13_0067,events,identical,
060441D8,Passive13_0068,exact,identical,
06044216,Passive13_0069,events,identical,
06044268,Passive13_0070,exact,remap-only,case 1: Normal_Attack arg2 0x110 -> 0x90
060442B6,Passive13_0071,events,remap-only,case 3: Normal_Attack arg2 0x402 -> 0x202
0604430E,Passive13_0072,events,remap-only,case 2: Normal_Attack arg2 0x400 -> 0x200
06044358,Passive13_0073,exact,remap-only,case 0: Hi_Jump_Attack_Term arg4 0x400 -> 0x200
060443D6,Passive13_0074,exact,remap-only,case 2: Normal_Attack arg2 0x400 -> 0x200
0604441C,Passive13_0075,events,identical,
06044488,Passive13_0076,events,remap-only,case 1: Jump_Attack_Term arg4 0x400 -> 0x200
0604450C,Passive13_0077,exact,remap-only,case 0: Jump_Attack_Term arg8 0x200 -> 0x100; case 1: Normal_Attack arg2 0x400 -> 0x200
0604458C,Passive13_0078,exact,remap-only,case 0: Jump_Attack_Term arg4 0x400 -> 0x200; case 1: Normal_Attack arg2 0x100 -> 0x80; case 3: Normal_Attack arg2 0x400 -> 0x200
060445F8,Passive13_0079,events,identical,
0604464A,Passive13_0080,exact,remap-only,case 0: Hi_Jump_Attack_Term arg8 0x200 -> 0x100; case 1: Normal_Attack arg2 0x200 -> 0x100
060446C6,Passive13_0081,exact,remap-only,case 0: Hi_Jump_Attack_Term arg4 0x400 -> 0x200; case 2: Normal_Attack arg2 0x200 -> 0x100
06044720,Passive13_0082,events,remap-only,case 1: Normal_Attack arg2 0x400 -> 0x200
06044798,Passive13_0083,events,remap-only,case 0: Hi_Jump_Attack_Term arg4 0x400 -> 0x200
0604480C,Passive13_0084,events,remap-only,case 0: Hi_Jump_Attack_Term arg4 0x400 -> 0x200; case 0: Hi_Jump_Attack_Term arg8 0x200 -> 0x100
060448A8,Passive13_0085,events,identical,
060448E6,Passive13_0086,events,identical,
0604495E,Passive13_0087,events,identical,
060449EE,Passive13_0088,events,remap-only,case 2: Jump_Attack_Term arg4 0x400 -> 0x200; case 2: Jump_Attack_Term arg8 0x200 -> 0x100
06044AC4,Passive13_0089,events,identical,
06044AF6,Passive13_0090,events,identical,
06044B28,Passive13_0091,events,identical,
06044B8C,Passive13_0092,events,identical,
06044BDA,Passive13_0093,exact,remap-only,case 0: Normal_Attack arg2 0x102 -> 0x82; case 1: Normal_Attack arg2 0x102 -> 0x82
06044BFE,Passive13_0094,exact,identical,
06044C38,Passive13_0095,exact,identical,
06044CAC,Passive13_0096,exact,remap-only,case 1: Normal_Attack arg2 0x402 -> 0x202
06044CF0,Passive13_0097,exact,remap-only,case 2: Lever_Attack arg3 0x110 -> 0x90
06044D44,Passive13_0098,events,remap-only,case 2: Normal_Attack arg2 0x100 -> 0x80
06044DE2,Passive13_0099,events,identical,
06044E2C,Passive13_0100,events,identical,
06044E6C,Passive13_0101,exact,identical,
06044EB4,Passive13_0102,exact,identical,
06044F02,Passive13_0103,exact,identical,
06044F3E,Passive13_0104,exact,identical,
06044F5E,Passive13_0105,events,identical,
06044FE4,Passive13_0106,exact,identical,
06045020,Passive13_0107,exact,identical,
06045076,Passive13_0108,exact,identical,
06045096,Passive13_0109,events,identical,
0604512C,Passive13_0110,events,identical,
0604518A,Passive13_0111,exact,identical,
060451DC,Passive13_0112,events,identical,
06045246,Passive13_0113,events,identical,
06045320,Passive13_0114,events,identical,
0604538A,Passive13_0115,events,identical,
06045416,Passive13_0116,exact,remap-only,case 0: Jump_Attack_Term arg4 0x400 -> 0x200; case 0: Jump_Attack_Term arg8 0x400 -> 0x200
0604547A,Passive13_0117,exact,remap-only,case 0: Jump_Attack_Term arg4 0x200 -> 0x100
060454BC,Passive13_0118,exact,identical,
060454FE,Passive13_0119,exact,remap-only,case 0: Jump_Attack_Term arg4 0x400 -> 0x200; case 0: Jump_Attack_Term arg8 0x400 -> 0x200
06045540,Passive13_0120,exact,remap-only,case 0: Jump_Attack_Term arg4 0x200 -> 0x100
06045596,Passive13_0121,exact,identical,
060455D8,Passive13_0122,exact,identical,
0604561C,Passive13_0123,exact,identical,
0604569E,Passive13_0124,exact,remap-only,case 4: Normal_Attack arg2 0x400 -> 0x200
06045700,Passive13_0125,exact,remap-only,case 2: Normal_Attack arg2 0x400 -> 0x200
0604573C,Passive13_0126,exact,identical,
06045780,Passive13_0127,exact,identical,
060457BC,Passive13_0128,exact,identical,
06045806,Passive13_0129,exact,identical,
06045828,Passive13_0130,events,identical,
0604589A,Passive13_0131,exact,remap-only,case 1: Normal_Attack arg2 0x400 -> 0x200
060458EE,Passive13_0132,events,identical,
06045938,Passive13_0133,exact,remap-only,case 2: Command_Attack arg4 0x700 -> 0x380
06045990,Passive13_0134,events,identical,
060459F8,Passive13_0135,exact,identical,
06045A16,Passive13_0136,exact,identical,
06045A6A,Passive13_0137,events,identical,
06045AF8,Passive13_0138,events,identical,
06045B5E,Passive13_0139,events,identical,
06045BD2,Passive13_0140,exact,identical,
06045C22,Passive13_0141,exact,remap-only,case 0: Command_Attack arg4 0x700 -> 0x380
06045C54,Passive13_0142,exact,remap-only,case 0: Command_Attack arg4 0x700 -> 0x380
06045C86,Passive13_0143,exact,remap-only,case 0: Command_Attack arg4 0x700 -> 0x380
06045CB8,Passive13_0144,exact,identical,
06045CEE,Passive13_0145,exact,remap-only,case 0: Command_Attack arg4 0x700 -> 0x380
06045D3E,Passive13_0146,exact,remap-only,case 0: Command_Attack arg4 0x700 -> 0x380
06045D70,Passive13_0147,exact,remap-only,case 0: Command_Attack arg4 0x700 -> 0x380
06045DA2,Passive13_0148,exact,identical,
06045DC0,Passive13_0149,events,remap-only,case 0: Jump_Attack_Term arg4 0x200 -> 0x100
06045E02,Passive13_0150,exact,identical,
06045E48,Passive13_0151,exact,identical,
06045E8A,Passive13_0152,exact,identical,
06045EE2,Passive13_0153,events,remap-only,case 1: Jump_Attack_Term arg4 0x400 -> 0x200; case 2: Command_Attack arg4 0x700 -> 0x380
06045F78,Passive13_0154,events,identical,
06046008,Passive13_0155,exact,identical,
0604604E,Passive13_0156,exact,identical,
060460D4,Passive13_0157,exact,remap-only,case 0: Lever_Attack arg3 0x200 -> 0x100
060460F6,Passive13_0158,exact,identical,
06046116,Passive13_0159,exact,remap-only,case 0: Normal_Attack arg2 0x402 -> 0x202
06046136,Passive13_0160,exact,identical,
06046158,Passive13_0161,exact,remap-only,case 0: Lever_Attack arg3 0x400 -> 0x200
0604617A,Passive13_0162,exact,identical,
060461BC,Passive13_0163,exact,identical,
06046248,Passive14_0001,exact,identical,
06046270,Passive14_0002,exact,identical,
060462C2,Passive14_0003,exact,identical,
06046314,Passive14_0004,exact,remap-only,case 2: Normal_Attack arg2 0x400 -> 0x200
0604639A,Passive14_0005,exact,remap-only,case 2: Lever_Attack arg3 0x110 -> 0x90
060463EE,Passive14_0006,exact,remap-only,case 2: Lever_Attack arg3 0x110 -> 0x90
06046442,Passive14_0007,exact,identical,
060464B4,Passive14_0008,exact,identical,
060464F4,Passive14_0009,exact,identical,
0604655C,Passive14_0010,exact,identical,
060465DA,Passive14_0011,exact,identical,
0604669C,Passive14_0012,exact,identical,
060466F6,Passive14_0013,exact,identical,
06046742,Passive14_0014,exact,identical,
0604678E,Passive14_0015,exact,remap-only,case 2: Normal_Attack arg2 0x402 -> 0x202
0604680A,Passive14_0016,exact,identical,
060468EC,Passive14_0017,exact,identical,
06046976,Passive14_0018,exact,identical,
060469DE,Passive14_0019,exact,identical,
06046A4C,Passive14_0020,exact,identical,
06046A9E,Passive14_0021,exact,identical,
06046B22,Passive14_0022,exact,identical,
06046B6E,Passive14_0023,exact,identical,
06046C00,Passive14_0024,exact,identical,
06046C8A,Passive14_0025,exact,remap-only,case 3: Lever_Attack arg3 0x110 -> 0x90
06046D22,Passive14_0026,exact,remap-only,case 3: Lever_Attack arg3 0x110 -> 0x90
06046D92,Passive14_0027,exact,identical,
06046E1C,Passive14_0028,exact,identical,
06046EC4,Passive14_0029,exact,remap-only,case 3: Normal_Attack arg2 0x202 -> 0x102
06046F96,Passive14_0030,exact,remap-only,case 3: Normal_Attack arg2 0x202 -> 0x102
06047078,Passive14_0031,exact,remap-only,case 3: Normal_Attack arg2 0x202 -> 0x102
060470FC,Passive14_0032,exact,remap-only,case 3: Normal_Attack arg2 0x402 -> 0x202
0604718C,Passive14_0033,exact,identical,
06047210,Passive14_0034,exact,identical,
060472D0,Passive14_0035,low,not-lifted,selector
060473A0,Passive14_0036,exact,identical,
060473E8,Passive14_0037,exact,identical,
0604744A,Passive14_0038,exact,identical,
06047492,Passive14_0039,exact,identical,
060474F4,Passive14_0040,exact,remap-only,case 2: Normal_Attack arg2 0x402 -> 0x202
0604757A,Passive14_0041,exact,remap-only,case 3: Normal_Attack arg2 0x402 -> 0x202
060475E2,Passive14_0042,exact,identical,
06047624,Passive14_0043,exact,remap-only,case 0: Jump_Attack_Term arg4 0x200 -> 0x100; case 0: Jump_Attack_Term arg8 0x200 -> 0x100
0604768A,Passive14_0044,exact,remap-only,case 0: Jump_Attack_Term arg4 0x400 -> 0x200; case 0: Jump_Attack_Term arg8 0x400 -> 0x200
060476CC,Passive14_0045,exact,identical,
0604776C,Passive14_0046,exact,remap-only,case 2: Normal_Attack arg2 0x202 -> 0x102
060477FE,Passive14_0047,exact,remap-only,case 2: Normal_Attack arg2 0x202 -> 0x102
060478B6,Passive14_0048,exact,remap-only,case 0: Jump_Attack_Term arg4 0x400 -> 0x200; case 0: Jump_Attack_Term arg8 0x400 -> 0x200
060478F8,Passive14_0049,exact,remap-only,case 1: Normal_Attack arg2 0x400 -> 0x200
0604793C,Passive14_0050,exact,remap-only,case 1: Normal_Attack arg2 0x100 -> 0x80
060479B6,Passive14_0051,exact,remap-only,case 1: Normal_Attack arg2 0x102 -> 0x82
06047A12,Passive14_0052,exact,remap-only,case 1: Normal_Attack arg2 0x402 -> 0x202
06047A3E,Passive14_0053,exact,identical,
06047A5C,Passive14_0054,exact,identical,
06047A7C,Passive14_0055,exact,identical,
06047AC4,Passive14_0056,exact,remap-only,case 1: Normal_Attack arg2 0x402 -> 0x202
06047AF0,Passive14_0057,exact,identical,
06047B1E,Passive14_0058,exact,remap-only,case 1: Normal_Attack arg2 0x402 -> 0x202
06047B4A,Passive14_0059,exact,identical,
06047B78,Passive14_0060,exact,identical,
06047BC0,Passive14_0061,exact,identical,
06047BEC,Passive14_0062,exact,identical,
06047C3A,Passive14_0063,exact,identical,
06047C72,Passive14_0064,exact,identical,
06047CC0,Passive14_0065,exact,identical,
06047CEC,Passive14_0066,exact,identical,
06047D3A,Passive14_0067,exact,remap-only,case 1: Normal_Attack arg2 0x202 -> 0x102
06047D66,Passive14_0068,exact,remap-only,case 2: Jump_Attack_Term arg4 0x200 -> 0x100; case 2: Jump_Attack_Term arg8 0x400 -> 0x200
06047DFE,Passive14_0069,exact,identical,
06047E54,Passive14_0070,exact,identical,
06047ED4,Passive14_0071,exact,remap-only,case 2: Normal_Attack arg2 0x402 -> 0x202
06047F0C,Passive14_0072,exact,identical,
06047F46,Passive14_0073,exact,identical,
06047FC0,Passive14_0074,exact,identical,
06048016,Passive14_0075,exact,identical,
0604806C,Passive14_0076,exact,identical,
060480C2,Passive14_0077,exact,remap-only,case 2: Jump_Attack_Term arg4 0x200 -> 0x100; case 2: Jump_Attack_Term arg8 0x400 -> 0x200
06048152,Passive14_0078,exact,identical,
0604818A,Passive14_0079,exact,identical,
060481BC,Passive14_0080,exact,identical,
06048228,Passive14_0081,exact,identical,
060482B0,Passive14_0082,exact,identical,
06048360,Passive14_0083,exact,identical,
060483E8,Passive14_0084,exact,identical,
06048496,Passive14_0085,exact,remap-only,case 0: Normal_Attack arg2 0x202 -> 0x102
060484F8,Passive14_0086,exact,remap-only,case 0: Normal_Attack arg2 0x202 -> 0x102; case 1: Normal_Attack arg2 0x202 -> 0x102
06048550,Passive14_0087,exact,remap-only,case 0: Normal_Attack arg2 0x102 -> 0x82
06048590,Passive14_0088,exact,remap-only,case 0: Normal_Attack arg2 0x102 -> 0x82
060485D0,Passive14_0089,exact,remap-only,case 0: Normal_Attack arg2 0x102 -> 0x82
06048610,Passive14_0090,exact,remap-only,case 0: Normal_Attack arg2 0x202 -> 0x102
06048668,Passive14_0091,exact,remap-only,case 0: Normal_Attack arg2 0x202 -> 0x102
060486BE,Passive14_0092,exact,remap-only,case 0: Normal_Attack arg2 0x202 -> 0x102
06048714,Passive14_0093,exact,remap-only,case 0: Normal_Attack arg2 0x202 -> 0x102
06048782,Passive14_0094,exact,remap-only,case 0: Normal_Attack arg2 0x220 -> 0x120; case 1: Normal_Attack arg2 0x102 -> 0x82; case 2: Normal_Attack arg2 0x202 -> 0x102
060487DC,Passive14_0095,exact,remap-only,case 0: Normal_Attack arg2 0x220 -> 0x120; case 1: Normal_Attack arg2 0x202 -> 0x102
06048868,Passive14_0096,exact,remap-only,case 0: Normal_Attack arg2 0x220 -> 0x120; case 1: Normal_Attack arg2 0x202 -> 0x102
060488D4,Passive14_0097,exact,identical,
0604891C,Passive14_0098,exact,remap-only,case 0: Normal_Attack arg2 0x200 -> 0x100; case 1: Normal_Attack arg2 0x202 -> 0x102
06048970,Passive14_0099,exact,remap-only,case 0: Normal_Attack arg2 0x200 -> 0x100; case 1: Normal_Attack arg2 0x200 -> 0x100
0604899C,Passive14_0100,exact,remap-only,case 0: Normal_Attack arg2 0x102 -> 0x82; case 1: Normal_Attack arg2 0x202 -> 0x102
060489C8,Passive14_0101,exact,remap-only,case 0: Normal_Attack arg2 0x102 -> 0x82; case 1: Normal_Attack arg2 0x202 -> 0x102; case 2: Normal_Attack arg2 0x402 -> 0x202
06048A0E,Passive14_0102,exact,remap-only,case 0: Normal_Attack arg2 0x102 -> 0x82; case 1: Normal_Attack arg2 0x102 -> 0x82
06048A6E,Passive14_0103,exact,remap-only,case 0: Normal_Attack arg2 0x102 -> 0x82; case 1: Normal_Attack arg2 0x202 -> 0x102
06048AB8,Passive14_0104,exact,remap-only,case 0: Normal_Attack arg2 0x102 -> 0x82; case 1: Normal_Attack arg2 0x202 -> 0x102
06048B40,Passive14_0105,exact,identical,
06048B82,Passive14_0106,exact,identical,
06048BC4,Passive14_0107,exact,identical,
06048BE2,Passive14_0108,exact,identical,
06048C0E,Passive14_0109,exact,identical,
06048C3A,Passive14_0110,exact,remap-only,case 1: Normal_Attack arg2 0x400 -> 0x200
06048C7E,Passive14_0111,exact,remap-only,case 1: Normal_Attack arg2 0x402 -> 0x202
06048CAA,Passive14_0112,exact,identical,
06048CF8,Passive14_0113,exact,remap-only,case 0: Jump_Command_Attack_Term arg10 0x400 -> 0x200
06048D42,Passive14_0114,exact,remap-only,case 0: Jump_Command_Attack_Term arg10 0x400 -> 0x200
06048DAC,Passive14_0115,exact,remap-only,case 0: Jump_Command_Attack_Term arg10 0x400 -> 0x200
06048DF6,Passive14_0116,exact,remap-only,case 0: Jump_Command_Attack_Term arg10 0x400 -> 0x200
06048E40,Passive14_0117,exact,remap-only,case 0: Jump_Command_Attack_Term arg10 0x400 -> 0x200
06048E9C,Passive14_0118,exact,remap-only,case 0: Jump_Command_Attack_Term arg10 0x400 -> 0x200
06048EE6,Passive14_0119,exact,remap-only,case 0: Jump_Command_Attack_Term arg10 0x400 -> 0x200
06048F30,Passive14_0120,exact,remap-only,case 0: Jump_Command_Attack_Term arg10 0x400 -> 0x200
06048F7A,Passive14_0121,exact,remap-only,case 0: Jump_Command_Attack_Term arg10 0x400 -> 0x200
06048FD6,Passive14_0122,exact,identical,
06049010,Passive14_0123,exact,identical,
0604904A,Passive14_0124,exact,identical,
06049084,Passive14_0125,exact,identical,
060490D8,Passive14_0126,exact,identical,
0604912C,Passive14_0127,exact,identical,
06049174,Passive14_0128,exact,identical,
060491BC,Passive14_0129,exact,remap-only,case 1: Lever_Attack arg3 0x110 -> 0x90
06049204,Passive14_0130,exact,remap-only,case 1: Lever_Attack arg3 0x110 -> 0x90
06049232,Passive14_0131,exact,identical,
0604926A,Passive14_0132,exact,identical,
0604929C,Passive14_0133,exact,identical,
060492CE,Passive14_0134,exact,identical,
06049320,Passive14_0135,exact,identical,
06049352,Passive14_0136,exact,identical,
06049384,Passive14_0137,exact,identical,
060493B6,Passive14_0138,exact,identical,
060493F0,Passive14_0139,exact,identical,
06049448,Passive14_0140,exact,identical,
06049490,Passive14_0141,exact,identical,
060494D8,Passive14_0142,exact,identical,
06049520,Passive14_0143,exact,identical,
0604958A,Passive14_0144,exact,identical,
060495BC,Passive14_0145,exact,identical,
0604960E,Passive14_0146,exact,identical,
06049690,Passive14_0147,low,not-lifted,selector
06049732,Passive14_0148,exact,identical,
06049788,Passive14_0149,exact,identical,
060497C2,Passive14_0150,exact,remap-only,case 0: Normal_Attack arg2 0x220 -> 0x120
06049834,Passive14_0151,exact,remap-only,case 0: Jump_Attack_Term arg4 0x202 -> 0x102; case 0: Jump_Attack_Term arg8 0x400 -> 0x200; case 1: Normal_Attack arg2 0x202 -> 0x102
060498BC,Passive14_0152,exact,remap-only,case 1: Hi_Jump_Attack_Term arg4 0x202 -> 0x102; case 1: Hi_Jump_Attack_Term arg8 0x400 -> 0x200; case 2: Normal_Attack arg2 0x202 -> 0x102
06049986,Passive14_0153,exact,identical,
060499A8,Passive14_0154,exact,identical,
060499EC,Passive14_0155,exact,remap-only,case 1: Jump_Attack_Term arg4 0x400 -> 0x200; case 1: Jump_Attack_Term arg8 0x400 -> 0x200; case 2: Normal_Attack arg2 0x202 -> 0x102
06049A9C,Passive14_0156,exact,remap-only,case 1: Jump_Attack_Term arg4 0x400 -> 0x200; case 1: Jump_Attack_Term arg8 0x400 -> 0x200; case 2: Normal_Attack arg2 0x202 -> 0x102
06049B64,Passive14_0157,exact,remap-only,case 1: Jump_Attack_Term arg4 0x400 -> 0x200; case 1: Jump_Attack_Term arg8 0x400 -> 0x200; case 2: Normal_Attack arg2 0x202 -> 0x102
06049BDA,Passive14_0158,exact,remap-only,case 1: Jump_Attack_Term arg4 0x400 -> 0x200; case 1: Jump_Attack_Term arg8 0x400 -> 0x200; case 2: Normal_Attack arg2 0x202 -> 0x102
06049CAE,Passive14_0159,exact,remap-only,case 0: Jump_Attack_Term arg4 0x400 -> 0x200; case 0: Jump_Attack_Term arg8 0x400 -> 0x200; case 1: Normal_Attack arg2 0x202 -> 0x102
06049D16,Passive14_0160,exact,remap-only,case 0: Jump_Attack_Term arg4 0x400 -> 0x200; case 0: Jump_Attack_Term arg8 0x400 -> 0x200; case 1: Normal_Attack arg2 0x202 -> 0x102
06049DCA,Passive14_0161,exact,remap-only,case 0: Jump_Attack_Term arg4 0x400 -> 0x200; case 0: Jump_Attack_Term arg8 0x400 -> 0x200; case 1: Normal_Attack arg2 0x202 -> 0x102
06049E32,Passive14_0162,exact,remap-only,case 0: Jump_Attack_Term arg4 0x400 -> 0x200; case 0: Jump_Attack_Term arg8 0x400 -> 0x200; case 1: Normal_Attack arg2 0x202 -> 0x102
06049EE6,Passive14_0163,exact,identical,
06049F18,Passive14_0164,exact,identical,
06049FC0,Passive14_0165,exact,identical,
0604A02C,Passive14_0166,exact,identical,
0604A07C,Passive14_0167,exact,remap-only,case 1: Jump_Attack_Term arg4 0x400 -> 0x200; case 1: Jump_Attack_Term arg8 0x400 -> 0x200; case 2: Normal_Attack arg2 0x220 -> 0x120; case 3: Normal_Attack arg2 0x202 -> 0x102
0604A120,Passive14_0168,exact,remap-only,case 1: Jump_Attack_Term arg4 0x400 -> 0x200; case 1: Jump_Attack_Term arg8 0x400 -> 0x200; case 2: Normal_Attack arg2 0x220 -> 0x120; case 3: Normal_Attack arg2 0x202 -> 0x102
0604A1F4,Passive14_0169,exact,remap-only,case 1: Jump_Attack_Term arg4 0x400 -> 0x200; case 1: Jump_Attack_Term arg8 0x400 -> 0x200; case 2: Normal_Attack arg2 0x220 -> 0x120
0604A288,Passive14_0170,exact,remap-only,case 2: Hi_Jump_Attack_Term arg4 0x202 -> 0x102; case 2: Hi_Jump_Attack_Term arg8 0x400 -> 0x200; case 3: Normal_Attack arg2 0x202 -> 0x102
0604A354,Passive14_0171,exact,remap-only,case 1: Jump_Attack_Term arg4 0x400 -> 0x200; case 1: Jump_Attack_Term arg8 0x400 -> 0x200; case 2: Normal_Attack arg2 0x220 -> 0x120
0604A418,Passive14_0172,exact,remap-only,case 0: Jump_Attack_Term arg4 0x400 -> 0x200; case 0: Jump_Attack_Term arg8 0x400 -> 0x200; case 1: Normal_Attack arg2 0x220 -> 0x120; case 2: Normal_Attack arg2 0x202 -> 0x102
0604A48A,Passive14_0173,exact,remap-only,case 0: Jump_Attack_Term arg4 0x400 -> 0x200; case 0: Jump_Attack_Term arg8 0x400 -> 0x200; case 1: Normal_Attack arg2 0x220 -> 0x120; case 2: Normal_Attack arg2 0x202 -> 0x102
0604A542,Passive14_0174,exact,remap-only,case 0: Jump_Attack_Term arg4 0x400 -> 0x200; case 0: Jump_Attack_Term arg8 0x400 -> 0x200; case 1: Normal_Attack arg2 0x220 -> 0x120
0604A5C8,Passive14_0175,exact,remap-only,case 1: Hi_Jump_Attack_Term arg4 0x202 -> 0x102; case 1: Hi_Jump_Attack_Term arg8 0x400 -> 0x200; case 2: Normal_Attack arg2 0x202 -> 0x102
0604A684,Passive14_0176,exact,remap-only,case 0: Jump_Attack_Term arg4 0x400 -> 0x200; case 0: Jump_Attack_Term arg8 0x400 -> 0x200; case 1: Normal_Attack arg2 0x220 -> 0x120
0604A70A,Passive14_0177,exact,identical,
0604A772,Passive14_0178,exact,remap-only,case 0: Jump_Attack_Term arg4 0x400 -> 0x200; case 0: Jump_Attack_Term arg8 0x400 -> 0x200; case 1: Normal_Attack arg2 0x220 -> 0x120; case 2: Normal_Attack arg2 0x202 -> 0x102
0604A7E4,Passive14_0179,exact,remap-only,case 0: Jump_Attack_Term arg4 0x400 -> 0x200; case 0: Jump_Attack_Term arg8 0x400 -> 0x200; case 1: Normal_Attack arg2 0x220 -> 0x120; case 2: Normal_Attack arg2 0x202 -> 0x102
0604A8A0,Passive14_0180,exact,remap-only,case 0: Jump_Attack_Term arg4 0x400 -> 0x200; case 0: Jump_Attack_Term arg8 0x400 -> 0x200; case 1: Normal_Attack arg2 0x220 -> 0x120
0604A958,Passive14_0181,exact,remap-only,case 1: Hi_Jump_Attack_Term arg4 0x202 -> 0x102; case 1: Hi_Jump_Attack_Term arg8 0x400 -> 0x200; case 2: Normal_Attack arg2 0x202 -> 0x102
0604A9E6,Passive14_0182,exact,remap-only,case 0: Jump_Attack_Term arg4 0x400 -> 0x200; case 0: Jump_Attack_Term arg8 0x400 -> 0x200; case 1: Normal_Attack arg2 0x220 -> 0x120
0604AA9E,Passive14_0183,exact,remap-only,case 1: Hi_Jump_Attack_Term arg4 0x202 -> 0x102; case 1: Hi_Jump_Attack_Term arg8 0x400 -> 0x200; case 2: Normal_Attack arg2 0x202 -> 0x102
0604AB2C,Passive14_0184,exact,identical,
0604ABC4,Passive14_0185,exact,remap-only,case 0: Jump_Attack_Term arg4 0x400 -> 0x200; case 0: Jump_Attack_Term arg8 0x400 -> 0x200; case 1: Normal_Attack arg2 0x202 -> 0x102
0604AC4E,Passive14_0186,exact,identical,
0604ACD0,Passive14_0187,exact,remap-only,case 0: Jump_Attack_Term arg4 0x400 -> 0x200; case 0: Jump_Attack_Term arg8 0x400 -> 0x200; case 1: Normal_Attack arg2 0x202 -> 0x102
0604AD38,Passive14_0188,exact,remap-only,case 0: Jump_Attack_Term arg4 0x400 -> 0x200; case 0: Jump_Attack_Term arg8 0x400 -> 0x200; case 1: Normal_Attack arg2 0x202 -> 0x102
0604ADE8,Passive14_0189,exact,remap-only,case 0: Jump_Attack_Term arg4 0x400 -> 0x200; case 0: Jump_Attack_Term arg8 0x400 -> 0x200; case 1: Normal_Attack arg2 0x202 -> 0x102
0604AE6E,Passive14_0190,exact,identical,
0604AEE8,Passive14_0191,exact,remap-only,case 1: Hi_Jump_Attack_Term arg4 0x202 -> 0x102; case 1: Hi_Jump_Attack_Term arg8 0x400 -> 0x200; case 2: Normal_Attack arg2 0x202 -> 0x102
0604AF76,Passive14_0192,exact,remap-only,case 1: Hi_Jump_Attack_Term arg4 0x202 -> 0x102; case 1: Hi_Jump_Attack_Term arg8 0x400 -> 0x200; case 2: Normal_Attack arg2 0x202 -> 0x102
0604B03C,Passive14_0193,exact,identical,
0604B086,Passive14_0194,exact,identical,
0604B0C2,Passive14_0195,exact,identical,
0604B138,Passive14_0196,exact,identical,
0604B174,Passive14_0197,exact,identical,
0604B26C,Passive14_0198,exact,remap-only,case 0: Normal_Attack arg2 0x400 -> 0x200
0604B28C,Passive14_0199,exact,remap-only,case 2: Normal_Attack arg2 0x202 -> 0x102
0604B2F0,Passive14_0200,exact,remap-only,case 1: Jump_Attack_Term arg4 0x202 -> 0x102
0604B388,Passive14_0201,exact,remap-only,case 1: Jump_Attack_Term arg4 0x202 -> 0x102
0604B3F2,Passive14_0202,exact,remap-only,case 1: Jump_Attack_Term arg4 0x202 -> 0x102
0604B478,Passive14_0203,exact,remap-only,case 1: Jump_Attack_Term arg4 0x202 -> 0x102
0604B4E2,Passive14_0204,exact,identical,
0604B532,Passive14_0205,exact,identical,
0604B5A0,Passive14_0206,exact,identical,
0604B5F0,Passive14_0207,exact,identical,
0604B640,Passive14_0208,exact,remap-only,case 1: Jump_Command_Attack_Term arg10 0x400 -> 0x200
0604B6DA,Passive14_0209,exact,remap-only,case 1: Jump_Command_Attack_Term arg10 0x400 -> 0x200
0604B750,Passive14_0210,exact,remap-only,case 1: Jump_Command_Attack_Term arg10 0x400 -> 0x200
0604B7E8,Passive14_0211,exact,remap-only,case 1: Jump_Command_Attack_Term arg10 0x400 -> 0x200
0604B85E,Passive14_0212,exact,identical,
0604B8AE,Passive14_0213,exact,identical,
0604B92E,Passive14_0214,exact,identical,
0604B982,Passive14_0215,exact,identical,
0604B9D6,Passive14_0216,exact,identical,
0604BA2A,Passive14_0217,exact,remap-only,case 2: Jump_Attack_Term arg4 0x202 -> 0x102
0604BACC,Passive14_0218,exact,remap-only,case 2: Jump_Attack_Term arg4 0x202 -> 0x102
0604BB50,Passive14_0219,exact,remap-only,case 2: Jump_Attack_Term arg4 0x202 -> 0x102
0604BBF4,Passive14_0220,exact,remap-only,case 2: Jump_Attack_Term arg4 0x202 -> 0x102
0604BC78,Passive14_0221,exact,identical,
0604BD20,Passive14_0222,exact,identical,
0604BDD0,Passive14_0223,exact,identical,
0604BE58,Passive14_0224,exact,identical,
0604BF08,Passive14_0225,exact,identical,
0604BF80,Passive14_0226,exact,identical,
0604BFF8,Passive14_0227,exact,identical,
0604C070,Passive14_0228,exact,identical,
0604C104,Passive14_0229,exact,identical,
0604C17C,Passive14_0230,exact,identical,
0604C226,Passive14_0231,exact,identical,
0604C306,Passive14_0232,exact,identical,
0604C330,Passive14_0233,exact,identical,
0604C35A,Passive14_0234,exact,remap-only,case 2: Normal_Attack arg2 0x202 -> 0x102
0604C3F4,Passive14_0235,exact,identical,
0604C456,Passive14_0236,exact,remap-only,case 2: Normal_Attack arg2 0x202 -> 0x102
0604C520,Passive14_0237,exact,identical,
0604C56C,Passive14_0238,exact,remap-only,case 1: Normal_Attack arg2 0x202 -> 0x102
0604C5B6,Passive14_0239,exact,identical,
0604C600,Passive14_0240,exact,identical,
0604C64A,Passive14_0241,exact,remap-only,case 3: Jump_Attack_Term arg4 0x202 -> 0x102
0604C700,Passive14_0242,exact,remap-only,case 2: Jump_Attack_Term arg4 0x202 -> 0x102
0604C77A,Passive14_0243,exact,identical,
0604C7B4,Passive14_0244,exact,remap-only,case 3: Jump_Attack_Term arg4 0x202 -> 0x102
0604C864,Passive14_0245,exact,remap-only,case 3: Jump_Attack_Term arg4 0x202 -> 0x102
0604C8EA,Passive14_0246,exact,remap-only,case 3: Jump_Attack_Term arg4 0x202 -> 0x102
0604C992,Passive14_0247,exact,remap-only,case 3: Jump_Attack_Term arg4 0x202 -> 0x102
0604CA18,Passive14_0248,exact,identical,
0604CA78,Passive14_0249,exact,remap-only,case 0: Normal_Attack arg2 0x402 -> 0x202
0604CAB8,Passive14_0250,exact,identical,
0604CAF2,Passive14_0251,exact,identical,
0604CB60,Passive14_0252,exact,identical,
060534AC,Passive15_0001,exact,identical,
060534D4,Passive15_0002,events,identical,
0605353E,Passive15_0003,exact,identical,
06053594,Passive15_0004,events,identical,
060535D6,Passive15_0005,exact,identical,
060535F4,Passive15_0006,exact,identical,
06053638,Passive15_0007,events,identical,
06053678,Passive15_0008,events,identical,
060536CA,Passive15_0009,events,identical,
060536FC,Passive15_0010,exact,identical,
0605372E,Passive15_0011,exact,identical,
06053770,Passive15_0012,exact,remap-only,case 0: Normal_Attack arg2 0x400 -> 0x200
06053790,Passive15_0013,events,identical,
060537F6,Passive15_0014,exact,identical,
0605382C,Passive15_0015,exact,identical,
0605384C,Passive15_0016,exact,identical,
060538D8,Passive15_0017,exact,remap-only,case 1: Normal_Attack arg2 0x102 -> 0x82; case 2: Normal_Attack arg2 0x102 -> 0x82; case 3: Normal_Attack arg2 0x200 -> 0x100
06053926,Passive15_0018,exact,identical,
0605399E,Passive15_0019,exact,identical,
060539E6,Passive15_0020,exact,identical,
06053A06,Passive15_0021,events,identical,
06053A46,Passive15_0022,exact,remap-only,case 1: Jump_Attack_Term arg4 0x100 -> 0x80; case 1: Jump_Attack_Term arg8 0x200 -> 0x100; case 3: Normal_Attack arg2 0x200 -> 0x100
06053AD4,Passive15_0023,exact,remap-only,case 0: Jump_Attack_Term arg8 0x200 -> 0x100; case 2: Normal_Attack arg2 0x200 -> 0x100
06053B34,Passive15_0024,exact,remap-only,case 4: Normal_Attack arg2 0x200 -> 0x100
06053BB0,Passive15_0025,exact,remap-only,case 5: Normal_Attack arg2 0x200 -> 0x100
06053C08,Passive15_0026,exact,identical,
06053C4C,Passive15_0027,events,remap-only,case 1: Normal_Attack arg2 0x402 -> 0x202
06053CBC,Passive15_0028,exact,remap-only,case 0: Jump_Attack arg3 0x400 -> 0x200
06053CEE,Passive15_0029,exact,identical,
06053D16,Passive15_0030,exact,remap-only,case 1: Normal_Attack arg2 0x400 -> 0x200
06053D5C,Passive15_0031,exact,identical,
06053D8C,Passive15_0032,exact,identical,
06053DFE,Passive15_0033,exact,identical,
06053E36,Passive15_0034,events,identical,
06053E76,Passive15_0035,exact,remap-only,case 1: Normal_Attack arg2 0x102 -> 0x82; case 2: Normal_Attack arg2 0x200 -> 0x100
06053ED8,Passive15_0036,events,identical,
06053F26,Passive15_0037,exact,identical,
06053F78,Passive15_0038,events,remap-only,case 1: Rapid_Command_Attack arg3 0x400 -> 0x200
06053FEC,Passive15_0039,events,identical,
0605403A,Passive15_0040,exact,remap-only,case 1: Normal_Attack arg2 0x100 -> 0x80; case 2: Normal_Attack arg2 0x100 -> 0x80; case 3: Normal_Attack arg2 0x200 -> 0x100
0605409A,Passive15_0041,exact,identical,
06054106,Passive15_0042,exact,remap-only,case 0: Jump_Attack arg3 0x202 -> 0x102
06054138,Passive15_0043,events,identical,
06054186,Passive15_0044,events,identical,
060541E4,Passive15_0045,exact,remap-only,case 1: Jump_Attack arg3 0x202 -> 0x102
06054256,Passive15_0046,exact,identical,
06054276,Passive15_0047,events,remap-only,case 0: Normal_Attack arg2 0x102 -> 0x82
060542B6,Passive15_0048,exact,remap-only,case 0: Normal_Attack arg2 0x102 -> 0x82; case 1: Normal_Attack arg2 0x402 -> 0x202
060542E0,Passive15_0049,exact,identical,
0605434E,Passive15_0050,exact,remap-only,case 1: Normal_Attack arg2 0x200 -> 0x100
06054392,Passive15_0051,exact,remap-only,case 0: Normal_Attack arg2 0x220 -> 0x120; case 1: Normal_Attack arg2 0x102 -> 0x82
060543BE,Passive15_0052,exact,remap-only,case 0: Normal_Attack arg2 0x202 -> 0x102
060543DE,Passive15_0053,exact,remap-only,case 0: Lever_Attack arg3 0x402 -> 0x202
06054400,Passive15_0054,events,identical,
0605445E,Passive15_0055,exact,remap-only,case 0: Jump_Attack arg3 0x202 -> 0x102
06054490,Passive15_0056,exact,remap-only,case 0: Jump_Attack_Term arg4 0x200 -> 0x100
060544D2,Passive15_0057,exact,identical,
06054514,Passive15_0058,exact,identical,
06054534,Passive15_0059,events,identical,
0605458A,Passive15_0060,exact,identical,
060545A8,Passive15_0061,events,identical,
060545F0,Passive15_0062,exact,remap-only,case 2: Lever_Attack arg3 0x110 -> 0x90
0605462C,Passive15_0063,exact,remap-only,case 2: Lever_Attack arg3 0x402 -> 0x202
06054690,Passive15_0064,exact,remap-only,case 0: Normal_Attack arg2 0x400 -> 0x200
060546B0,Passive15_0065,events,identical,
0605471C,Passive15_0066,events,identical,
060547AA,Passive15_0067,exact,remap-only,case 1: Normal_Attack arg2 0x402 -> 0x202
060547D6,Passive15_0068,exact,remap-only,case 0: Jump_Attack_Term arg4 0x200 -> 0x100; case 0: Jump_Attack_Term arg8 0x400 -> 0x200
06054818,Passive15_0069,exact,identical,
0605484A,Passive15_0070,exact,identical,
06054878,Passive15_0071,exact,identical,
060548E8,Passive15_0072,events,identical,
06054948,Passive15_0073,exact,identical,
06054998,Passive15_0074,exact,identical,
06054A0E,Passive15_0075,events,identical,
06054A7A,Passive15_0076,events,identical,
06054B2C,Passive15_0077,exact,remap-only,case 0: Jump_Attack_Term arg8 0x200 -> 0x100; case 1: Normal_Attack arg2 0x200 -> 0x100
06054B7C,Passive15_0078,exact,remap-only,case 0: Jump_Attack_Term arg4 0x100 -> 0x80; case 2: Normal_Attack arg2 0x200 -> 0x100
06054C00,Passive15_0079,exact,remap-only,case 1: Normal_Attack arg2 0x200 -> 0x100
06054C52,Passive15_0080,exact,remap-only,case 0: Hi_Jump_Attack_Term arg4 0x200 -> 0x100; case 0: Hi_Jump_Attack_Term arg8 0x400 -> 0x200; case 1: Normal_Attack arg2 0x200 -> 0x100
06054CA2,Passive15_0081,exact,remap-only,case 0: Hi_Jump_Attack_Term arg4 0x100 -> 0x80; case 0: Hi_Jump_Attack_Term arg8 0x400 -> 0x200; case 2: Normal_Attack arg2 0x200 -> 0x100
06054D20,Passive15_0082,exact,remap-only,case 1: Normal_Attack arg2 0x200 -> 0x100
06054D70,Passive15_0083,exact,remap-only,case 0: Hi_Jump_Attack_Term arg4 0x200 -> 0x100; case 1: Normal_Attack arg2 0x100 -> 0x80; case 2: Normal_Attack arg2 0x100 -> 0x80; case 3: Normal_Attack arg2 0x200 -> 0x100
06054DD4,Passive15_0084,exact,remap-only,case 0: Jump_Attack arg3 0x202 -> 0x102; case 1: Normal_Attack arg2 0x102 -> 0x82; case 2: Normal_Attack arg2 0x102 -> 0x82; case 3: Normal_Attack arg2 0x200 -> 0x100
06054E44,Passive15_0085,events,identical,
06054E82,Passive15_0086,events,identical,
06054F4A,Passive15_0087,events,identical,
06054FE2,Passive15_0088,events,identical,
0605507A,Passive15_0089,events,identical,
060550AC,Passive15_0090,events,identical,
060550DE,Passive15_0091,events,identical,
06055110,Passive15_0092,exact,identical,
06055188,Passive15_0093,exact,remap-only,case 0: Normal_Attack arg2 0x102 -> 0x82
060551B2,Passive15_0094,exact,identical,
060551D4,Passive15_0095,exact,identical,
0605521C,Passive15_0096,exact,remap-only,case 1: Normal_Attack arg2 0x402 -> 0x202
06055286,Passive15_0097,exact,identical,
060552E6,Passive15_0098,events,identical,
0605538A,Passive15_0099,exact,remap-only,case 0: Hi_Jump_Attack_Term arg4 0x200 -> 0x100; case 0: Hi_Jump_Attack_Term arg8 0x200 -> 0x100; case 1: Normal_Attack arg2 0x100 -> 0x80
060553EA,Passive15_0100,exact,identical,
06055454,Passive15_0101,events,remap-only,case 0: Normal_Attack arg2 0x100 -> 0x80
060554DA,Passive15_0102,exact,identical,
06055520,Passive15_0103,exact,remap-only,case 0: Normal_Attack arg2 0x402 -> 0x202
06055540,Passive15_0104,events,identical,
06055572,Passive15_0105,events,identical,
060555C8,Passive15_0106,events,identical,
060555FA,Passive15_0107,exact,identical,
06055636,Passive15_0108,exact,identical,
06055656,Passive15_0109,events,identical,
060556B0,Passive15_0110,exact,identical,
060556EC,Passive15_0111,exact,identical,
0605574E,Passive15_0112,exact,remap-only,case 0: Lever_Attack arg3 0x402 -> 0x202
060557A0,Passive15_0113,exact,remap-only,case 0: Normal_Attack arg2 0x200 -> 0x100
060557E8,Passive15_0114,events,identical,
06055836,Passive15_0115,exact,remap-only,case 0: Hi_Jump_Attack_Term arg4 0x200 -> 0x100
06055878,Passive15_0116,exact,remap-only,case 0: Jump_Attack_Term arg4 0x400 -> 0x200
060558E6,Passive15_0117,exact,remap-only,case 0: Jump_Attack arg3 0x100 -> 0x80
06055918,Passive15_0118,exact,remap-only,case 0: Normal_Attack arg2 0x200 -> 0x100
06055938,Passive15_0119,exact,identical,
060559DC,Passive15_0120,exact,remap-only,case 0: Jump_Attack_Term arg4 0x400 -> 0x200; case 0: Jump_Attack_Term arg8 0x400 -> 0x200
06055A1E,Passive15_0121,exact,identical,
06055A60,Passive15_0122,exact,identical,
06055AA2,Passive15_0123,exact,remap-only,case 0: Jump_Attack_Term arg4 0x400 -> 0x200; case 0: Jump_Attack_Term arg8 0x400 -> 0x200
06055AE4,Passive15_0124,exact,identical,
06055B34,Passive15_0125,exact,identical,
06055B76,Passive15_0126,exact,remap-only,case 1: Normal_Attack arg2 0x402 -> 0x202
06055BBA,Passive15_0127,exact,identical,
06055BDA,Passive15_0128,exact,remap-only,case 1: Command_Attack arg4 0x700 -> 0x380
06055C3C,Passive15_0129,events,identical,
06055C6E,Passive15_0130,events,identical,
06055CA0,Passive15_0131,events,identical,
06055CD2,Passive15_0132,exact,identical,
06055D08,Passive15_0133,exact,remap-only,case 1: Command_Attack arg4 0x700 -> 0x380
06055D68,Passive15_0134,exact,identical,
06055D9A,Passive15_0135,exact,remap-only,case 1: J_Command_Attack arg4 0x700 -> 0x380
06055DDA,Passive15_0136,exact,remap-only,case 1: J_Command_Attack arg4 0x700 -> 0x380
06055E1A,Passive15_0137,exact,identical,
06055E84,Passive15_0138,exact,remap-only,case 1: J_Command_Attack arg4 0x700 -> 0x380
06055EC4,Passive15_0139,exact,identical,
06055EF6,Passive15_0140,exact,identical,
06055F14,Passive15_0141,exact,identical,
06055F58,Passive15_0142,exact,identical,
06055FA2,Passive15_0143,exact,identical,
06055FEA,Passive15_0144,exact,identical,
06056048,Passive15_0145,exact,identical,
060560E4,Passive15_0146,events,identical,
06056154,Passive15_0147,exact,remap-only,case 1: J_Command_Attack arg4 0x700 -> 0x380
060561C8,Passive15_0148,exact,identical,
060561F0,Passive15_0149,exact,identical,
06056232,Passive15_0150,exact,remap-only,case 1: Normal_Attack arg2 0x200 -> 0x100
06056284,Passive15_0151,exact,remap-only,case 0: Normal_Attack arg2 0x102 -> 0x82; case 1: Normal_Attack arg2 0x102 -> 0x82
060562CC,Passive15_0152,exact,remap-only,case 1: Normal_Attack arg2 0x102 -> 0x82; case 2: Normal_Attack arg2 0x102 -> 0x82
06056314,Passive15_0153,exact,remap-only,case 1: Normal_Attack arg2 0x402 -> 0x202
06056358,Passive15_0154,exact,identical,
060563BC,Passive15_0155,exact,identical,
060563FE,Passive15_0156,exact,remap-only,case 2: J_Command_Attack arg4 0x700 -> 0x380
0605644A,Passive15_0157,exact,remap-only,case 0: Lever_Attack arg3 0x110 -> 0x90
0605646C,Passive15_0158,exact,remap-only,case 0: Lever_Attack arg3 0x110 -> 0x90
0605648E,Passive15_0159,exact,remap-only,case 0: Normal_Attack arg2 0x110 -> 0x90
060564D4,Passive15_0160,exact,identical,
0605654E,Passive15_0161,exact,identical,
060565A0,Passive15_0162,exact,identical,
0605660C,Passive15_0163,exact,remap-only,case 0: Jump_Attack_Term arg4 0x400 -> 0x200; case 0: Jump_Attack_Term arg8 0x400 -> 0x200
060566BC,Passive16_0001,exact,identical,
060566E4,Passive16_0002,events,identical,
0605674E,Passive16_0003,exact,identical,
060567A4,Passive16_0004,events,identical,
060567E6,Passive16_0005,exact,identical,
06056804,Passive16_0006,exact,identical,
06056848,Passive16_0007,events,identical,
060568A8,Passive16_0008,events,identical,
060568FA,Passive16_0009,events,identical,
0605692C,Passive16_0010,exact,identical,
0605695E,Passive16_0011,exact,remap-only,case 0: Jump_Attack_Term arg4 0x200 -> 0x100
060569C4,Passive16_0012,exact,remap-only,case 0: Normal_Attack arg2 0x400 -> 0x200
060569E4,Passive16_0013,events,identical,
06056A26,Passive16_0014,exact,identical,
06056A68,Passive16_0015,exact,identical,
06056AAC,Passive16_0016,exact,identical,
06056B18,Passive16_0017,exact,remap-only,case 1: Normal_Attack arg2 0x102 -> 0x82; case 2: Normal_Attack arg2 0x102 -> 0x82; case 3: Normal_Attack arg2 0x200 -> 0x100
06056B8C,Passive16_0018,events,identical,
06056C02,Passive16_0019,exact,identical,
06056C22,Passive16_0020,exact,identical,
06056C42,Passive16_0021,events,identical,
06056CA4,Passive16_0022,exact,remap-only,case 1: Jump_Attack_Term arg4 0x100 -> 0x80; case 1: Jump_Attack_Term arg8 0x200 -> 0x100; case 4: Normal_Attack arg2 0x200 -> 0x100
06056D18,Passive16_0023,exact,remap-only,case 0: Jump_Attack_Term arg8 0x200 -> 0x100; case 2: Normal_Attack arg2 0x200 -> 0x100
06056D98,Passive16_0024,exact,remap-only,case 4: Normal_Attack arg2 0x200 -> 0x100
06056DE8,Passive16_0025,exact,remap-only,case 6: Normal_Attack arg2 0x200 -> 0x100
06056E84,Passive16_0026,exact,remap-only,case 1: Normal_Attack arg2 0x402 -> 0x202
06056EC8,Passive16_0027,events,remap-only,case 1: Normal_Attack arg2 0x402 -> 0x202
06056F08,Passive16_0028,exact,remap-only,case 0: Jump_Attack arg3 0x200 -> 0x100
06056F3A,Passive16_0029,exact,identical,
06056F94,Passive16_0030,exact,remap-only,case 1: Normal_Attack arg2 0x200 -> 0x100
06056FDA,Passive16_0031,exact,identical,
06056FFC,Passive16_0032,events,identical,
06057062,Passive16_0033,exact,identical,
060570C8,Passive16_0034,events,identical,
06057126,Passive16_0035,exact,remap-only,case 1: Normal_Attack arg2 0x102 -> 0x82; case 2: Normal_Attack arg2 0x200 -> 0x100
06057168,Passive16_0036,events,identical,
060571D2,Passive16_0037,exact,identical,
06057226,Passive16_0038,events,identical,
060572A2,Passive16_0039,events,identical,
06057312,Passive16_0040,exact,remap-only,case 1: Normal_Attack arg2 0x100 -> 0x80; case 2: Normal_Attack arg2 0x100 -> 0x80; case 3: Normal_Attack arg2 0x200 -> 0x100
0605736A,Passive16_0041,exact,identical,
060573B0,Passive16_0042,exact,identical,
0605740C,Passive16_0043,events,identical,
0605745A,Passive16_0044,events,identical,
060574D6,Passive16_0045,exact,identical,
0605752C,Passive16_0046,exact,identical,
0605754C,Passive16_0047,events,remap-only,case 0: Normal_Attack arg2 0x102 -> 0x82
060575B8,Passive16_0048,exact,remap-only,case 0: Normal_Attack arg2 0x102 -> 0x82; case 1: Normal_Attack arg2 0x402 -> 0x202
060575E2,Passive16_0049,exact,identical,
06057626,Passive16_0050,exact,remap-only,case 1: Normal_Attack arg2 0x200 -> 0x100
0605766A,Passive16_0051,exact,remap-only,case 0: Normal_Attack arg2 0x220 -> 0x120; case 1: Normal_Attack arg2 0x102 -> 0x82
060576BA,Passive16_0052,exact,remap-only,case 0: Normal_Attack arg2 0x202 -> 0x102
060576DA,Passive16_0053,events,identical,
0605770C,Passive16_0054,exact,identical,
06057742,Passive16_0055,events,identical,
06057774,Passive16_0056,exact,remap-only,case 0: Jump_Attack_Term arg4 0x200 -> 0x100
060577E0,Passive16_0057,exact,identical,
06057822,Passive16_0058,exact,identical,
06057842,Passive16_0059,events,identical,
06057874,Passive16_0060,exact,identical,
06057892,Passive16_0061,events,identical,
0605791C,Passive16_0062,exact,identical,
060579A6,Passive16_0063,exact,identical,
060579F2,Passive16_0064,exact,remap-only,case 0: Lever_Attack arg3 0x400 -> 0x200
06057A14,Passive16_0065,events,identical,
06057AA6,Passive16_0066,events,identical,
06057B04,Passive16_0067,exact,remap-only,case 1: Normal_Attack arg2 0x402 -> 0x202
06057B30,Passive16_0068,exact,remap-only,case 0: Jump_Attack_Term arg4 0x200 -> 0x100; case 0: Jump_Attack_Term arg8 0x400 -> 0x200
06057B72,Passive16_0069,exact,identical,
06057BD2,Passive16_0070,exact,remap-only,case 1: Lever_Attack arg3 0x400 -> 0x200
06057C00,Passive16_0071,exact,identical,
06057C48,Passive16_0072,events,identical,
06057CEA,Passive16_0073,exact,identical,
06057D2E,Passive16_0074,events,identical,
06057DA2,Passive16_0075,events,identical,
06057E4A,Passive16_0076,events,identical,
06057E92,Passive16_0077,exact,remap-only,case 0: Jump_Attack_Term arg8 0x200 -> 0x100; case 1: Normal_Attack arg2 0x200 -> 0x100
06057F0C,Passive16_0078,exact,remap-only,case 0: Jump_Attack_Term arg4 0x100 -> 0x80; case 2: Normal_Attack arg2 0x200 -> 0x100
06057F66,Passive16_0079,exact,remap-only,case 1: Normal_Attack arg2 0x200 -> 0x100
06057FB8,Passive16_0080,exact,remap-only,case 0: Hi_Jump_Attack_Term arg4 0x200 -> 0x100; case 0: Hi_Jump_Attack_Term arg8 0x400 -> 0x200; case 1: Normal_Attack arg2 0x200 -> 0x100
06058030,Passive16_0081,exact,remap-only,case 0: Hi_Jump_Attack_Term arg4 0x100 -> 0x80; case 0: Hi_Jump_Attack_Term arg8 0x400 -> 0x200; case 2: Normal_Attack arg2 0x200 -> 0x100
06058088,Passive16_0082,exact,remap-only,case 1: Normal_Attack arg2 0x400 -> 0x200
060580D8,Passive16_0083,exact,remap-only,case 0: Hi_Jump_Attack_Term arg4 0x200 -> 0x100; case 1: Normal_Attack arg2 0x100 -> 0x80; case 2: Normal_Attack arg2 0x100 -> 0x80; case 3: Normal_Attack arg2 0x200 -> 0x100
0605815A,Passive16_0084,exact,remap-only,case 1: Normal_Attack arg2 0x102 -> 0x82; case 2: Normal_Attack arg2 0x102 -> 0x82; case 3: Normal_Attack arg2 0x200 -> 0x100
060581AE,Passive16_0085,exact,identical,
060581F0,Passive16_0086,events,identical,
060582A2,Passive16_0087,events,identical,
06058334,Passive16_0088,events,identical,
060583C6,Passive16_0089,events,identical,
060583F8,Passive16_0090,events,identical,
0605842A,Passive16_0091,events,identical,
06058480,Passive16_0092,exact,identical,
060584D2,Passive16_0093,exact,remap-only,case 0: Normal_Attack arg2 0x102 -> 0x82
060584FC,Passive16_0094,exact,identical,
0605851E,Passive16_0095,exact,identical,
06058584,Passive16_0096,exact,remap-only,case 1: Normal_Attack arg2 0x402 -> 0x202
060585CA,Passive16_0097,exact,identical,
0605862C,Passive16_0098,events,identical,
060586D4,Passive16_0099,exact,remap-only,case 0: Hi_Jump_Attack_Term arg4 0x200 -> 0x100; case 0: Hi_Jump_Attack_Term arg8 0x200 -> 0x100; case 1: Normal_Attack arg2 0x100 -> 0x80
06058734,Passive16_0100,events,identical,
060587E6,Passive16_0101,events,remap-only,case 0: Normal_Attack arg2 0x100 -> 0x80
0605883C,Passive16_0102,exact,identical,
06058882,Passive16_0103,exact,remap-only,case 0: Normal_Attack arg2 0x402 -> 0x202
060588A2,Passive16_0104,events,remap-only,case 0: Jump_Command_Attack_Term arg10 0x400 -> 0x200
06058914,Passive16_0105,events,remap-only,case 0: Jump_Command_Attack_Term arg10 0x400 -> 0x200
0605895C,Passive16_0106,events,remap-only,case 0: Jump_Command_Attack_Term arg10 0x400 -> 0x200
060589A4,Passive16_0107,exact,identical,
06058A04,Passive16_0108,exact,identical,
06058A24,Passive16_0109,events,identical,
06058A7E,Passive16_0110,exact,identical,
06058ABA,Passive16_0111,exact,remap-only,case 1: Normal_Attack arg2 0x402 -> 0x202
06058B44,Passive16_0112,exact,identical,
06058B66,Passive16_0113,exact,remap-only,case 0: Normal_Attack arg2 0x402 -> 0x202
06058BAE,Passive16_0114,exact,identical,
06058BFE,Passive16_0115,exact,remap-only,case 0: Hi_Jump_Attack_Term arg4 0x200 -> 0x100
06058C62,Passive16_0116,exact,remap-only,case 0: Jump_Attack_Term arg4 0x400 -> 0x200
06058CA4,Passive16_0117,exact,remap-only,case 0: Jump_Attack arg3 0x100 -> 0x80
06058CD6,Passive16_0118,exact,remap-only,case 0: Normal_Attack arg2 0x200 -> 0x100
06058CF6,Passive16_0119,exact,identical,
06058D8E,Passive16_0120,exact,remap-only,case 0: Jump_Attack_Term arg4 0x400 -> 0x200; case 0: Jump_Attack_Term arg8 0x400 -> 0x200
06058DD0,Passive16_0121,exact,identical,
06058E12,Passive16_0122,exact,identical,
06058E54,Passive16_0123,exact,remap-only,case 0: Jump_Attack_Term arg4 0x400 -> 0x200; case 0: Jump_Attack_Term arg8 0x400 -> 0x200
06058EB6,Passive16_0124,exact,identical,
06058EF8,Passive16_0125,exact,identical,
06058F3A,Passive16_0126,exact,remap-only,case 1: Normal_Attack arg2 0x402 -> 0x202
06058F98,Passive16_0127,exact,identical,
06058FDC,Passive16_0128,exact,remap-only,case 1: Jump_Command_Attack_Term arg4 0x700 -> 0x380; case 1: Jump_Command_Attack_Term arg10 0x400 -> 0x200
06059034,Passive16_0129,events,identical,
06059066,Passive16_0130,events,identical,
060590BC,Passive16_0131,events,identical,
060590EE,Passive16_0132,exact,identical,
06059124,Passive16_0133,exact,identical,
06059164,Passive16_0134,exact,identical,
06059196,Passive16_0135,exact,remap-only,case 1: Jump_Command_Attack_Term arg4 0x700 -> 0x380; case 1: Jump_Command_Attack_Term arg10 0x400 -> 0x200
0605920A,Passive16_0136,exact,remap-only,case 1: Jump_Command_Attack_Term arg4 0x700 -> 0x380; case 1: Jump_Command_Attack_Term arg10 0x400 -> 0x200
06059262,Passive16_0137,exact,identical,
060592AE,Passive16_0138,exact,remap-only,case 1: Jump_Command_Attack_Term arg4 0x700 -> 0x380; case 1: Jump_Command_Attack_Term arg10 0x400 -> 0x200
0605932E,Passive16_0139,exact,remap-only,case 0: Jump_Command_Attack_Term arg4 0x700 -> 0x380; case 0: Jump_Command_Attack_Term arg10 0x400 -> 0x200
06059378,Passive16_0140,exact,identical,
06059396,Passive16_0141,exact,identical,
060593DA,Passive16_0142,exact,identical,
06059424,Passive16_0143,exact,identical,
0605946C,Passive16_0144,exact,identical,
060594CA,Passive16_0145,exact,identical,
06059542,Passive16_0146,events,identical,
060595CE,Passive16_0147,exact,remap-only,case 1: Jump_Command_Attack_Term arg4 0x700 -> 0x380; case 1: Jump_Command_Attack_Term arg10 0x400 -> 0x200
06059654,Passive16_0148,exact,identical,
0605967C,Passive16_0149,exact,identical,
060596BE,Passive16_0150,exact,remap-only,case 1: Normal_Attack arg2 0x200 -> 0x100
06059710,Passive16_0151,exact,remap-only,case 0: Normal_Attack arg2 0x102 -> 0x82; case 1: Normal_Attack arg2 0x102 -> 0x82
06059758,Passive16_0152,exact,remap-only,case 1: Normal_Attack arg2 0x102 -> 0x82; case 2: Normal_Attack arg2 0x102 -> 0x82
060597A0,Passive16_0153,exact,remap-only,case 1: Normal_Attack arg2 0x402 -> 0x202
060597E4,Passive16_0154,exact,identical,
06059844,Passive16_0155,exact,identical,
06059886,Passive16_0156,exact,remap-only,case 2: Jump_Command_Attack_Term arg4 0x700 -> 0x380; case 2: Jump_Command_Attack_Term arg10 0x400 -> 0x200
060598EA,Passive16_0157,exact,remap-only,case 0: Lever_Attack arg3 0x110 -> 0x90
0605990C,Passive16_0158,exact,remap-only,case 0: Lever_Attack arg3 0x110 -> 0x90
06059958,Passive16_0159,exact,remap-only,case 0: Normal_Attack arg2 0x110 -> 0x90
06059978,Passive16_0160,exact,identical,
060599F2,Passive16_0161,exact,identical,
06059A60,Passive16_0162,exact,identical,
06059ACC,Passive16_0163,exact,identical,
06059AEC,Passive16_0164,events,identical,
06059B28,Passive16_0165,exact,remap-only,case 0: Normal_Attack arg2 0x402 -> 0x202
06059B6A,Passive16_0166,exact,identical,
06059C10,Passive17_0001,exact,identical,
06059C38,Passive17_0002,events,identical,
06059CA2,Passive17_0003,exact,identical,
06059CF8,Passive17_0004,events,identical,
06059D3A,Passive17_0005,exact,identical,
06059D58,Passive17_0006,exact,identical,
06059D9C,Passive17_0007,events,identical,
06059DFC,Passive17_0008,events,identical,
06059E4E,Passive17_0009,events,identical,
06059E80,Passive17_0010,exact,identical,
06059EB2,Passive17_0011,exact,remap-only,case 0: Jump_Attack_Term arg4 0x200 -> 0x100; case 0: Jump_Attack_Term arg8 0x200 -> 0x100
06059F18,Passive17_0012,exact,remap-only,case 0: Normal_Attack arg2 0x400 -> 0x200
06059F38,Passive17_0013,events,identical,
06059F7A,Passive17_0014,events,identical,
06059FB8,Passive17_0015,exact,identical,
06059FF8,Passive17_0016,exact,identical,
0605A064,Passive17_0017,exact,remap-only,case 1: Normal_Attack arg2 0x102 -> 0x82; case 2: Normal_Attack arg2 0x102 -> 0x82; case 3: Normal_Attack arg2 0x200 -> 0x100
0605A0D8,Passive17_0018,exact,identical,
0605A152,Passive17_0019,exact,identical,
0605A172,Passive17_0020,exact,identical,
0605A192,Passive17_0021,events,identical,
0605A1F6,Passive17_0022,exact,remap-only,case 1: Jump_Attack_Term arg4 0x100 -> 0x80; case 1: Jump_Attack_Term arg8 0x200 -> 0x100; case 4: Normal_Attack arg2 0x200 -> 0x100
0605A26A,Passive17_0023,exact,remap-only,case 0: Jump_Attack_Term arg4 0x200 -> 0x100; case 0: Jump_Attack_Term arg8 0x200 -> 0x100; case 2: Normal_Attack arg2 0x200 -> 0x100
0605A2F4,Passive17_0024,exact,remap-only,case 4: Normal_Attack arg2 0x200 -> 0x100
0605A344,Passive17_0025,exact,remap-only,case 6: Normal_Attack arg2 0x200 -> 0x100
0605A3E0,Passive17_0026,exact,identical,
0605A424,Passive17_0027,events,remap-only,case 1: Normal_Attack arg2 0x402 -> 0x202
0605A464,Passive17_0028,exact,remap-only,case 0: Jump_Attack arg3 0x400 -> 0x200
0605A496,Passive17_0029,exact,identical,
0605A4F0,Passive17_0030,exact,remap-only,case 1: Normal_Attack arg2 0x400 -> 0x200
0605A536,Passive17_0031,exact,identical,
0605A558,Passive17_0032,events,identical,
0605A5A0,Passive17_0033,exact,identical,
0605A604,Passive17_0034,events,identical,
0605A644,Passive17_0035,exact,remap-only,case 1: Normal_Attack arg2 0x102 -> 0x82; case 2: Normal_Attack arg2 0x200 -> 0x100
0605A686,Passive17_0036,events,identical,
0605A6D4,Passive17_0037,exact,identical,
0605A740,Passive17_0038,events,identical,
0605A79E,Passive17_0039,events,identical,
0605A810,Passive17_0040,exact,remap-only,case 1: Normal_Attack arg2 0x100 -> 0x80; case 2: Normal_Attack arg2 0x100 -> 0x80; case 3: Normal_Attack arg2 0x200 -> 0x100
0605A868,Passive17_0041,exact,identical,
0605A8AE,Passive17_0042,exact,remap-only,case 0: Jump_Attack arg3 0x400 -> 0x200
0605A8E0,Passive17_0043,events,identical,
0605A952,Passive17_0044,events,identical,
0605A9B0,Passive17_0045,exact,identical,
0605A9F6,Passive17_0046,exact,identical,
0605AA16,Passive17_0047,events,remap-only,case 0: Normal_Attack arg2 0x102 -> 0x82
0605AA80,Passive17_0048,exact,remap-only,case 0: Normal_Attack arg2 0x102 -> 0x82; case 1: Normal_Attack arg2 0x402 -> 0x202
0605AAAA,Passive17_0049,exact,identical,
0605AAEE,Passive17_0050,exact,remap-only,case 1: Normal_Attack arg2 0x200 -> 0x100
0605AB32,Passive17_0051,exact,remap-only,case 0: Normal_Attack arg2 0x220 -> 0x120; case 1: Normal_Attack arg2 0x102 -> 0x82
0605AB82,Passive17_0052,exact,remap-only,case 0: Normal_Attack arg2 0x202 -> 0x102
0605ABA2,Passive17_0053,events,identical,
0605ABD4,Passive17_0054,exact,identical,
0605AC0A,Passive17_0055,events,identical,
0605AC3C,Passive17_0056,exact,remap-only,case 0: Jump_Attack_Term arg4 0x200 -> 0x100
0605AC9C,Passive17_0057,exact,remap-only,case 0: Jump_Attack_Term arg4 0x200 -> 0x100
0605ACE0,Passive17_0058,exact,identical,
0605AD00,Passive17_0059,events,identical,
0605AD32,Passive17_0060,exact,identical,
0605AD74,Passive17_0061,events,identical,
0605ADE0,Passive17_0062,exact,identical,
0605AE38,Passive17_0063,exact,remap-only,case 1: Normal_Attack arg2 0x102 -> 0x82; case 2: Normal_Attack arg2 0x400 -> 0x200
0605AE92,Passive17_0064,exact,remap-only,case 0: Normal_Attack arg2 0x400 -> 0x200
0605AEB2,Passive17_0065,events,identical,
0605AF0E,Passive17_0066,events,identical,
0605AF4E,Passive17_0067,exact,remap-only,case 1: Normal_Attack arg2 0x402 -> 0x202
0605AF96,Passive17_0068,exact,remap-only,case 0: Jump_Attack_Term arg4 0x200 -> 0x100; case 0: Jump_Attack_Term arg8 0x200 -> 0x100
0605AFDA,Passive17_0069,exact,identical,
0605B00C,Passive17_0070,exact,remap-only,case 1: Normal_Attack arg2 0x402 -> 0x202
0605B038,Passive17_0071,exact,identical,
0605B0AC,Passive17_0072,events,identical,
0605B10C,Passive17_0073,exact,identical,
0605B15E,Passive17_0074,events,identical,
0605B1CA,Passive17_0075,events,identical,
0605B244,Passive17_0076,events,identical,
0605B2B0,Passive17_0077,exact,remap-only,case 0: Jump_Attack_Term arg8 0x200 -> 0x100; case 1: Normal_Attack arg2 0x200 -> 0x100
0605B314,Passive17_0078,exact,remap-only,case 0: Jump_Attack_Term arg4 0x200 -> 0x100; case 2: Normal_Attack arg2 0x200 -> 0x100
0605B36E,Passive17_0079,exact,remap-only,case 1: Normal_Attack arg2 0x200 -> 0x100
0605B3E4,Passive17_0080,exact,remap-only,case 0: Hi_Jump_Attack_Term arg4 0x200 -> 0x100; case 0: Hi_Jump_Attack_Term arg8 0x200 -> 0x100; case 1: Normal_Attack arg2 0x200 -> 0x100
0605B43A,Passive17_0081,exact,remap-only,case 2: Normal_Attack arg2 0x200 -> 0x100
0605B494,Passive17_0082,exact,remap-only,case 0: Hi_Jump_Attack_Term arg4 0x400 -> 0x200; case 1: Normal_Attack arg2 0x200 -> 0x100
0605B502,Passive17_0083,exact,remap-only,case 0: Hi_Jump_Attack_Term arg4 0x200 -> 0x100; case 1: Normal_Attack arg2 0x100 -> 0x80; case 2: Normal_Attack arg2 0x100 -> 0x80; case 3: Normal_Attack arg2 0x200 -> 0x100
0605B566,Passive17_0084,exact,remap-only,case 1: Normal_Attack arg2 0x102 -> 0x82; case 2: Normal_Attack arg2 0x102 -> 0x82; case 3: Normal_Attack arg2 0x200 -> 0x100
0605B5BA,Passive17_0085,events,remap-only,case 1: Hi_Jump_Attack arg3 0x400 -> 0x200
0605B61E,Passive17_0086,events,identical,
0605B694,Passive17_0087,events,identical,
0605B72A,Passive17_0088,events,identical,
0605B7A0,Passive17_0089,events,identical,
0605B7D2,Passive17_0090,events,identical,
0605B804,Passive17_0091,events,identical,
0605B836,Passive17_0092,exact,identical,
0605B886,Passive17_0093,exact,remap-only,case 0: Normal_Attack arg2 0x102 -> 0x82
0605B8D0,Passive17_0094,exact,identical,
0605B8F2,Passive17_0095,exact,identical,
0605B93A,Passive17_0096,exact,remap-only,case 1: Normal_Attack arg2 0x402 -> 0x202
0605B980,Passive17_0097,exact,identical,
0605BA0C,Passive17_0098,events,identical,
0605BA86,Passive17_0099,exact,remap-only,case 0: Hi_Jump_Attack_Term arg4 0x200 -> 0x100; case 0: Hi_Jump_Attack_Term arg8 0x200 -> 0x100; case 1: Normal_Attack arg2 0x100 -> 0x80
0605BB20,Passive17_0100,events,identical,
0605BB84,Passive17_0101,exact,identical,
0605BBDE,Passive17_0102,exact,identical,
0605BC4E,Passive17_0103,exact,identical,
0605BC6E,Passive17_0104,events,identical,
0605BCA0,Passive17_0105,events,identical,
0605BCD2,Passive17_0106,events,identical,
0605BD28,Passive17_0107,exact,identical,
0605BD64,Passive17_0108,exact,identical,
0605BD84,Passive17_0109,events,identical,
0605BDDE,Passive17_0110,exact,identical,
0605BE1A,Passive17_0111,exact,identical,
0605BE7C,Passive17_0112,exact,identical,
0605BE9C,Passive17_0113,exact,identical,
0605BEE4,Passive17_0114,events,identical,
0605BF62,Passive17_0115,exact,remap-only,case 0: Hi_Jump_Attack_Term arg4 0x200 -> 0x100
0605BFA4,Passive17_0116,exact,remap-only,case 0: Jump_Attack_Term arg4 0x400 -> 0x200
0605BFE6,Passive17_0117,exact,remap-only,case 0: Jump_Attack arg3 0x100 -> 0x80
0605C018,Passive17_0118,exact,remap-only,case 0: Normal_Attack arg2 0x200 -> 0x100
0605C038,Passive17_0119,exact,identical,
0605C094,Passive17_0120,exact,remap-only,case 0: Jump_Attack_Term arg4 0x400 -> 0x200; case 0: Jump_Attack_Term arg8 0x200 -> 0x100
0605C0D6,Passive17_0121,exact,identical,
0605C118,Passive17_0122,exact,identical,
0605C15A,Passive17_0123,exact,remap-only,case 0: Jump_Attack_Term arg4 0x400 -> 0x200; case 0: Jump_Attack_Term arg8 0x200 -> 0x100
0605C1AC,Passive17_0124,exact,identical,
0605C1EE,Passive17_0125,exact,identical,
0605C230,Passive17_0126,exact,identical,
0605C274,Passive17_0127,exact,identical,
0605C294,Passive17_0128,exact,remap-only,case 1: J_Command_Attack arg4 0x700 -> 0x380
0605C2EE,Passive17_0129,events,identical,
0605C320,Passive17_0130,events,identical,
0605C352,Passive17_0131,events,identical,
0605C384,Passive17_0132,exact,identical,
0605C3BA,Passive17_0133,exact,remap-only,case 1: Command_Attack arg4 0x700 -> 0x380
0605C418,Passive17_0134,exact,identical,
0605C44A,Passive17_0135,exact,remap-only,case 1: J_Command_Attack arg4 0x700 -> 0x380
0605C48A,Passive17_0136,exact,remap-only,case 1: J_Command_Attack arg4 0x700 -> 0x380
0605C4CA,Passive17_0137,exact,identical,
0605C530,Passive17_0138,exact,remap-only,case 1: J_Command_Attack arg4 0x700 -> 0x380
0605C570,Passive17_0139,exact,identical,
0605C5A2,Passive17_0140,exact,identical,
0605C5C0,Passive17_0141,exact,identical,
0605C5E2,Passive17_0142,exact,identical,
0605C62E,Passive17_0143,exact,identical,
0605C676,Passive17_0144,exact,identical,
0605C6D4,Passive17_0145,exact,identical,
0605C752,Passive17_0146,events,identical,
0605C7C0,Passive17_0147,exact,remap-only,case 1: J_Command_Attack arg4 0x700 -> 0x380
0605C800,Passive17_0148,exact,identical,
0605C85A,Passive17_0149,exact,remap-only,case 0: Jump_Attack_Term arg4 0x200 -> 0x100
0605C89A,Passive17_0150,exact,remap-only,case 1: Normal_Attack arg2 0x200 -> 0x100
0605C8EC,Passive17_0151,exact,remap-only,case 0: Normal_Attack arg2 0x102 -> 0x82; case 1: Normal_Attack arg2 0x102 -> 0x82
0605C910,Passive17_0152,exact,remap-only,case 1: Normal_Attack arg2 0x102 -> 0x82; case 2: Normal_Attack arg2 0x102 -> 0x82
0605C978,Passive17_0153,exact,remap-only,case 1: Normal_Attack arg2 0x402 -> 0x202
0605C9BC,Passive17_0154,exact,identical,
0605CA04,Passive17_0155,exact,identical,
0605CA64,Passive17_0156,exact,remap-only,case 2: J_Command_Attack arg4 0x700 -> 0x380
0605CAB0,Passive17_0157,exact,remap-only,case 0: Lever_Attack arg3 0x110 -> 0x90
0605CAD2,Passive17_0158,exact,remap-only,case 0: Lever_Attack arg3 0x110 -> 0x90
0605CAF4,Passive17_0159,exact,remap-only,case 0: Normal_Attack arg2 0x110 -> 0x90
0605CB38,Passive17_0160,exact,identical,
0605CBB2,Passive17_0161,exact,identical,
0605CC04,Passive17_0162,exact,identical,
0605CC70,Passive17_0163,events,identical,
0605CCB0,Passive17_0164,events,identical,
0605CD2C,Passive17_0165,events,identical,
0605CD78,Passive17_0166,events,identical,
0605CDE2,Passive17_0167,exact,identical,
0605CE32,Passive17_0168,exact,identical,
0605CE94,Passive17_0169,events,remap-only,case 4: Normal_Attack arg2 0x400 -> 0x200
0605CF2A,Passive17_0170,events,identical,
0605CFBC,Passive17_0171,events,identical,
0605D040,Passive17_0172,events,remap-only,case 1: Normal_Attack arg2 0x102 -> 0x82; case 2: Normal_Attack arg2 0x202 -> 0x102
0605D098,Passive17_0173,events,remap-only,case 2: Lever_Attack arg3 0x402 -> 0x202
0605D0F2,Passive17_0174,events,remap-only,case 1: Normal_Attack arg2 0x102 -> 0x82; case 2: Normal_Attack arg2 0x202 -> 0x102
0605D16C,Passive17_0175,events,identical,
0605D1BE,Passive17_0176,events,remap-only,case 1: Hi_Jump_Attack_Term arg4 0x400 -> 0x200; case 1: Hi_Jump_Attack_Term arg8 0x200 -> 0x100
0605D272,Passive17_0177,events,remap-only,case 1: Hi_Jump_Attack_Term arg4 0x400 -> 0x200; case 1: Hi_Jump_Attack_Term arg8 0x200 -> 0x100
0605D300,Passive17_0178,events,remap-only,case 1: Hi_Jump_Attack_Term arg4 0x400 -> 0x200; case 1: Hi_Jump_Attack_Term arg8 0x200 -> 0x100; case 3: Lever_Attack arg3 0x402 -> 0x202
0605D3AC,Passive17_0179,events,identical,
0605D3EC,Passive17_0180,events,identical,
0605D436,Passive17_0181,events,identical,
0605D4E4,Passive18_0001,exact,identical,
0605D50C,Passive18_0002,events,identical,
0605D556,Passive18_0003,exact,identical,
0605D574,Passive18_0004,events,identical,
0605D5B6,Passive18_0005,exact,identical,
0605D5D4,Passive18_0006,exact,identical,
0605D656,Passive18_0007,events,identical,
0605D696,Passive18_0008,events,identical,
0605D6E8,Passive18_0009,exact,identical,
0605D71E,Passive18_0010,exact,identical,
0605D76E,Passive18_0011,exact,identical,
0605D7B0,Passive18_0012,exact,remap-only,case 0: Normal_Attack arg2 0x400 -> 0x200
0605D7D0,Passive18_0013,events,identical,
0605D812,Passive18_0014,events,identical,
0605D87C,Passive18_0015,exact,identical,
0605D89C,Passive18_0016,exact,identical,
0605D906,Passive18_0017,exact,remap-only,case 1: Normal_Attack arg2 0x102 -> 0x82; case 2: Normal_Attack arg2 0x102 -> 0x82; case 3: Normal_Attack arg2 0x400 -> 0x200
0605D97C,Passive18_0018,exact,identical,
0605D9F6,Passive18_0019,exact,identical,
0605DA16,Passive18_0020,exact,identical,
0605DA36,Passive18_0021,events,identical,
0605DA9A,Passive18_0022,exact,remap-only,case 1: Jump_Attack_Term arg4 0x400 -> 0x200; case 1: Jump_Attack_Term arg8 0x200 -> 0x100
0605DB0E,Passive18_0023,exact,remap-only,case 0: Jump_Attack_Term arg8 0x200 -> 0x100; case 2: Normal_Attack arg2 0x400 -> 0x200
0605DB94,Passive18_0024,exact,remap-only,case 4: Normal_Attack arg2 0x400 -> 0x200
0605DBE4,Passive18_0025,exact,remap-only,case 6: Normal_Attack arg2 0x400 -> 0x200
0605DC80,Passive18_0026,exact,identical,
0605DCC4,Passive18_0027,events,remap-only,case 1: Normal_Attack arg2 0x402 -> 0x202
0605DD04,Passive18_0028,exact,remap-only,case 0: Jump_Attack arg3 0x400 -> 0x200
0605DD36,Passive18_0029,exact,identical,
0605DD90,Passive18_0030,exact,remap-only,case 2: Normal_Attack arg2 0x400 -> 0x200
0605DDE4,Passive18_0031,exact,identical,
0605DE06,Passive18_0032,events,identical,
0605DE4E,Passive18_0033,exact,identical,
0605DEB8,Passive18_0034,events,remap-only,case 1: Jump_Command_Attack_Term arg10 0x400 -> 0x200
0605DF12,Passive18_0035,exact,remap-only,case 1: Normal_Attack arg2 0x102 -> 0x82; case 2: Normal_Attack arg2 0x400 -> 0x200
0605DF54,Passive18_0036,events,identical,
0605DFC4,Passive18_0037,exact,identical,
0605E026,Passive18_0038,events,remap-only,case 1: Jump_Command_Attack_Term arg10 0x400 -> 0x200
0605E088,Passive18_0039,exact,identical,
0605E110,Passive18_0040,exact,remap-only,case 1: Normal_Attack arg2 0x100 -> 0x80; case 2: Normal_Attack arg2 0x100 -> 0x80; case 3: Normal_Attack arg2 0x400 -> 0x200
0605E168,Passive18_0041,exact,identical,
0605E1E8,Passive18_0042,exact,identical,
0605E21A,Passive18_0043,events,remap-only,case 1: Jump_Command_Attack_Term arg10 0x400 -> 0x200
0605E27E,Passive18_0044,events,identical,
0605E304,Passive18_0045,exact,identical,
0605E34C,Passive18_0046,exact,identical,
0605E36C,Passive18_0047,events,remap-only,case 0: Normal_Attack arg2 0x102 -> 0x82
0605E3AC,Passive18_0048,exact,remap-only,case 0: Normal_Attack arg2 0x102 -> 0x82; case 1: Normal_Attack arg2 0x402 -> 0x202
0605E3FC,Passive18_0049,exact,identical,
0605E450,Passive18_0050,exact,remap-only,case 1: Normal_Attack arg2 0x400 -> 0x200
0605E494,Passive18_0051,exact,remap-only,case 0: Normal_Attack arg2 0x420 -> 0x220; case 1: Normal_Attack arg2 0x102 -> 0x82
0605E4C0,Passive18_0052,exact,remap-only,case 0: Normal_Attack arg2 0x202 -> 0x102
0605E508,Passive18_0053,events,identical,
0605E53A,Passive18_0054,exact,identical,
0605E570,Passive18_0055,events,identical,
0605E5A2,Passive18_0056,exact,remap-only,case 0: Jump_Attack_Term arg4 0x200 -> 0x100
0605E5E4,Passive18_0057,exact,identical,
0605E646,Passive18_0058,exact,identical,
0605E666,Passive18_0059,events,identical,
0605E698,Passive18_0060,exact,identical,
0605E6B6,Passive18_0061,exact,identical,
0605E702,Passive18_0062,exact,remap-only,case 2: Lever_Attack arg3 0x110 -> 0x90
0605E770,Passive18_0063,exact,identical,
0605E7AC,Passive18_0064,exact,remap-only,case 0: Normal_Attack arg2 0x400 -> 0x200
0605E7CC,Passive18_0065,events,identical,
0605E838,Passive18_0066,events,remap-only,case 0: Jump_Command_Attack_Term arg10 0x400 -> 0x200
0605E8A8,Passive18_0067,exact,remap-only,case 1: Normal_Attack arg2 0x402 -> 0x202
0605E8D4,Passive18_0068,exact,remap-only,case 0: Jump_Attack_Term arg4 0x200 -> 0x100; case 0: Jump_Attack_Term arg8 0x400 -> 0x200
0605E916,Passive18_0069,exact,identical,
0605E948,Passive18_0070,exact,remap-only,case 1: Lever_Attack arg3 0x402 -> 0x202
0605E9AC,Passive18_0071,exact,identical,
0605E9F4,Passive18_0072,events,remap-only,case 2: Jump_Command_Attack_Term arg10 0x400 -> 0x200
0605EA5E,Passive18_0073,exact,identical,
0605EAE2,Passive18_0074,events,identical,
0605EB2A,Passive18_0075,exact,identical,
0605EB76,Passive18_0076,exact,identical,
0605EBC2,Passive18_0077,exact,remap-only,case 0: Jump_Attack_Term arg8 0x200 -> 0x100; case 1: Normal_Attack arg2 0x400 -> 0x200
0605EC28,Passive18_0078,exact,remap-only,case 0: Jump_Attack_Term arg4 0x100 -> 0x80; case 2: Normal_Attack arg2 0x400 -> 0x200
0605EC82,Passive18_0079,exact,remap-only,case 1: Normal_Attack arg2 0x400 -> 0x200
0605ECD4,Passive18_0080,exact,remap-only,case 0: Hi_Jump_Attack_Term arg4 0x200 -> 0x100; case 0: Hi_Jump_Attack_Term arg8 0x400 -> 0x200; case 1: Normal_Attack arg2 0x400 -> 0x200
0605ED48,Passive18_0081,exact,remap-only,case 0: Hi_Jump_Attack_Term arg4 0x100 -> 0x80; case 0: Hi_Jump_Attack_Term arg8 0x400 -> 0x200; case 2: Normal_Attack arg2 0x400 -> 0x200
0605EDA0,Passive18_0082,exact,remap-only,case 1: Normal_Attack arg2 0x400 -> 0x200
0605EE10,Passive18_0083,exact,remap-only,case 0: Hi_Jump_Attack_Term arg4 0x200 -> 0x100; case 1: Normal_Attack arg2 0x100 -> 0x80; case 2: Normal_Attack arg2 0x100 -> 0x80; case 3: Normal_Attack arg2 0x400 -> 0x200
0605EE74,Passive18_0084,events,remap-only,case 0: Hi_Jump_Attack arg3 0x400 -> 0x200; case 1: Normal_Attack arg2 0x102 -> 0x82; case 2: Normal_Attack arg2 0x102 -> 0x82; case 3: Normal_Attack arg2 0x400 -> 0x200
0605EEC8,Passive18_0085,events,remap-only,case 1: Jump_Command_Attack_Term arg10 0x400 -> 0x200
0605EF44,Passive18_0086,events,identical,
0605F000,Passive18_0087,events,identical,
0605F086,Passive18_0088,events,identical,
0605F10C,Passive18_0089,events,remap-only,case 0: Jump_Command_Attack_Term arg10 0x400 -> 0x200
0605F174,Passive18_0090,events,remap-only,case 0: Jump_Command_Attack_Term arg10 0x400 -> 0x200
0605F1BE,Passive18_0091,events,remap-only,case 0: Jump_Command_Attack_Term arg10 0x400 -> 0x200
0605F208,Passive18_0092,exact,identical,
0605F278,Passive18_0093,exact,remap-only,case 0: Normal_Attack arg2 0x102 -> 0x82
0605F2A2,Passive18_0094,exact,identical,
0605F2C4,Passive18_0095,exact,identical,
0605F30A,Passive18_0096,exact,remap-only,case 2: Normal_Attack arg2 0x402 -> 0x202
0605F384,Passive18_0097,exact,identical,
0605F3E6,Passive18_0098,events,identical,
0605F48C,Passive18_0099,exact,remap-only,case 0: Hi_Jump_Attack_Term arg4 0x200 -> 0x100; case 0: Hi_Jump_Attack_Term arg8 0x200 -> 0x100; case 1: Normal_Attack arg2 0x100 -> 0x80
0605F4EC,Passive18_0100,exact,identical,
0605F544,Passive18_0101,exact,remap-only,case 0: Normal_Attack arg2 0x100 -> 0x80
0605F5C4,Passive18_0102,exact,identical,
0605F60A,Passive18_0103,exact,identical,
0605F62A,Passive18_0104,events,identical,
0605F65C,Passive18_0105,events,identical,
0605F68E,Passive18_0106,events,identical,
0605F6C0,Passive18_0107,exact,identical,
0605F6FC,Passive18_0108,exact,identical,
0605F71C,Passive18_0109,events,identical,
0605F776,Passive18_0110,exact,identical,
0605F7E8,Passive18_0111,exact,identical,
0605F84A,Passive18_0112,exact,identical,
0605F86A,Passive18_0113,exact,identical,
0605F8B2,Passive18_0114,events,identical,
0605F900,Passive18_0115,exact,remap-only,case 0: Hi_Jump_Attack_Term arg4 0x200 -> 0x100
0605F95E,Passive18_0116,exact,remap-only,case 0: Jump_Attack_Term arg4 0x400 -> 0x200
0605F9A0,Passive18_0117,exact,remap-only,case 0: Jump_Attack arg3 0x100 -> 0x80
0605F9D2,Passive18_0118,exact,remap-only,case 0: Normal_Attack arg2 0x200 -> 0x100
0605F9F2,Passive18_0119,exact,identical,
0605FA8A,Passive18_0120,exact,remap-only,case 0: Jump_Attack_Term arg4 0x400 -> 0x200; case 0: Jump_Attack_Term arg8 0x400 -> 0x200
0605FACC,Passive18_0121,exact,identical,
0605FB0E,Passive18_0122,exact,identical,
0605FB50,Passive18_0123,exact,remap-only,case 0: Jump_Attack_Term arg4 0x400 -> 0x200; case 0: Jump_Attack_Term arg8 0x400 -> 0x200
0605FBB2,Passive18_0124,exact,identical,
0605FBF4,Passive18_0125,exact,identical,
0605FC36,Passive18_0126,exact,identical,
0605FC7A,Passive18_0127,exact,identical,
0605FCB0,Passive18_0128,exact,remap-only,case 1: Command_Attack arg4 0x700 -> 0x380
0605FCF0,Passive18_0129,events,identical,
0605FD36,Passive18_0130,events,identical,
0605FD7C,Passive18_0131,events,identical,
0605FDDC,Passive18_0132,exact,identical,
0605FE12,Passive18_0133,events,remap-only,case 1: Jump_Command_Attack_Term arg10 0x400 -> 0x200
0605FE6C,Passive18_0134,exact,identical,
0605FE9E,Passive18_0135,exact,remap-only,case 1: Command_Attack arg4 0x700 -> 0x380
0605FF08,Passive18_0136,exact,remap-only,case 1: Command_Attack arg4 0x700 -> 0x380
0605FF48,Passive18_0137,exact,identical,
0605FF94,Passive18_0138,exact,remap-only,case 1: Command_Attack arg4 0x700 -> 0x380
0605FFD4,Passive18_0139,exact,identical,
06060024,Passive18_0140,exact,identical,
06060042,Passive18_0141,exact,identical,
06060086,Passive18_0142,exact,identical,
060600A4,Passive18_0143,exact,identical,
060600EC,Passive18_0144,exact,identical,
0606016E,Passive18_0145,exact,identical,
060601CC,Passive18_0146,events,remap-only,case 3: Command_Attack arg4 0x700 -> 0x380
06060250,Passive18_0147,exact,remap-only,case 1: Command_Attack arg4 0x700 -> 0x380
06060290,Passive18_0148,exact,identical,
060602B8,Passive18_0149,exact,identical,
060602FA,Passive18_0150,exact,remap-only,case 1: Normal_Attack arg2 0x400 -> 0x200
06060378,Passive18_0151,exact,remap-only,case 0: Normal_Attack arg2 0x102 -> 0x82; case 1: Normal_Attack arg2 0x102 -> 0x82
0606039C,Passive18_0152,exact,remap-only,case 1: Normal_Attack arg2 0x102 -> 0x82; case 2: Normal_Attack arg2 0x102 -> 0x82
060603E4,Passive18_0153,exact,remap-only,case 1: Normal_Attack arg2 0x402 -> 0x202
06060428,Passive18_0154,exact,identical,
0606048A,Passive18_0155,exact,identical,
060604CA,Passive18_0156,exact,remap-only,case 2: Command_Attack arg4 0x700 -> 0x380
06060516,Passive18_0157,exact,remap-only,case 0: Lever_Attack arg3 0x110 -> 0x90
06060538,Passive18_0158,exact,remap-only,case 0: Lever_Attack arg3 0x110 -> 0x90
06060580,Passive18_0159,exact,remap-only,case 0: Normal_Attack arg2 0x110 -> 0x90
060605A0,Passive18_0160,exact,identical,
0606061A,Passive18_0161,exact,identical,
06060688,Passive18_0162,exact,identical,
060606F4,Passive18_0163,exact,identical,
06060744,Passive18_0164,exact,identical,
06060788,Passive18_0165,exact,identical,
060607C8,Passive18_0166,exact,remap-only,case 0: Jump_Attack_Term arg4 0x400 -> 0x200; case 0: Jump_Attack_Term arg8 0x200 -> 0x100
0606080A,Passive18_0167,exact,identical,
06060854,Passive18_0168,exact,identical,
060608C0,Passive18_0169,exact,identical,
06060902,Passive18_0170,events,identical,
06060934,Passive18_0171,events,identical,
0606097E,Passive18_0172,events,identical,
060609C8,Passive18_0173,exact,identical,
060609F4,Passive18_0174,exact,identical,
06060A14,Passive18_0175,exact,identical,
06060A34,Passive18_0176,events,remap-only,case 0: Normal_Attack arg2 0x100 -> 0x80
06060A94,Passive18_0177,exact,identical,
06060ADA,Passive18_0178,events,remap-only,case 0: Normal_Attack arg2 0x200 -> 0x100
06060B1A,Passive18_0179,events,identical,
06060B5A,Passive18_0180,events,identical,
06060BB4,Passive18_0181,exact,identical,
06060BF4,Passive18_0182,exact,identical,
06060C34,Passive18_0183,exact,remap-only,case 0: Normal_Attack arg2 0x100 -> 0x80
06060C88,Passive18_0184,exact,remap-only,case 0: Normal_Attack arg2 0x200 -> 0x100
06060CC8,Passive18_0185,exact,identical,
06060D08,Passive18_0186,exact,identical,
06060D48,Passive18_0187,exact,remap-only,case 0: Normal_Attack arg2 0x102 -> 0x82; case 2: Normal_Attack arg2 0x402 -> 0x202
06060DA2,Passive18_0188,events,identical,
06060DF2,Passive18_0189,events,identical,
06060E50,Passive18_0190,exact,identical,
06060EB2,Passive18_0191,exact,identical,
06060EEC,Passive18_0192,events,identical,
06060F34,Passive18_0193,events,identical,
06060F86,Passive18_0194,exact,identical,
06060FA6,Passive18_0195,exact,identical,
06060FEC,Passive18_0196,exact,identical,
06061046,Passive18_0197,events,identical,
06061078,Passive18_0198,events,remap-only,case 0: Jump_Command_Attack_Term arg10 0x400 -> 0x200
060610C2,Passive18_0199,exact,identical,
060610FC,Passive18_0200,exact,identical,
06061172,Passive18_0201,exact,identical,
060611AC,Passive18_0202,events,identical,
06061216,Passive18_0203,events,identical,
060612E8,Passive19_0001,exact,identical,
06061310,Passive19_0002,events,identical,
0606137A,Passive19_0003,exact,identical,
060613D0,Passive19_0004,events,identical,
06061412,Passive19_0005,exact,identical,
06061430,Passive19_0006,exact,identical,
06061474,Passive19_0007,events,identical,
060614A6,Passive19_0008,events,identical,
060614F8,Passive19_0009,events,identical,
0606152A,Passive19_0010,exact,identical,
0606155C,Passive19_0011,exact,identical,
0606159E,Passive19_0012,exact,remap-only,case 0: Normal_Attack arg2 0x400 -> 0x200
060615BE,Passive19_0013,events,identical,
06061626,Passive19_0014,events,identical,
06061658,Passive19_0015,exact,identical,
06061678,Passive19_0016,exact,identical,
06061708,Passive19_0017,exact,remap-only,case 1: Normal_Attack arg2 0x102 -> 0x82; case 2: Normal_Attack arg2 0x102 -> 0x82; case 3: Normal_Attack arg2 0x200 -> 0x100
06061756,Passive19_0018,exact,identical,
060617CE,Passive19_0019,exact,identical,
06061816,Passive19_0020,exact,identical,
06061836,Passive19_0021,events,identical,
06061876,Passive19_0022,exact,remap-only,case 1: Jump_Attack_Term arg4 0x100 -> 0x80; case 1: Jump_Attack_Term arg8 0x200 -> 0x100; case 4: Normal_Attack arg2 0x200 -> 0x100
06061910,Passive19_0023,exact,remap-only,case 0: Jump_Attack_Term arg8 0x200 -> 0x100; case 2: Normal_Attack arg2 0x200 -> 0x100
06061970,Passive19_0024,exact,remap-only,case 4: Normal_Attack arg2 0x200 -> 0x100
060619EC,Passive19_0025,exact,remap-only,case 6: Normal_Attack arg2 0x200 -> 0x100
06061A66,Passive19_0026,exact,identical,
06061AAA,Passive19_0027,events,remap-only,case 1: Normal_Attack arg2 0x402 -> 0x202
06061B14,Passive19_0028,exact,remap-only,case 0: Jump_Attack arg3 0x400 -> 0x200
06061B46,Passive19_0029,exact,identical,
06061B7E,Passive19_0030,exact,remap-only,case 1: Normal_Attack arg2 0x400 -> 0x200
06061BC4,Passive19_0031,exact,identical,
06061C0C,Passive19_0032,exact,identical,
06061C5C,Passive19_0033,exact,identical,
06061C96,Passive19_0034,events,identical,
06061CD6,Passive19_0035,exact,remap-only,case 1: Normal_Attack arg2 0x102 -> 0x82; case 2: Normal_Attack arg2 0x200 -> 0x100
06061D38,Passive19_0036,events,identical,
06061D86,Passive19_0037,exact,identical,
06061DDA,Passive19_0038,exact,identical,
06061E52,Passive19_0039,exact,identical,
06061EA4,Passive19_0040,exact,identical,
06061EF6,Passive19_0041,exact,identical,
06061F4A,Passive19_0042,exact,remap-only,case 0: Jump_Attack arg3 0x400 -> 0x200
06061F9E,Passive19_0043,events,identical,
06061FEA,Passive19_0044,events,identical,
06062048,Passive19_0045,exact,identical,
060620B6,Passive19_0046,exact,identical,
060620D6,Passive19_0047,events,remap-only,case 0: Normal_Attack arg2 0x102 -> 0x82
06062116,Passive19_0048,exact,identical,
0606213E,Passive19_0049,exact,identical,
060621A4,Passive19_0050,exact,remap-only,case 1: Normal_Attack arg2 0x200 -> 0x100
060621E8,Passive19_0051,exact,remap-only,case 0: Normal_Attack arg2 0x220 -> 0x120; case 1: Normal_Attack arg2 0x102 -> 0x82
06062214,Passive19_0052,exact,remap-only,case 0: Normal_Attack arg2 0x202 -> 0x102
06062234,Passive19_0053,events,identical,
06062266,Passive19_0054,exact,identical,
060622C0,Passive19_0055,events,identical,
060622F2,Passive19_0056,exact,remap-only,case 0: Jump_Attack_Term arg4 0x200 -> 0x100
06062334,Passive19_0057,exact,identical,
06062376,Passive19_0058,exact,identical,
06062396,Passive19_0059,events,identical,
060623E8,Passive19_0060,exact,identical,
06062406,Passive19_0061,events,identical,
0606244E,Passive19_0062,exact,identical,
060624A6,Passive19_0063,exact,identical,
06062526,Passive19_0064,exact,remap-only,case 0: Normal_Attack arg2 0x400 -> 0x200
06062546,Passive19_0065,events,identical,
060625B8,Passive19_0066,events,identical,
0606261C,Passive19_0067,exact,remap-only,case 1: Normal_Attack arg2 0x402 -> 0x202
06062648,Passive19_0068,exact,remap-only,case 0: Jump_Attack_Term arg4 0x200 -> 0x100; case 0: Jump_Attack_Term arg8 0x400 -> 0x200
0606268A,Passive19_0069,exact,remap-only,case 0: Jump_Attack arg3 0x400 -> 0x200
060626BC,Passive19_0070,exact,remap-only,case 1: Normal_Attack arg2 0x402 -> 0x202
060626E8,Passive19_0071,exact,identical,
06062756,Passive19_0072,events,identical,
060627A8,Passive19_0073,exact,identical,
060627FA,Passive19_0074,exact,identical,
0606287A,Passive19_0075,events,identical,
060628C2,Passive19_0076,events,identical,
0606292E,Passive19_0077,exact,remap-only,case 0: Jump_Attack_Term arg8 0x200 -> 0x100; case 1: Normal_Attack arg2 0x200 -> 0x100
0606299C,Passive19_0078,exact,remap-only,case 2: Normal_Attack arg2 0x200 -> 0x100
060629F6,Passive19_0079,exact,remap-only,case 0: Jump_Attack_Term arg4 0x400 -> 0x200; case 1: Normal_Attack arg2 0x200 -> 0x100
06062A48,Passive19_0080,exact,remap-only,case 0: Hi_Jump_Attack_Term arg4 0x200 -> 0x100; case 0: Hi_Jump_Attack_Term arg8 0x400 -> 0x200; case 1: Normal_Attack arg2 0x200 -> 0x100
06062AB8,Passive19_0081,exact,remap-only,case 0: Hi_Jump_Attack_Term arg8 0x400 -> 0x200; case 2: Normal_Attack arg2 0x200 -> 0x100
06062B10,Passive19_0082,exact,remap-only,case 0: Hi_Jump_Attack_Term arg4 0x400 -> 0x200; case 1: Normal_Attack arg2 0x200 -> 0x100
06062B7C,Passive19_0083,exact,remap-only,case 0: Hi_Jump_Attack_Term arg4 0x200 -> 0x100; case 1: Normal_Attack arg2 0x100 -> 0x80; case 2: Normal_Attack arg2 0x100 -> 0x80; case 3: Normal_Attack arg2 0x200 -> 0x100
06062BE0,Passive19_0084,events,remap-only,case 0: Hi_Jump_Attack arg3 0x402 -> 0x202; case 1: Normal_Attack arg2 0x102 -> 0x82; case 2: Normal_Attack arg2 0x102 -> 0x82; case 3: Normal_Attack arg2 0x200 -> 0x100
06062C34,Passive19_0085,exact,identical,
06062C9E,Passive19_0086,events,identical,
06062D24,Passive19_0087,events,identical,
06062DAA,Passive19_0088,events,identical,
06062E30,Passive19_0089,events,identical,
06062E62,Passive19_0090,events,identical,
06062EBA,Passive19_0091,events,identical,
06062EEC,Passive19_0092,exact,identical,
06062F3A,Passive19_0093,exact,remap-only,case 0: Normal_Attack arg2 0x102 -> 0x82
06062F64,Passive19_0094,exact,identical,
06062FA8,Passive19_0095,exact,identical,
06062FF0,Passive19_0096,exact,remap-only,case 2: Normal_Attack arg2 0x402 -> 0x202
06063044,Passive19_0097,exact,identical,
060630D4,Passive19_0098,events,identical,
0606314E,Passive19_0099,exact,remap-only,case 0: Hi_Jump_Attack_Term arg4 0x200 -> 0x100; case 0: Hi_Jump_Attack_Term arg8 0x200 -> 0x100; case 1: Normal_Attack arg2 0x100 -> 0x80
060631E0,Passive19_0100,events,identical,
06063244,Passive19_0101,exact,remap-only,case 0: Normal_Attack arg2 0x100 -> 0x80
0606329C,Passive19_0102,exact,identical,
0606330C,Passive19_0103,exact,identical,
0606332C,Passive19_0104,events,identical,
0606335E,Passive19_0105,events,identical,
06063390,Passive19_0106,events,identical,
060633C2,Passive19_0107,exact,identical,
060633FE,Passive19_0108,exact,identical,
0606341E,Passive19_0109,events,identical,
06063478,Passive19_0110,exact,identical,
060634B4,Passive19_0111,exact,remap-only,case 1: Normal_Attack arg2 0x400 -> 0x200
0606354C,Passive19_0112,exact,remap-only,case 0: Lever_Attack arg3 0x400 -> 0x200
0606356E,Passive19_0113,exact,remap-only,case 0: Normal_Attack arg2 0x400 -> 0x200
060635B6,Passive19_0114,events,identical,
06063604,Passive19_0115,exact,remap-only,case 0: Hi_Jump_Attack_Term arg4 0x200 -> 0x100
0606366A,Passive19_0116,exact,remap-only,case 0: Jump_Attack_Term arg4 0x400 -> 0x200
060636AC,Passive19_0117,exact,remap-only,case 0: Jump_Attack arg3 0x100 -> 0x80
060636DE,Passive19_0118,exact,remap-only,case 0: Normal_Attack arg2 0x200 -> 0x100
060636FE,Passive19_0119,exact,identical,
06063796,Passive19_0120,exact,remap-only,case 0: Jump_Attack_Term arg4 0x400 -> 0x200; case 0: Jump_Attack_Term arg8 0x400 -> 0x200
060637D8,Passive19_0121,exact,identical,
0606381A,Passive19_0122,exact,identical,
0606385C,Passive19_0123,exact,remap-only,case 0: Jump_Attack_Term arg4 0x400 -> 0x200; case 0: Jump_Attack_Term arg8 0x400 -> 0x200
060638BE,Passive19_0124,exact,identical,
06063900,Passive19_0125,exact,identical,
06063942,Passive19_0126,exact,identical,
06063986,Passive19_0127,exact,identical,
060639BC,Passive19_0128,exact,remap-only,case 1: J_Command_Attack arg4 0x700 -> 0x380
060639FC,Passive19_0129,events,identical,
06063A2E,Passive19_0130,events,identical,
06063A60,Passive19_0131,events,identical,
06063A92,Passive19_0132,exact,identical,
06063AE8,Passive19_0133,exact,remap-only,case 1: Command_Attack arg4 0x700 -> 0x380
06063B28,Passive19_0134,exact,identical,
06063B5A,Passive19_0135,exact,remap-only,case 1: J_Command_Attack arg4 0x700 -> 0x380
06063B9A,Passive19_0136,exact,remap-only,case 1: J_Command_Attack arg4 0x700 -> 0x380
06063BF4,Passive19_0137,exact,identical,
06063C40,Passive19_0138,exact,remap-only,case 1: J_Command_Attack arg4 0x700 -> 0x380
06063C80,Passive19_0139,exact,remap-only,case 0: Jump_Attack arg3 0x400 -> 0x200
06063CB2,Passive19_0140,exact,identical,
06063CD0,Passive19_0141,exact,identical,
06063D3C,Passive19_0142,exact,identical,
06063D5A,Passive19_0143,exact,identical,
06063DA2,Passive19_0144,exact,identical,
06063E24,Passive19_0145,exact,identical,
06063EA6,Passive19_0146,events,identical,
06063F2C,Passive19_0147,exact,remap-only,case 1: J_Command_Attack arg4 0x700 -> 0x380
06063F6C,Passive19_0148,exact,identical,
06063F94,Passive19_0149,exact,identical,
06063FD6,Passive19_0150,exact,remap-only,case 1: Normal_Attack arg2 0x200 -> 0x100
06064058,Passive19_0151,exact,remap-only,case 0: Normal_Attack arg2 0x102 -> 0x82; case 1: Normal_Attack arg2 0x102 -> 0x82
0606407C,Passive19_0152,exact,remap-only,case 1: Normal_Attack arg2 0x102 -> 0x82; case 2: Normal_Attack arg2 0x102 -> 0x82
060640C4,Passive19_0153,exact,remap-only,case 1: Normal_Attack arg2 0x402 -> 0x202
06064108,Passive19_0154,exact,identical,
0606416A,Passive19_0155,exact,identical,
060641AC,Passive19_0156,exact,remap-only,case 2: J_Command_Attack arg4 0x700 -> 0x380
060641F8,Passive19_0157,exact,remap-only,case 0: Lever_Attack arg3 0x110 -> 0x90
0606421A,Passive19_0158,exact,remap-only,case 0: Lever_Attack arg3 0x110 -> 0x90
06064264,Passive19_0159,exact,remap-only,case 0: Normal_Attack arg2 0x110 -> 0x90
06064284,Passive19_0160,exact,identical,
060642FE,Passive19_0161,exact,identical,
0606436C,Passive19_0162,exact,identical,
060643D8,Passive19_0163,exact,remap-only,case 0: Lever_Attack arg3 0x200 -> 0x100
060643FA,Passive19_0164,events,identical,
0606442C,Passive19_0165,events,identical,
0606447C,Passive19_0166,events,identical,
060644E0,Passive19_0167,events,identical,
06064528,Passive19_0168,high,identical,
0606457A,Passive19_0169,events,identical,
060645CC,Passive19_0170,events,remap-only,case 0: Normal_Attack arg2 0x102 -> 0x82; case 1: Normal_Attack arg2 0x102 -> 0x82
0606462C,Passive19_0171,events,remap-only,case 0: Jump_Attack_Term arg4 0x402 -> 0x202; case 0: Jump_Attack_Term arg8 0x200 -> 0x100; case 1: Normal_Attack arg2 0x102 -> 0x82; case 2: Normal_Attack arg2 0x102 -> 0x82
0606469A,Passive19_0172,exact,identical,
060646B8,Passive19_0173,exact,identical,
060646D6,Passive19_0174,exact,identical,
06064718,Passive19_0175,exact,identical,
0606475C,Pattern00_0000,exact,identical,
06064784,Pattern00_0001,exact,identical,
060647B0,Pattern00_0002,events,identical,
060647E2,Pattern00_0003,exact,identical,
0606480E,Pattern00_0004,events,identical,
06064840,Pattern00_0005,exact,remap-only,case 1: Lever_Attack arg3 0x110 -> 0x90
06064898,Pattern00_0006,exact,identical,
060648B6,Pattern00_0007,exact,remap-only,case 0: Normal_Attack arg2 0x400 -> 0x200
060648D6,Pattern00_0008,exact,remap-only,case 0: Normal_Attack arg2 0x100 -> 0x80; case 1: Normal_Attack arg2 0x400 -> 0x200
06064902,Pattern00_0009,exact,identical,
06064938,Pattern00_0010,exact,remap-only,case 0: Normal_Attack arg2 0x402 -> 0x202
06064980,Pattern00_0011,exact,remap-only,case 0: Normal_Attack arg2 0x102 -> 0x82; case 1: Normal_Attack arg2 0x202 -> 0x102
060649AC,Pattern00_0012,exact,identical,
060649CC,Pattern00_0013,exact,remap-only,case 0: Normal_Attack arg2 0x200 -> 0x100
060649EC,Pattern00_0014,exact,identical,
06064A2E,Pattern00_0015,exact,identical,
06064A50,Pattern00_0016,exact,identical,
06064AA2,Pattern00_0017,events,identical,
06064AD4,Pattern00_0018,events,identical,
06064B06,Pattern00_0019,events,identical,
06064B48,Pattern00_0020,exact,identical,
06064BB0,Pattern00_0021,exact,remap-only,case 0: Jump_Attack_Term arg4 0x400 -> 0x200; case 0: Jump_Attack_Term arg8 0x200 -> 0x100
06064BF2,Pattern00_0022,events,identical,
06064C54,Pattern00_0023,exact,identical,
06064C74,Pattern00_0024,exact,identical,
06064CC8,Pattern00_0025,exact,identical,
06064CF8,Pattern00_0026,events,identical,
06064D36,Pattern00_0027,exact,identical,
06064D78,Pattern00_0028,exact,identical,
06064DC4,Pattern00_0029,exact,remap-only,case 0: Adjust_Attack arg2 0x100 -> 0x80; case 1: Adjust_Attack arg2 0x100 -> 0x80; case 2: Adjust_Attack arg2 0x200 -> 0x100
06064E04,Pattern00_0030,exact,identical,
06064E48,Pattern00_0031,events,identical,
06064E88,Pattern00_0032,exact,identical,
06064ED0,Pattern00_0033,exact,remap-only,case 1: Normal_Attack arg2 0x110 -> 0x90
06064EFC,Pattern00_0034,events,remap-only,case 0: Adjust_Attack arg2 0x100 -> 0x80
06064F4C,Pattern00_0035,exact,identical,
06064F6C,Pattern00_0036,exact,identical,
06064F8C,Pattern00_0037,exact,identical,
06064FDC,Pattern00_0038,events,remap-only,case 1: Normal_Attack arg2 0x202 -> 0x102
0606502A,Pattern00_0039,events,remap-only,case 0: Normal_Attack arg2 0x200 -> 0x100
0606506A,Pattern00_0040,events,identical,
060650D0,Pattern00_0041,events,remap-only,case 1: Normal_Attack arg2 0x402 -> 0x202
06065110,Pattern00_0042,exact,remap-only,case 2: Normal_Attack arg2 0x402 -> 0x202
06065150,Pattern00_0043,events,remap-only,case 0: Jump_Attack_Term arg4 0x400 -> 0x200
06065192,Pattern00_0044,events,identical,
060651F2,Pattern00_0045,events,remap-only,case 0: Hi_Jump_Attack_Term arg4 0x400 -> 0x200
06065234,Pattern00_0046,exact,identical,
0606526C,Pattern00_0047,exact,identical,
060652A4,Pattern00_0048,exact,identical,
060652DC,Pattern00_0049,events,identical,
06065328,Pattern00_0050,high,identical,
0606535A,Pattern00_0051,events,identical,
0606538C,Pattern00_0052,exact,identical,
060653DC,Pattern00_0053,exact,identical,
06065416,Pattern00_0054,exact,identical,
06065466,Pattern00_0055,exact,remap-only,case 1: Normal_Attack arg2 0x110 -> 0x90
06065492,Pattern00_0056,exact,remap-only,case 1: Jump_Attack_Term arg4 0x400 -> 0x200; case 1: Jump_Attack_Term arg8 0x200 -> 0x100
060654E4,Pattern00_0057,events,identical,
0606555C,Pattern00_0058,exact,identical,
06065584,Pattern00_0059,events,identical,
060655B6,Pattern00_0060,exact,remap-only,case 0: Lever_Attack arg3 0x200 -> 0x100
060655D8,Pattern00_0061,exact,identical,
06065604,Pattern00_0062,exact,identical,
06065624,Pattern00_0063,exact,identical,
06065664,Pattern00_0064,exact,identical,
06065682,Pattern00_0065,events,identical,
060656C2,Pattern00_0066,events,identical,
06065704,Pattern00_0067,events,identical,
060657AC,Pattern01_0000,exact,identical,
060657D4,Pattern01_0001,exact,identical,
060657F8,Pattern01_0002,events,identical,
06065838,Pattern01_0003,exact,remap-only,case 1: Normal_Attack arg2 0x200 -> 0x100
06065864,Pattern01_0004,events,identical,
060658C2,Pattern01_0005,exact,identical,
06065908,Pattern01_0006,exact,identical,
06065926,Pattern01_0007,events,identical,
06065972,Pattern01_0008,exact,remap-only,case 0: Normal_Attack arg2 0x200 -> 0x100
060659B8,Pattern01_0009,exact,identical,
060659EE,Pattern01_0010,exact,remap-only,case 0: Normal_Attack arg2 0x402 -> 0x202
06065A0E,Pattern01_0011,exact,remap-only,case 0: Normal_Attack arg2 0x202 -> 0x102
06065A2E,Pattern01_0012,exact,identical,
06065A4E,Pattern01_0013,exact,identical,
06065A70,Pattern01_0014,exact,identical,
06065AD2,Pattern01_0015,exact,identical,
06065AF4,Pattern01_0016,exact,identical,
06065B16,Pattern01_0017,events,identical,
06065B48,Pattern01_0018,exact,identical,
06065B7A,Pattern01_0019,exact,remap-only,case 0: Lever_Attack arg3 0x400 -> 0x200
06065BC4,Pattern01_0020,events,identical,
06065C0C,Pattern01_0021,exact,remap-only,case 0: Jump_Attack_Term arg4 0x400 -> 0x200; case 0: Jump_Attack_Term arg8 0x200 -> 0x100
06065C4E,Pattern01_0022,exact,identical,
06065C80,Pattern01_0023,exact,identical,
06065CA0,Pattern01_0024,exact,identical,
06065CE8,Pattern01_0025,exact,identical,
06065D0A,Pattern01_0026,events,identical,
06065D48,Pattern01_0027,exact,identical,
06065D66,Pattern01_0028,exact,identical,
06065D86,Pattern01_0029,exact,remap-only,case 0: Adjust_Attack arg2 0x100 -> 0x80; case 1: Adjust_Attack arg2 0x200 -> 0x100; case 2: Adjust_Attack arg2 0x400 -> 0x200
06065DF4,Pattern01_0030,exact,remap-only,case 0: Adjust_Attack arg2 0x100 -> 0x80; case 1: Adjust_Attack arg2 0x402 -> 0x202
06065E20,Pattern01_0031,exact,remap-only,case 0: Jump_Attack_Term arg4 0x400 -> 0x200; case 0: Jump_Attack_Term arg8 0x200 -> 0x100; case 1: Normal_Attack arg2 0x200 -> 0x100
06065E70,Pattern01_0032,events,identical,
06065EB0,Pattern01_0033,events,identical,
06065F14,Pattern01_0034,exact,remap-only,case 0: Adjust_Attack arg2 0x102 -> 0x82; case 1: Adjust_Attack arg2 0x102 -> 0x82; case 2: Adjust_Attack arg2 0x200 -> 0x100
06065F52,Pattern01_0035,exact,identical,
06065F72,Pattern01_0036,exact,identical,
06065F92,Pattern01_0037,events,identical,
06065FD4,Pattern01_0038,exact,remap-only,case 1: Normal_Attack arg2 0x202 -> 0x102
0606602C,Pattern01_0039,events,identical,
06066074,Pattern01_0040,events,remap-only,case 0: Normal_Attack arg2 0x202 -> 0x102
060660B4,Pattern01_0041,events,identical,
06066110,Pattern01_0042,exact,remap-only,case 2: Normal_Attack arg2 0x402 -> 0x202
0606614C,Pattern01_0043,exact,identical,
060661E0,Pattern01_0044,exact,identical,
06066232,Pattern01_0045,exact,identical,
0606629E,Pattern01_0046,events,identical,
060662D0,Pattern01_0047,events,identical,
06066302,Pattern01_0048,exact,identical,
06066338,Pattern01_0049,events,identical,
0606636A,Pattern01_0050,events,identical,
0606639C,Pattern01_0051,events,identical,
060663FC,Pattern01_0052,events,identical,
06066468,Pattern01_0053,events,identical,
060664D4,Pattern01_0054,exact,identical,
06066540,Pattern01_0055,exact,identical,
06066568,Pattern01_0056,events,identical,
0606659A,Pattern01_0057,events,identical,
060665CC,Pattern01_0058,events,identical,
060665FE,Pattern01_0059,exact,remap-only,case 0: Command_Attack arg4 0x700 -> 0x380
0606664E,Pattern01_0060,exact,identical,
06066680,Pattern01_0061,exact,remap-only,case 0: Command_Attack arg4 0x700 -> 0x380
060666B2,Pattern01_0062,exact,remap-only,case 0: Lever_Attack arg3 0x110 -> 0x90
060666D4,Pattern01_0063,exact,remap-only,case 0: Lever_Attack arg3 0x110 -> 0x90
060666F6,Pattern01_0064,events,identical,
06066740,Pattern01_0065,events,identical,
06066772,Pattern01_0066,events,identical,
060667A4,Pattern01_0067,exact,identical,
060667C6,Pattern01_0068,exact,identical,
060667FC,Pattern01_0069,exact,remap-only,case 0: Jump_Attack_Term arg8 0x200 -> 0x100
0606688C,Pattern02_0000,exact,identical,
060668B4,Pattern02_0001,exact,remap-only,case 0: Normal_Attack arg2 0x102 -> 0x82; case 1: Normal_Attack arg2 0x102 -> 0x82; case 2: Normal_Attack arg2 0x102 -> 0x82
060668F4,Pattern02_0002,exact,identical,
06066926,Pattern02_0003,exact,identical,
06066952,Pattern02_0004,exact,identical,
060669AA,Pattern02_0005,exact,remap-only,case 0: Lever_Attack arg3 0x110 -> 0x90
060669CC,Pattern02_0006,exact,identical,
060669EA,Pattern02_0007,exact,identical,
06066A26,Pattern02_0008,exact,remap-only,case 0: Jump_Attack_Term arg4 0x200 -> 0x100
06066A6A,Pattern02_0009,exact,identical,
06066AC4,Pattern02_0010,exact,remap-only,case 0: Normal_Attack arg2 0x402 -> 0x202
06066AE4,Pattern02_0011,exact,remap-only,case 0: Normal_Attack arg2 0x202 -> 0x102
06066B04,Pattern02_0012,exact,identical,
06066B24,Pattern02_0013,exact,remap-only,case 0: Normal_Attack arg2 0x200 -> 0x100
06066B44,Pattern02_0014,exact,remap-only,case 0: Jump_Attack_Term arg4 0x200 -> 0x100; case 0: Jump_Attack_Term arg8 0x200 -> 0x100
06066B88,Pattern02_0015,exact,identical,
06066BCC,Pattern02_0016,exact,identical,
06066BEE,Pattern02_0017,exact,identical,
06066C20,Pattern02_0018,exact,identical,
06066C52,Pattern02_0019,exact,identical,
06066C9E,Pattern02_0020,exact,identical,
06066CFE,Pattern02_0021,exact,identical,
06066D30,Pattern02_0022,exact,remap-only,case 0: Jump_Attack_Term arg8 0x100 -> 0x80
06066D74,Pattern02_0023,exact,identical,
06066D94,Pattern02_0024,exact,identical,
06066DB6,Pattern02_0025,exact,identical,
06066E00,Pattern02_0026,exact,identical,
06066E48,Pattern02_0027,exact,identical,
06066E66,Pattern02_0028,exact,identical,
06066E86,Pattern02_0029,exact,remap-only,case 0: Adjust_Attack arg2 0x100 -> 0x80
06066EC6,Pattern02_0030,exact,remap-only,case 0: Adjust_Attack arg2 0x100 -> 0x80
06066F18,Pattern02_0031,exact,remap-only,case 0: Jump_Attack_Term arg4 0x200 -> 0x100; case 0: Jump_Attack_Term arg8 0x200 -> 0x100; case 1: Normal_Attack arg2 0x402 -> 0x202
06066F6A,Pattern02_0032,exact,identical,
06066F96,Pattern02_0033,exact,identical,
06066FD6,Pattern02_0034,exact,remap-only,case 0: Normal_Attack arg2 0x100 -> 0x80
06067032,Pattern02_0035,exact,identical,
06067052,Pattern02_0036,exact,identical,
06067072,Pattern02_0037,exact,remap-only,case 0: Lever_Attack arg3 0x110 -> 0x90
06067094,Pattern02_0038,exact,remap-only,case 1: Normal_Attack arg2 0x202 -> 0x102
060670E2,Pattern02_0039,exact,identical,
06067150,Pattern02_0040,exact,remap-only,case 0: Normal_Attack arg2 0x202 -> 0x102
06067190,Pattern02_0041,exact,identical,
060671DE,Pattern02_0042,exact,remap-only,case 3: Normal_Attack arg2 0x202 -> 0x102
0606723A,Pattern02_0043,exact,identical,
0606727E,Pattern02_0044,exact,remap-only,case 0: Jump_Attack_Term arg8 0x400 -> 0x200
060672C2,Pattern02_0045,exact,remap-only,case 0: Jump_Attack_Term arg4 0x400 -> 0x200
06067306,Pattern02_0046,exact,identical,
06067370,Pattern02_0047,exact,remap-only,case 0: Hi_Jump_Command_Attack_Term arg10 0x400 -> 0x200
060673B6,Pattern02_0048,exact,remap-only,case 1: Jump_Attack_Term arg4 0x400 -> 0x200; case 1: Jump_Attack_Term arg8 0x200 -> 0x100
06067490,Pattern02_0049,exact,remap-only,case 0: Jump_Attack_Term arg8 0x400 -> 0x200
06067518,Pattern02_0050,exact,remap-only,case 0: Hi_Jump_Attack arg3 0x400 -> 0x200
0606754A,Pattern02_0051,exact,identical,
060675BC,Pattern02_0052,exact,identical,
06067602,Pattern02_0053,exact,identical,
06067634,Pattern02_0054,exact,identical,
06067666,Pattern02_0055,exact,identical,
06067684,Pattern02_0056,exact,identical,
060676B6,Pattern02_0057,exact,identical,
060676F4,Pattern02_0058,exact,identical,
06067732,Pattern02_0059,exact,identical,
06067770,Pattern02_0060,exact,identical,
060677D4,Pattern02_0061,events,not-lifted,selector
060677E8,Pattern02_0062,exact,identical,
06067830,Pattern02_0063,exact,remap-only,case 0: Jump_Attack_Term arg4 0x200 -> 0x100; case 0: Jump_Attack_Term arg8 0x400 -> 0x200
06067874,Pattern02_0064,exact,remap-only,case 0: Jump_Attack_Term arg8 0x400 -> 0x200; case 1: Normal_Attack arg2 0x202 -> 0x102
06067922,Pattern02_0065,exact,identical,
0606796A,Pattern02_0066,exact,identical,
060679DC,Pattern02_0067,exact,identical,
06067A24,Pattern02_0068,exact,identical,
06067A6C,Pattern02_0069,exact,remap-only,case 1: Lever_Attack arg3 0x110 -> 0x90
06067AAE,Pattern02_0070,exact,identical,
06067AFA,Pattern02_0071,exact,identical,
06067B26,Pattern02_0072,exact,identical,
06067B6E,Pattern02_0073,exact,identical,
06067B90,Pattern02_0074,exact,identical,
06067C18,Pattern03_0000,exact,identical,
06067C40,Pattern03_0001,exact,identical,
06067C64,Pattern03_0002,exact,identical,
06067C9A,Pattern03_0003,exact,identical,
06067CC6,Pattern03_0004,exact,identical,
06067CF8,Pattern03_0005,exact,remap-only,case 0: Lever_Attack arg3 0x110 -> 0x90
06067D44,Pattern03_0006,exact,identical,
06067D62,Pattern03_0007,exact,identical,
06067DAE,Pattern03_0008,exact,remap-only,case 0: Normal_Attack arg2 0x100 -> 0x80; case 1: Normal_Attack arg2 0x400 -> 0x200
06067DDA,Pattern03_0009,exact,identical,
06067E40,Pattern03_0010,exact,remap-only,case 0: Normal_Attack arg2 0x402 -> 0x202
06067E60,Pattern03_0011,exact,remap-only,case 0: Normal_Attack arg2 0x102 -> 0x82; case 1: Normal_Attack arg2 0x202 -> 0x102
06067E8C,Pattern03_0012,exact,identical,
06067EAC,Pattern03_0013,exact,remap-only,case 0: Lever_Attack arg3 0x200 -> 0x100
06067ECE,Pattern03_0014,exact,identical,
06067F10,Pattern03_0015,exact,identical,
06067F5C,Pattern03_0016,exact,identical,
06067F8C,Pattern03_0017,exact,identical,
06067FBE,Pattern03_0018,exact,remap-only,case 0: Jump_Attack arg3 0x8400 -> 0x8200
06067FF0,Pattern03_0019,exact,identical,
06068022,Pattern03_0020,exact,remap-only,case 0: Lever_Attack arg3 0x200 -> 0x100
06068088,Pattern03_0021,exact,remap-only,case 0: Jump_Attack_Term arg8 0x200 -> 0x100
060680CA,Pattern03_0022,exact,remap-only,case 0: Hi_Jump_Attack_Term arg4 0x8100 -> 0x8080; case 0: Hi_Jump_Attack_Term arg8 0x200 -> 0x100
0606810C,Pattern03_0023,exact,identical,
0606812C,Pattern03_0024,exact,remap-only,case 0: Hi_Jump_Attack_Term arg8 0x400 -> 0x200
06068198,Pattern03_0025,exact,identical,
060681C8,Pattern03_0026,exact,identical,
06068206,Pattern03_0027,exact,identical,
06068224,Pattern03_0028,exact,identical,
06068244,Pattern03_0029,exact,remap-only,case 0: Adjust_Attack arg2 0x100 -> 0x80; case 1: Adjust_Attack arg2 0x100 -> 0x80; case 2: Adjust_Attack arg2 0x202 -> 0x102; case 3: Lever_Attack arg3 0x200 -> 0x100
060682C4,Pattern03_0030,exact,identical,
06068320,Pattern03_0031,exact,identical,
06068362,Pattern03_0032,exact,identical,
060683C4,Pattern03_0033,exact,remap-only,case 1: Normal_Attack arg2 0x110 -> 0x90
060683F0,Pattern03_0034,exact,remap-only,case 0: Adjust_Attack arg2 0x102 -> 0x82
06068430,Pattern03_0035,exact,identical,
06068450,Pattern03_0036,exact,identical,
06068470,Pattern03_0037,exact,identical,
060684CA,Pattern03_0038,exact,remap-only,case 1: Normal_Attack arg2 0x202 -> 0x102
0606851C,Pattern03_0039,exact,identical,
06068568,Pattern03_0040,exact,remap-only,case 0: Normal_Attack arg2 0x202 -> 0x102
060685C4,Pattern03_0041,exact,identical,
06068604,Pattern03_0042,exact,remap-only,case 2: Normal_Attack arg2 0x402 -> 0x202
0606864A,Pattern03_0043,exact,remap-only,case 0: Jump_Attack_Term arg4 0x8400 -> 0x8200; case 0: Jump_Attack_Term arg8 0x400 -> 0x200
0606868C,Pattern03_0044,exact,remap-only,case 0: Jump_Attack_Term arg8 0x400 -> 0x200
060686EE,Pattern03_0045,exact,identical,
0606873A,Pattern03_0046,exact,identical,
0606876C,Pattern03_0047,exact,identical,
0606879E,Pattern03_0048,exact,identical,
060687F6,Pattern03_0049,exact,identical,
06068828,Pattern03_0050,exact,identical,
0606885A,Pattern03_0051,exact,identical,
0606888C,Pattern03_0052,exact,identical,
060688D4,Pattern03_0053,exact,identical,
0606891C,Pattern03_0054,exact,remap-only,case 1: Hi_Jump_Attack_Term arg4 0x8400 -> 0x8200
06068978,Pattern03_0055,exact,identical,
060689BA,Pattern03_0056,exact,identical,
06068A3A,Pattern03_0057,exact,remap-only,case 1: Jump_Attack_Term arg8 0x200 -> 0x100
06068A8C,Pattern03_0058,exact,remap-only,case 1: Hi_Jump_Attack_Term arg8 0x200 -> 0x100
06068B44,Pattern03_0059,exact,identical,
06068BC2,Pattern03_0060,exact,remap-only,case 1: Jump_Attack_Term arg4 0x200 -> 0x100
06068C76,Pattern03_0061,exact,remap-only,case 3: Hi_Jump_Attack_Term arg4 0x8400 -> 0x8200; case 3: Hi_Jump_Attack_Term arg8 0x8400 -> 0x8200
06068CEC,Pattern03_0062,exact,remap-only,case 0: Hi_Jump_Attack_Term arg8 0x200 -> 0x100
06068D74,Pattern03_0063,exact,remap-only,case 0: Lever_Attack arg3 0x200 -> 0x100
06068DB6,Pattern03_0064,exact,identical,
06068E18,Pattern03_0065,exact,remap-only,case 0: Normal_Attack arg2 0x200 -> 0x100
06068E74,Pattern03_0066,exact,identical,
06068EAE,Pattern03_0067,exact,identical,
06068EE4,Pattern03_0068,exact,identical,
06068F16,Pattern03_0069,exact,identical,
06068F48,Pattern03_0070,exact,identical,
06068F7A,Pattern03_0071,exact,identical,
06068FD8,Pattern04_0000,exact,identical,
06069000,Pattern04_0001,exact,identical,
06069038,Pattern04_0002,exact,identical,
0606906A,Pattern04_0003,exact,identical,
0606908E,Pattern04_0004,exact,identical,
060690C0,Pattern04_0005,exact,remap-only,case 1: Normal_Attack arg2 0x110 -> 0x90
0606911A,Pattern04_0006,exact,identical,
06069138,Pattern04_0007,exact,identical,
06069184,Pattern04_0008,exact,remap-only,case 0: Jump_Attack_Term arg4 0x400 -> 0x200
060691C8,Pattern04_0009,exact,identical,
06069228,Pattern04_0010,exact,remap-only,case 0: Normal_Attack arg2 0x402 -> 0x202
06069248,Pattern04_0011,exact,remap-only,case 0: Normal_Attack arg2 0x202 -> 0x102
06069268,Pattern04_0012,exact,identical,
06069288,Pattern04_0013,exact,identical,
060692A8,Pattern04_0014,exact,remap-only,case 0: Jump_Attack_Term arg4 0x200 -> 0x100; case 0: Jump_Attack_Term arg8 0x400 -> 0x200
060692EC,Pattern04_0015,exact,identical,
06069334,Pattern04_0016,exact,identical,
06069356,Pattern04_0017,exact,identical,
06069388,Pattern04_0018,exact,identical,
060693D2,Pattern04_0019,exact,identical,
06069448,Pattern04_0020,exact,identical,
06069490,Pattern04_0021,exact,identical,
060694C2,Pattern04_0022,exact,identical,
06069506,Pattern04_0023,exact,identical,
06069526,Pattern04_0024,exact,identical,
06069570,Pattern04_0025,exact,identical,
06069592,Pattern04_0026,exact,identical,
060695DA,Pattern04_0027,exact,identical,
060695F8,Pattern04_0028,exact,identical,
06069618,Pattern04_0029,exact,remap-only,case 0: Adjust_Attack arg2 0x102 -> 0x82
06069680,Pattern04_0030,exact,remap-only,case 1: Adjust_Attack arg2 0x100 -> 0x80
060696B8,Pattern04_0031,exact,remap-only,case 0: Jump_Attack_Term arg4 0x400 -> 0x200; case 0: Jump_Attack_Term arg8 0x200 -> 0x100; case 1: Normal_Attack arg2 0x402 -> 0x202
0606970A,Pattern04_0032,exact,identical,
06069736,Pattern04_0033,exact,identical,
060697AE,Pattern04_0034,exact,remap-only,case 0: Normal_Attack arg2 0x100 -> 0x80
060697E2,Pattern04_0035,exact,identical,
06069802,Pattern04_0036,exact,identical,
06069822,Pattern04_0037,exact,remap-only,case 1: Lever_Attack arg3 0x110 -> 0x90
06069874,Pattern04_0038,exact,remap-only,case 3: Normal_Attack arg2 0x102 -> 0x82
060698D6,Pattern04_0039,exact,identical,
0606991E,Pattern04_0040,exact,remap-only,case 1: Lever_Attack arg3 0x200 -> 0x100
0606999A,Pattern04_0041,exact,remap-only,case 1: Normal_Attack arg2 0x400 -> 0x200
060699E8,Pattern04_0042,exact,remap-only,case 4: Normal_Attack arg2 0x202 -> 0x102
06069A38,Pattern04_0043,exact,identical,
06069AA0,Pattern04_0044,exact,remap-only,case 0: Jump_Attack_Term arg8 0x400 -> 0x200
06069AE4,Pattern04_0045,exact,remap-only,case 0: Jump_Attack_Term arg4 0x400 -> 0x200
06069B28,Pattern04_0046,exact,identical,
06069B74,Pattern04_0047,exact,remap-only,case 0: Hi_Jump_Command_Attack_Term arg10 0x400 -> 0x200
06069BD6,Pattern04_0048,exact,identical,
06069C04,Pattern04_0049,exact,identical,
06069C36,Pattern04_0050,exact,remap-only,case 0: Hi_Jump_Attack arg3 0x400 -> 0x200
06069C68,Pattern04_0051,exact,identical,
06069CD0,Pattern04_0052,exact,identical,
06069D16,Pattern04_0053,exact,identical,
06069D48,Pattern04_0054,exact,identical,
06069D7A,Pattern04_0055,exact,identical,
06069DAC,Pattern04_0056,exact,identical,
06069DDE,Pattern04_0057,exact,identical,
06069E10,Pattern04_0058,exact,remap-only,case 2: Lever_Attack arg3 0x200 -> 0x100
06069E80,Pattern04_0059,exact,identical,
06069EC8,Pattern04_0060,exact,remap-only,case 3: Normal_Attack arg2 0x100 -> 0x80
06069F38,Pattern04_0061,exact,identical,
06069F9A,Pattern04_0062,exact,identical,
0606A018,Pattern04_0064,exact,identical,
0606A04A,Pattern04_0065,exact,identical,
0606A07C,Pattern04_0066,exact,identical,
0606A0D0,Pattern04_0067,exact,remap-only,case 0: Command_Attack arg4 0x700 -> 0x380
0606A128,Pattern05_0000,exact,identical,
0606A150,Pattern05_0001,exact,remap-only,case 0: Normal_Attack arg2 0x102 -> 0x82; case 1: Normal_Attack arg2 0x102 -> 0x82; case 2: Normal_Attack arg2 0x102 -> 0x82
0606A190,Pattern05_0002,high,different,case 0: Command_Attack arg3 9 -> 8
0606A1C2,Pattern05_0003,exact,identical,
0606A1EE,Pattern05_0004,exact,identical,
0606A24A,Pattern05_0005,exact,remap-only,case 0: Lever_Attack arg3 0x110 -> 0x90
0606A26C,Pattern05_0006,exact,identical,
0606A28A,Pattern05_0007,exact,identical,
0606A2D6,Pattern05_0008,exact,remap-only,case 0: Jump_Attack_Term arg4 0x200 -> 0x100
0606A344,Pattern05_0009,exact,identical,
0606A376,Pattern05_0010,exact,remap-only,case 0: Normal_Attack arg2 0x402 -> 0x202
0606A396,Pattern05_0011,exact,remap-only,case 0: Normal_Attack arg2 0x202 -> 0x102
0606A3B6,Pattern05_0012,exact,identical,
0606A3D6,Pattern05_0013,exact,remap-only,case 0: Normal_Attack arg2 0x200 -> 0x100
0606A3F6,Pattern05_0014,exact,remap-only,case 0: Jump_Attack_Term arg4 0x200 -> 0x100; case 0: Jump_Attack_Term arg8 0x200 -> 0x100
0606A45C,Pattern05_0015,exact,identical,
0606A47E,Pattern05_0016,exact,identical,
0606A4A0,Pattern05_0017,exact,identical,
0606A4D2,Pattern05_0018,exact,identical,
0606A504,Pattern05_0019,exact,remap-only,case 1: Lever_Attack arg3 0x400 -> 0x200
0606A574,Pattern05_0020,exact,identical,
0606A5A6,Pattern05_0021,exact,identical,
0606A5D8,Pattern05_0022,exact,remap-only,case 0: Jump_Attack_Term arg8 0x100 -> 0x80
0606A61A,Pattern05_0023,exact,identical,
0606A63A,Pattern05_0024,exact,identical,
0606A65C,Pattern05_0025,exact,identical,
0606A6A4,Pattern05_0026,exact,identical,
0606A6EC,Pattern05_0027,exact,identical,
0606A70A,Pattern05_0028,exact,identical,
0606A72A,Pattern05_0029,exact,remap-only,case 0: Adjust_Attack arg2 0x100 -> 0x80
0606A794,Pattern05_0030,exact,remap-only,case 0: Adjust_Attack arg2 0x100 -> 0x80
0606A7D4,Pattern05_0031,exact,remap-only,case 0: Jump_Attack_Term arg4 0x202 -> 0x102; case 0: Jump_Attack_Term arg8 0x200 -> 0x100; case 1: Normal_Attack arg2 0x402 -> 0x202
0606A826,Pattern05_0032,exact,identical,
0606A852,Pattern05_0033,exact,identical,
0606A8C0,Pattern05_0034,exact,remap-only,case 0: Normal_Attack arg2 0x100 -> 0x80
0606A8F4,Pattern05_0035,exact,identical,
0606A914,Pattern05_0036,exact,identical,
0606A934,Pattern05_0037,exact,remap-only,case 0: Lever_Attack arg3 0x400 -> 0x200
0606A956,Pattern05_0038,exact,remap-only,case 3: Normal_Attack arg2 0x202 -> 0x102; case 4: Lever_Attack arg3 0x400 -> 0x200
0606A9DE,Pattern05_0039,exact,identical,
0606AA26,Pattern05_0040,exact,remap-only,case 0: Normal_Attack arg2 0x202 -> 0x102
0606AA66,Pattern05_0041,exact,identical,
0606AACC,Pattern05_0042,exact,remap-only,case 3: Normal_Attack arg2 0x202 -> 0x102
0606AB0C,Pattern05_0043,exact,identical,
0606AB50,Pattern05_0044,exact,remap-only,case 0: Jump_Attack_Term arg8 0x400 -> 0x200
0606AB94,Pattern05_0045,exact,identical,
0606AC10,Pattern05_0046,exact,identical,
0606AC5C,Pattern05_0047,exact,remap-only,case 0: Hi_Jump_Command_Attack_Term arg10 0x400 -> 0x200
0606ACA2,Pattern05_0048,events,not-lifted,selector
0606ACB6,Pattern05_0049,events,not-lifted,selector
0606ACCA,Pattern05_0050,exact,remap-only,case 0: Hi_Jump_Attack arg3 0x400 -> 0x200
0606AD16,Pattern05_0051,exact,identical,
0606AD58,Pattern05_0052,exact,identical,
0606AD9E,Pattern05_0053,exact,identical,
0606ADD0,Pattern05_0054,exact,identical,
0606AE24,Pattern05_0055,exact,identical,
0606AE56,Pattern05_0056,exact,identical,
0606AE88,Pattern05_0057,exact,identical,
0606AEBA,Pattern05_0058,exact,identical,
0606AEEC,Pattern05_0059,exact,identical,
0606AF1E,Pattern05_0060,exact,identical,
0606AF50,Pattern05_0061,exact,identical,
0606AF82,Pattern05_0062,exact,identical,
0606AFB4,Pattern05_0063,exact,remap-only,case 0: Jump_Attack_Term arg4 0x200 -> 0x100; case 0: Jump_Attack_Term arg8 0x400 -> 0x200
0606B014,Pattern05_0064,exact,remap-only,case 0: Jump_Attack_Term arg4 0x402 -> 0x202
0606B056,Pattern05_0065,exact,remap-only,case 0: Jump_Attack_Term arg4 0x202 -> 0x102
0606B098,Pattern05_0066,exact,identical,
0606B0F4,Pattern06_0000,exact,identical,
0606B11C,Pattern06_0001,exact,identical,
0606B14E,Pattern06_0002,exact,identical,
0606B182,Pattern06_0003,exact,identical,
0606B1B4,Pattern06_0004,exact,identical,
0606B1E6,Pattern06_0005,exact,identical,
0606B218,Pattern06_0006,exact,identical,
0606B24A,Pattern06_0007,exact,remap-only,case 2: Normal_Attack arg2 0x110 -> 0x90
0606B2D6,Pattern06_0008,exact,remap-only,case 2: Lever_Attack arg3 0x110 -> 0x90
0606B32A,Pattern06_0009,exact,identical,
0606B36C,Pattern06_0010,exact,identical,
0606B3D0,Pattern06_0011,exact,identical,
0606B412,Pattern06_0012,exact,remap-only,case 1: Command_Attack arg4 0x700 -> 0x380
0606B454,Pattern06_0013,exact,identical,
0606B474,Pattern06_0014,exact,identical,
0606B494,Pattern06_0015,exact,identical,
0606B4CC,Pattern06_0016,exact,identical,
0606B4EC,Pattern06_0017,exact,identical,
0606B50C,Pattern06_0018,exact,identical,
0606B550,Pattern06_0019,exact,remap-only,case 0: Normal_Attack arg2 0x100 -> 0x80
0606B570,Pattern06_0020,exact,remap-only,case 0: Normal_Attack arg2 0x200 -> 0x100
0606B590,Pattern06_0021,exact,remap-only,case 0: Normal_Attack arg2 0x400 -> 0x200
0606B5CC,Pattern06_0022,exact,remap-only,case 0: Normal_Attack arg2 0x102 -> 0x82
0606B5EC,Pattern06_0023,exact,remap-only,case 0: Normal_Attack arg2 0x202 -> 0x102
0606B60C,Pattern06_0024,exact,remap-only,case 0: Normal_Attack arg2 0x402 -> 0x202
0606B62C,Pattern06_0025,exact,identical,
0606B66C,Pattern06_0026,exact,identical,
0606B6C8,Pattern06_0027,exact,identical,
0606B708,Pattern06_0028,exact,identical,
0606B73A,Pattern06_0029,exact,identical,
0606B76C,Pattern06_0030,exact,identical,
0606B79E,Pattern06_0031,exact,identical,
0606B7D0,Pattern06_0032,exact,identical,
0606B802,Pattern06_0033,exact,identical,
0606B834,Pattern06_0034,exact,identical,
0606B866,Pattern06_0035,exact,identical,
0606B898,Pattern06_0036,exact,identical,
0606B8CA,Pattern06_0037,exact,remap-only,case 0: Jump_Attack_Term arg4 0x200 -> 0x100; case 0: Jump_Attack_Term arg8 0x400 -> 0x200
0606B91E,Pattern06_0038,exact,remap-only,case 0: Jump_Attack_Term arg4 0x400 -> 0x200; case 0: Jump_Attack_Term arg8 0x400 -> 0x200
0606B960,Pattern06_0039,exact,remap-only,case 0: Jump_Attack_Term arg4 0x200 -> 0x100; case 0: Jump_Attack_Term arg8 0x400 -> 0x200
0606B9A2,Pattern06_0040,exact,remap-only,case 0: Jump_Attack_Term arg4 0x400 -> 0x200; case 0: Jump_Attack_Term arg8 0x400 -> 0x200
0606BA04,Pattern06_0041,exact,identical,
0606BA64,Pattern06_0042,exact,identical,
0606BAC4,Pattern06_0043,exact,identical,
0606BB04,Pattern06_0044,exact,identical,
0606BB24,Pattern06_0045,exact,identical,
0606BB5A,Pattern06_0046,exact,identical,
0606BB7A,Pattern06_0047,exact,identical,
0606BBDE,Pattern06_0048,exact,identical,
0606BC48,Pattern06_0049,exact,identical,
0606BC7A,Pattern06_0050,exact,identical,
0606BCCC,Pattern06_0051,exact,identical,
0606BCEC,Pattern06_0052,exact,identical,
0606BD0C,Pattern06_0053,exact,identical,
0606BD4C,Pattern06_0054,exact,identical,
0606BD84,Pattern06_0055,exact,identical,
0606BDBE,Pattern06_0056,exact,remap-only,case 1: Jump_Attack_Term arg8 0x400 -> 0x200
0606BE0C,Pattern06_0057,exact,remap-only,case 1: Jump_Attack_Term arg8 0x400 -> 0x200; case 2: Normal_Attack arg2 0x100 -> 0x80
0606BEAC,Pattern06_0058,exact,identical,
0606BEE2,Pattern06_0059,exact,identical,
0606BF14,Pattern06_0060,exact,identical,
0606BF46,Pattern06_0061,exact,identical,
0606BFA0,Pattern06_0062,exact,identical,
0606BFD6,Pattern06_0063,exact,identical,
0606C03C,Pattern07_0000,exact,identical,
0606C064,Pattern07_0001,exact,remap-only,case 0: Normal_Attack arg2 0x102 -> 0x82; case 1: Normal_Attack arg2 0x102 -> 0x82; case 2: Normal_Attack arg2 0x400 -> 0x200
0606C0AA,Pattern07_0002,exact,identical,
0606C130,Pattern07_0003,exact,remap-only,case 2: Normal_Attack arg2 0x400 -> 0x200
0606C17E,Pattern07_0004,exact,identical,
0606C1C6,Pattern07_0005,exact,remap-only,case 1: Lever_Attack arg3 0x400 -> 0x200
0606C230,Pattern07_0006,exact,identical,
0606C24E,Pattern07_0007,exact,identical,
0606C29A,Pattern07_0008,exact,remap-only,case 0: Jump_Attack_Term arg8 0x200 -> 0x100; case 1: Normal_Attack arg2 0x102 -> 0x82; case 2: Lever_Attack arg3 0x200 -> 0x100; case 3: Normal_Attack arg2 0x402 -> 0x202
0606C338,Pattern07_0009,exact,identical,
0606C380,Pattern07_0010,exact,remap-only,case 0: Jump_Attack_Term arg8 0x200 -> 0x100; case 1: Normal_Attack arg2 0x102 -> 0x82; case 2: Lever_Attack arg3 0x200 -> 0x100
0606C3E0,Pattern07_0011,exact,remap-only,case 0: Lever_Attack arg3 0x200 -> 0x100; case 1: Lever_Attack arg3 0x202 -> 0x102; case 2: Normal_Attack arg2 0x400 -> 0x200
0606C448,Pattern07_0012,exact,remap-only,case 0: Lever_Attack arg3 0x400 -> 0x200; case 1: Normal_Attack arg2 0x402 -> 0x202
0606C476,Pattern07_0013,exact,remap-only,case 0: Normal_Attack arg2 0x200 -> 0x100
0606C4DC,Pattern07_0014,exact,remap-only,case 0: Jump_Attack_Term arg4 0x200 -> 0x100; case 0: Jump_Attack_Term arg8 0x200 -> 0x100; case 1: Lever_Attack arg3 0x200 -> 0x100
0606C578,Pattern07_0015,exact,identical,
0606C59A,Pattern07_0016,exact,identical,
0606C5BC,Pattern07_0017,exact,identical,
0606C5EE,Pattern07_0018,exact,identical,
0606C62E,Pattern07_0019,exact,remap-only,case 0: Jump_Attack_Term arg4 0x100 -> 0x80; case 0: Jump_Attack_Term arg8 0x200 -> 0x100; case 1: Normal_Attack arg2 0x102 -> 0x82; case 2: Normal_Attack arg2 0x100 -> 0x80
0606C6C6,Pattern07_0020,exact,identical,
0606C70E,Pattern07_0021,exact,remap-only,case 0: Jump_Attack_Term arg8 0x200 -> 0x100; case 1: Normal_Attack arg2 0x102 -> 0x82; case 2: Normal_Attack arg2 0x400 -> 0x200
0606C7AA,Pattern07_0022,exact,remap-only,case 0: Jump_Attack_Term arg8 0x100 -> 0x80
0606C804,Pattern07_0023,exact,identical,
0606C824,Pattern07_0024,exact,identical,
0606C846,Pattern07_0025,exact,identical,
0606C890,Pattern07_0026,exact,identical,
0606C8EE,Pattern07_0027,exact,identical,
0606C96E,Pattern07_0028,exact,identical,
0606C98E,Pattern07_0029,exact,remap-only,case 0: Adjust_Attack arg2 0x100 -> 0x80
0606C9F4,Pattern07_0030,exact,remap-only,case 0: Adjust_Attack arg2 0x100 -> 0x80; case 1: Adjust_Attack arg2 0x100 -> 0x80; case 2: Lever_Attack arg3 0x200 -> 0x100
0606CA26,Pattern07_0031,exact,remap-only,case 0: Jump_Attack_Term arg4 0x200 -> 0x100; case 0: Jump_Attack_Term arg8 0x200 -> 0x100; case 1: Normal_Attack arg2 0x402 -> 0x202
0606CA78,Pattern07_0032,exact,remap-only,case 2: Lever_Attack arg3 0x100 -> 0x80
0606CAFA,Pattern07_0033,exact,identical,
0606CB3A,Pattern07_0034,exact,remap-only,case 0: Normal_Attack arg2 0x100 -> 0x80; case 1: Normal_Attack arg2 0x202 -> 0x102; case 2: Normal_Attack arg2 0x200 -> 0x100
0606CB9A,Pattern07_0035,exact,identical,
0606CBDC,Pattern07_0036,exact,identical,
0606CBFC,Pattern07_0037,exact,remap-only,case 0: Lever_Attack arg3 0x110 -> 0x90
0606CC4E,Pattern07_0038,exact,remap-only,case 3: Normal_Attack arg2 0x202 -> 0x102; case 4: Lever_Attack arg3 0x400 -> 0x200
0606CCE0,Pattern07_0039,exact,identical,
0606CD28,Pattern07_0040,exact,remap-only,case 0: Normal_Attack arg2 0x202 -> 0x102
0606CD68,Pattern07_0041,exact,remap-only,case 0: Normal_Attack arg2 0x102 -> 0x82
0606CDCC,Pattern07_0042,exact,remap-only,case 2: Normal_Attack arg2 0x202 -> 0x102
0606CE1E,Pattern07_0043,exact,identical,
0606CE62,Pattern07_0044,exact,remap-only,case 0: Jump_Attack_Term arg8 0x400 -> 0x200
0606CEA6,Pattern07_0045,exact,remap-only,case 0: Jump_Attack_Term arg4 0x400 -> 0x200
0606CF0A,Pattern07_0046,events,not-lifted,selector
0606CF1E,Pattern07_0047,exact,remap-only,case 0: Hi_Jump_Command_Attack_Term arg10 0x400 -> 0x200
0606CF66,Pattern07_0048,exact,remap-only,case 1: Lever_Attack arg3 0x100 -> 0x80
0606CFF8,Pattern07_0049,exact,remap-only,case 0: Hi_Jump_Attack_Term arg4 0x200 -> 0x100; case 0: Hi_Jump_Attack_Term arg8 0x200 -> 0x100; case 1: Lever_Attack arg3 0x100 -> 0x80; case 2: Lever_Attack arg3 0x100 -> 0x80; case 3: Normal_Attack arg2 0x200 -> 0x100
0606D062,Pattern07_0050,exact,remap-only,case 0: Hi_Jump_Attack arg3 0x400 -> 0x200
0606D094,Pattern07_0051,exact,remap-only,case 0: Hi_Jump_Attack_Term arg8 0x200 -> 0x100
0606D118,Pattern07_0052,exact,identical,
0606D15E,Pattern07_0053,exact,identical,
0606D196,Pattern07_0054,exact,identical,
0606D1C8,Pattern07_0055,exact,identical,
0606D1FA,Pattern07_0056,exact,identical,
0606D240,Pattern07_0057,exact,identical,
0606D286,Pattern07_0058,exact,identical,
0606D2CC,Pattern07_0059,exact,remap-only,case 2: Normal_Attack arg2 0x200 -> 0x100; case 3: Normal_Attack arg2 0x400 -> 0x200
0606D350,Pattern07_0060,exact,identical,
0606D39C,Pattern07_0061,exact,identical,
0606D408,Pattern07_0062,exact,identical,
0606D462,Pattern07_0063,exact,identical,
0606D4AE,Pattern07_0064,exact,identical,
0606D4E0,Pattern07_0065,exact,identical,
0606D512,Pattern07_0066,exact,identical,
0606D544,Pattern07_0067,exact,identical,
0606D576,Pattern07_0068,exact,identical,
0606D5A8,Pattern07_0069,exact,identical,
0606D5F0,Pattern07_0070,exact,identical,
0606D672,Pattern07_0071,exact,identical,
0606D6E2,Pattern07_0072,exact,identical,
0606D718,Pattern07_0073,exact,identical,
0606D74A,Pattern07_0074,exact,identical,
0606D77C,Pattern07_0075,exact,identical,
0606D7E8,Pattern08_0000,exact,identical,
0606D810,Pattern08_0001,exact,remap-only,case 0: Normal_Attack arg2 0x102 -> 0x82; case 1: Normal_Attack arg2 0x102 -> 0x82; case 2: Normal_Attack arg2 0x402 -> 0x202
0606D84E,Pattern08_0002,exact,remap-only,case 0: Normal_Attack arg2 0x100 -> 0x80; case 1: Normal_Attack arg2 0x102 -> 0x82
0606D878,Pattern08_0003,exact,identical,
0606D8CC,Pattern08_0004,exact,identical,
0606D932,Pattern08_0005,exact,remap-only,case 0: Lever_Attack arg3 0x110 -> 0x90; case 1: Normal_Attack arg2 0x402 -> 0x202
0606D982,Pattern08_0006,exact,identical,
0606D9C4,Pattern08_0007,exact,identical,
0606DA10,Pattern08_0008,exact,remap-only,case 0: Jump_Attack_Term arg4 0x200 -> 0x100; case 1: Normal_Attack arg2 0x402 -> 0x202
0606DA78,Pattern08_0009,exact,identical,
0606DB0E,Pattern08_0010,exact,remap-only,case 0: Normal_Attack arg2 0x402 -> 0x202
0606DB2E,Pattern08_0011,exact,remap-only,case 0: Normal_Attack arg2 0x102 -> 0x82; case 1: Normal_Attack arg2 0x202 -> 0x102
0606DB8E,Pattern08_0012,exact,identical,
0606DBC4,Pattern08_0013,exact,remap-only,case 0: Normal_Attack arg2 0x200 -> 0x100; case 1: Normal_Attack arg2 0x202 -> 0x102; case 2: Normal_Attack arg2 0x400 -> 0x200
0606DC0A,Pattern08_0014,exact,remap-only,case 0: Jump_Attack_Term arg4 0x200 -> 0x100; case 0: Jump_Attack_Term arg8 0x100 -> 0x80; case 1: Normal_Attack arg2 0x402 -> 0x202
0606DC5C,Pattern08_0015,exact,identical,
0606DC7E,Pattern08_0016,exact,identical,
0606DCC8,Pattern08_0017,exact,identical,
0606DCFA,Pattern08_0018,exact,identical,
0606DD5E,Pattern08_0019,exact,remap-only,case 1: Lever_Attack arg3 0x200 -> 0x100
0606DDD0,Pattern08_0020,exact,identical,
0606DE18,Pattern08_0021,exact,identical,
0606DE4A,Pattern08_0022,exact,remap-only,case 0: Jump_Attack_Term arg8 0x100 -> 0x80
0606DEA4,Pattern08_0023,exact,identical,
0606DEE4,Pattern08_0024,exact,identical,
0606DF06,Pattern08_0025,exact,identical,
0606DF28,Pattern08_0026,exact,identical,
0606DF70,Pattern08_0027,exact,identical,
0606DF8E,Pattern08_0028,exact,identical,
0606DFD0,Pattern08_0029,exact,remap-only,case 0: Normal_Attack arg2 0x102 -> 0x82; case 3: Lever_Attack arg3 0x402 -> 0x202
0606E02E,Pattern08_0030,exact,remap-only,case 0: Normal_Attack arg2 0x100 -> 0x80; case 2: Normal_Attack arg2 0x200 -> 0x100
0606E088,Pattern08_0031,exact,remap-only,case 0: Jump_Attack_Term arg4 0x200 -> 0x100; case 0: Jump_Attack_Term arg8 0x200 -> 0x100; case 1: Normal_Attack arg2 0x402 -> 0x202
0606E0F6,Pattern08_0032,exact,identical,
0606E12A,Pattern08_0033,exact,remap-only,case 1: Lever_Attack arg3 0x402 -> 0x202
0606E15A,Pattern08_0034,exact,remap-only,case 0: Normal_Attack arg2 0x100 -> 0x80; case 2: Normal_Attack arg2 0x402 -> 0x202
0606E200,Pattern08_0035,exact,identical,
0606E220,Pattern08_0036,exact,identical,
0606E240,Pattern08_0037,exact,remap-only,case 0: Lever_Attack arg3 0x110 -> 0x90
0606E262,Pattern08_0038,exact,remap-only,case 2: Adjust_Attack arg2 0x200 -> 0x100; case 4: Lever_Attack arg3 0x402 -> 0x202
0606E2F4,Pattern08_0039,exact,identical,
0606E33C,Pattern08_0040,exact,remap-only,case 0: Normal_Attack arg2 0x202 -> 0x102
0606E37C,Pattern08_0041,exact,remap-only,case 2: Lever_Attack arg3 0x402 -> 0x202
0606E3E8,Pattern08_0042,exact,remap-only,case 0: Jump_Attack_Term arg4 0x200 -> 0x100; case 0: Jump_Attack_Term arg8 0x400 -> 0x200
0606E42C,Pattern08_0043,exact,remap-only,case 0: Jump_Attack_Term arg8 0x200 -> 0x100
0606E470,Pattern08_0044,exact,remap-only,case 0: Jump_Attack_Term arg8 0x200 -> 0x100; case 1: Normal_Attack arg2 0x402 -> 0x202
0606E4C2,Pattern08_0045,exact,remap-only,case 0: Jump_Attack_Term arg4 0x400 -> 0x200; case 2: Normal_Attack arg2 0x402 -> 0x202
0606E540,Pattern08_0046,exact,identical,
0606E58C,Pattern08_0047,exact,identical,
0606E614,Pattern08_0048,exact,identical,
0606E632,Pattern08_0049,exact,identical,
0606E664,Pattern08_0050,exact,remap-only,case 0: Hi_Jump_Attack_Term arg4 0x400 -> 0x200
0606E6A8,Pattern08_0051,exact,identical,
0606E6EC,Pattern08_0052,exact,identical,
0606E750,Pattern08_0053,exact,identical,
0606E7A2,Pattern08_0054,exact,identical,
0606E7D4,Pattern08_0055,exact,identical,
0606E844,Pattern08_0056,exact,identical,
0606E8CC,Pattern08_0057,exact,identical,
0606E8FE,Pattern08_0058,exact,identical,
0606E960,Pattern08_0059,exact,identical,
0606E992,Pattern08_0060,events,not-lifted,selector
0606E9A6,Pattern08_0061,exact,identical,
0606E9EE,Pattern08_0062,exact,identical,
0606EA20,Pattern08_0063,events,not-lifted,selector
0606EA34,Pattern08_0064,exact,identical,
0606EA66,Pattern08_0065,exact,identical,
0606EA98,Pattern08_0066,exact,identical,
0606EACA,Pattern08_0067,exact,identical,
0606EAFC,Pattern08_0068,exact,remap-only,case 0: Command_Attack arg4 0x700 -> 0x380
0606EB42,Pattern08_0069,exact,identical,
0606EB80,Pattern08_0070,exact,remap-only,case 0: Jump_Attack_Term arg4 0x400 -> 0x200; case 0: Jump_Attack_Term arg8 0x100 -> 0x80
0606EC14,Pattern09_0000,exact,identical,
0606EC4C,Pattern09_0001,exact,remap-only,case 0: Normal_Attack arg2 0x102 -> 0x82; case 1: Normal_Attack arg2 0x102 -> 0x82
0606EC70,Pattern09_0002,exact,identical,
0606ECBE,Pattern09_0003,exact,identical,
0606ED32,Pattern09_0004,exact,identical,
0606ED64,Pattern09_0005,exact,remap-only,case 0: Normal_Attack arg2 0x110 -> 0x90
0606ED84,Pattern09_0006,exact,identical,
0606EDA2,Pattern09_0007,exact,identical,
0606EDEE,Pattern09_0008,exact,remap-only,case 0: Jump_Attack_Term arg4 0x200 -> 0x100
0606EE5A,Pattern09_0009,exact,identical,
0606EEA8,Pattern09_0010,exact,remap-only,case 1: Normal_Attack arg2 0x402 -> 0x202
0606EEEC,Pattern09_0011,exact,remap-only,case 1: Normal_Attack arg2 0x202 -> 0x102
0606EF50,Pattern09_0012,exact,identical,
0606EF94,Pattern09_0013,exact,remap-only,case 1: Normal_Attack arg2 0x200 -> 0x100
0606EFD8,Pattern09_0014,exact,remap-only,case 0: Jump_Attack_Term arg4 0x200 -> 0x100; case 0: Jump_Attack_Term arg8 0x200 -> 0x100
0606F01C,Pattern09_0015,exact,identical,
0606F068,Pattern09_0016,exact,identical,
0606F08A,Pattern09_0017,exact,identical,
0606F0D6,Pattern09_0018,exact,identical,
0606F0FE,Pattern09_0019,exact,identical,
0606F14A,Pattern09_0020,exact,identical,
0606F19C,Pattern09_0021,exact,identical,
0606F1E8,Pattern09_0022,exact,remap-only,case 0: Jump_Attack_Term arg8 0x100 -> 0x80
0606F260,Pattern09_0023,exact,identical,
0606F280,Pattern09_0024,exact,identical,
0606F2A2,Pattern09_0025,exact,identical,
0606F2C4,Pattern09_0026,exact,identical,
0606F302,Pattern09_0027,exact,identical,
0606F34C,Pattern09_0028,exact,identical,
0606F36C,Pattern09_0029,exact,remap-only,case 1: Adjust_Attack arg2 0x100 -> 0x80
0606F3CA,Pattern09_0030,exact,remap-only,case 1: Adjust_Attack arg2 0x100 -> 0x80
0606F41E,Pattern09_0031,exact,remap-only,case 0: Jump_Attack_Term arg4 0x400 -> 0x200; case 0: Jump_Attack_Term arg8 0x200 -> 0x100; case 1: Normal_Attack arg2 0x402 -> 0x202
0606F492,Pattern09_0032,exact,identical,
0606F4BE,Pattern09_0033,exact,identical,
0606F4FE,Pattern09_0034,exact,remap-only,case 0: Normal_Attack arg2 0x100 -> 0x80
0606F528,Pattern09_0035,exact,identical,
0606F598,Pattern09_0036,exact,identical,
0606F5E4,Pattern09_0037,exact,remap-only,case 0: Lever_Attack arg3 0x110 -> 0x90
0606F606,Pattern09_0038,exact,remap-only,case 0: Normal_Attack arg2 0x100 -> 0x80
0606F66C,Pattern09_0039,exact,identical,
0606F6B4,Pattern09_0040,exact,remap-only,case 0: Normal_Attack arg2 0x202 -> 0x102
0606F6F4,Pattern09_0041,exact,identical,
0606F770,Pattern09_0042,exact,remap-only,case 3: Normal_Attack arg2 0x202 -> 0x102
0606F7B0,Pattern09_0043,exact,identical,
0606F7F4,Pattern09_0044,exact,remap-only,case 0: Jump_Attack_Term arg8 0x400 -> 0x200
0606F838,Pattern09_0045,exact,remap-only,case 0: Jump_Attack_Term arg4 0x400 -> 0x200
0606F89E,Pattern09_0046,exact,identical,
0606F8EA,Pattern09_0047,exact,remap-only,case 0: Hi_Jump_Command_Attack_Term arg10 0x400 -> 0x200
0606F930,Pattern09_0048,exact,remap-only,case 0: Jump_Attack_Term arg4 0x400 -> 0x200; case 0: Jump_Attack_Term arg8 0x400 -> 0x200
0606F9C8,Pattern09_0049,exact,remap-only,case 0: Jump_Attack_Term arg8 0x400 -> 0x200; case 1: Normal_Attack arg2 0x200 -> 0x100
0606FA30,Pattern09_0050,exact,remap-only,case 0: Hi_Jump_Attack arg3 0x400 -> 0x200
0606FA62,Pattern09_0051,exact,identical,
0606FAA4,Pattern09_0052,exact,identical,
0606FB14,Pattern09_0053,exact,identical,
0606FB4C,Pattern09_0054,exact,identical,
0606FB7E,Pattern09_0055,exact,identical,
0606FBB0,Pattern09_0056,exact,identical,
0606FBE2,Pattern09_0057,exact,identical,
0606FC14,Pattern09_0058,exact,identical,
0606FC4C,Pattern09_0059,exact,remap-only,case 1: Normal_Attack arg2 0x400 -> 0x200
0606FCB6,Pattern09_0060,exact,identical,
0606FCE8,Pattern09_0061,exact,identical,
0606FD1A,Pattern09_0062,exact,identical,
0606FD4C,Pattern09_0063,exact,remap-only,case 0: Jump_Attack_Term arg4 0x200 -> 0x100; case 0: Jump_Attack_Term arg8 0x400 -> 0x200
0606FDBC,Pattern09_0064,exact,remap-only,case 0: Jump_Attack_Term arg8 0x400 -> 0x200; case 1: Normal_Attack arg2 0x202 -> 0x102
0606FE46,Pattern09_0065,exact,identical,
0606FE8E,Pattern09_0066,exact,identical,
0606FF00,Pattern09_0067,exact,identical,
0606FF48,Pattern09_0068,exact,identical,
0606FF90,Pattern09_0069,exact,identical,
0606FFD6,Pattern09_0070,exact,identical,
0606FFF4,Pattern09_0071,exact,identical,
0607001E,Pattern09_0072,exact,identical,
06070064,Pattern09_0073,exact,identical,
060700AA,Pattern09_0074,exact,identical,
0607011C,Pattern09_0075,exact,identical,
0607015E,Pattern09_0076,exact,remap-only,case 0: Jump_Attack_Term arg4 0x200 -> 0x100; case 1: Normal_Attack arg2 0x402 -> 0x202
060701AE,Pattern09_0077,exact,remap-only,case 0: Jump_Attack_Term arg4 0x400 -> 0x200
060702CE,Pattern09_0079,exact,identical,
0607034C,Pattern09_0080,exact,identical,
060703A2,Pattern09_0081,exact,remap-only,case 0: Jump_Attack_Term arg4 0x200 -> 0x100
060703FA,Pattern09_0082,exact,identical,
06070426,Pattern09_0083,exact,remap-only,case 0: ORO_JA_Term arg7 0x400 -> 0x200; case 0: ORO_JA_Term arg10 0x400 -> 0x200
0607049C,Pattern09_0084,exact,remap-only,case 0: Jump_Attack_Term arg4 0x110 -> 0x90
060704DE,Pattern09_0085,exact,remap-only,case 0: ORO_JA_Term arg10 0x400 -> 0x200
06070528,Pattern09_0086,exact,remap-only,case 0: ORO_JA_Term arg10 0x400 -> 0x200
06070594,Pattern09_0087,exact,remap-only,case 0: ORO_JA_Term arg10 0x400 -> 0x200
060705DE,Pattern09_0088,exact,remap-only,case 0: ORO_JA_Term arg10 0x400 -> 0x200
06070628,Pattern09_0089,exact,identical,
06070662,Pattern09_0090,exact,remap-only,case 0: ORO_JA_Term arg10 0x400 -> 0x200
060706C8,Pattern09_0091,exact,remap-only,case 0: ORO_JA_Term arg10 0x400 -> 0x200
06070712,Pattern09_0092,exact,remap-only,case 0: ORO_JA_Term arg10 0x400 -> 0x200
0607075C,Pattern09_0093,exact,remap-only,case 0: ORO_JA_Term arg10 0x400 -> 0x200
060707A6,Pattern09_0094,exact,identical,
060707FC,Pattern09_0095,exact,remap-only,case 0: ORO_JCA_Term arg12 0x400 -> 0x200
0607084C,Pattern09_0096,exact,remap-only,case 0: ORO_JCA_Term arg12 0x400 -> 0x200
0607089E,Pattern09_0097,exact,remap-only,case 0: ORO_HJCA_Term arg12 0x400 -> 0x200
060708F0,Pattern09_0098,exact,remap-only,case 0: ORO_HJA_Term arg10 0x400 -> 0x200
06070958,Pattern09_0099,exact,identical,
060709B6,Pattern09_0100,exact,identical,
06070A30,Pattern10_0000,exact,identical,
06070A58,Pattern10_0001,exact,identical,
06070A7C,Pattern10_0002,exact,identical,
06070AB2,Pattern10_0003,exact,identical,
06070ADE,Pattern10_0004,exact,identical,
06070B10,Pattern10_0005,exact,remap-only,case 0: Lever_Attack arg3 0x110 -> 0x90
06070B5C,Pattern10_0006,exact,identical,
06070B7A,Pattern10_0007,exact,identical,
06070BC6,Pattern10_0008,exact,remap-only,case 0: Normal_Attack arg2 0x100 -> 0x80; case 1: Normal_Attack arg2 0x400 -> 0x200
06070BF2,Pattern10_0009,exact,identical,
06070C58,Pattern10_0010,exact,remap-only,case 0: Normal_Attack arg2 0x402 -> 0x202
06070C78,Pattern10_0011,exact,remap-only,case 0: Normal_Attack arg2 0x102 -> 0x82; case 1: Normal_Attack arg2 0x202 -> 0x102
06070CA4,Pattern10_0012,exact,identical,
06070CC4,Pattern10_0013,exact,remap-only,case 0: Lever_Attack arg3 0x200 -> 0x100
06070CE6,Pattern10_0014,exact,identical,
06070D28,Pattern10_0015,exact,identical,
06070D74,Pattern10_0016,exact,identical,
06070DA4,Pattern10_0017,exact,identical,
06070E16,Pattern10_0018,exact,remap-only,case 0: Jump_Attack arg3 0x8400 -> 0x8200
06070E48,Pattern10_0019,exact,identical,
06070EBA,Pattern10_0020,exact,remap-only,case 0: Lever_Attack arg3 0x200 -> 0x100
06070F22,Pattern10_0021,exact,remap-only,case 0: Jump_Attack_Term arg8 0x200 -> 0x100
06070F64,Pattern10_0022,exact,remap-only,case 0: Hi_Jump_Attack_Term arg4 0x8100 -> 0x8080; case 0: Hi_Jump_Attack_Term arg8 0x200 -> 0x100
06070FA6,Pattern10_0023,exact,identical,
06070FC6,Pattern10_0024,exact,remap-only,case 0: Hi_Jump_Attack_Term arg8 0x400 -> 0x200
0607103A,Pattern10_0025,exact,identical,
0607106A,Pattern10_0026,exact,identical,
060710A8,Pattern10_0027,exact,identical,
060710C6,Pattern10_0028,exact,identical,
060710E6,Pattern10_0029,exact,remap-only,case 0: Adjust_Attack arg2 0x100 -> 0x80; case 1: Adjust_Attack arg2 0x100 -> 0x80; case 2: Adjust_Attack arg2 0x202 -> 0x102; case 3: Lever_Attack arg3 0x200 -> 0x100
06071166,Pattern10_0030,exact,identical,
060711C2,Pattern10_0031,exact,identical,
06071204,Pattern10_0032,exact,identical,
06071266,Pattern10_0033,exact,remap-only,case 1: Normal_Attack arg2 0x110 -> 0x90
06071292,Pattern10_0034,exact,remap-only,case 0: Adjust_Attack arg2 0x102 -> 0x82
060712D2,Pattern10_0035,exact,identical,
060712F2,Pattern10_0036,exact,identical,
06071312,Pattern10_0037,exact,identical,
0607136A,Pattern10_0038,exact,remap-only,case 1: Normal_Attack arg2 0x202 -> 0x102
060713BC,Pattern10_0039,exact,identical,
06071408,Pattern10_0040,exact,remap-only,case 0: Normal_Attack arg2 0x202 -> 0x102
06071464,Pattern10_0041,exact,identical,
060714E8,Pattern10_0042,exact,remap-only,case 2: Normal_Attack arg2 0x402 -> 0x202
0607152E,Pattern10_0043,exact,remap-only,case 0: Jump_Attack_Term arg4 0x8400 -> 0x8200; case 0: Jump_Attack_Term arg8 0x400 -> 0x200
0607158A,Pattern10_0044,exact,remap-only,case 0: Jump_Attack_Term arg8 0x400 -> 0x200
060715CC,Pattern10_0045,exact,identical,
06071618,Pattern10_0046,exact,identical,
0607164A,Pattern10_0047,exact,identical,
060716A2,Pattern10_0048,exact,identical,
060716D4,Pattern10_0049,exact,identical,
06071706,Pattern10_0050,exact,identical,
06071738,Pattern10_0051,exact,identical,
0607176A,Pattern10_0052,exact,identical,
060717B2,Pattern10_0053,exact,identical,
060717FA,Pattern10_0054,exact,remap-only,case 1: Hi_Jump_Attack_Term arg4 0x8400 -> 0x8200
06071856,Pattern10_0055,exact,identical,
060718CC,Pattern10_0056,exact,identical,
0607191C,Pattern10_0057,exact,remap-only,case 1: Jump_Attack_Term arg8 0x200 -> 0x100
0607196E,Pattern10_0058,exact,remap-only,case 1: Hi_Jump_Attack_Term arg8 0x200 -> 0x100
06071A24,Pattern10_0059,exact,identical,
06071AA2,Pattern10_0060,exact,remap-only,case 1: Jump_Attack_Term arg4 0x200 -> 0x100
06071B4C,Pattern10_0061,exact,remap-only,case 3: Hi_Jump_Attack_Term arg4 0x8400 -> 0x8200; case 3: Hi_Jump_Attack_Term arg8 0x8400 -> 0x8200
06071BC2,Pattern10_0062,exact,remap-only,case 0: Hi_Jump_Attack_Term arg8 0x200 -> 0x100
06071C50,Pattern10_0063,exact,remap-only,case 0: Lever_Attack arg3 0x200 -> 0x100
06071C92,Pattern10_0064,exact,identical,
06071CF4,Pattern10_0065,exact,remap-only,case 0: Normal_Attack arg2 0x200 -> 0x100
06071D4E,Pattern10_0066,exact,identical,
06071D88,Pattern10_0067,exact,remap-only,case 0: Normal_Attack arg2 0x100 -> 0x80
06071DA8,Pattern10_0068,exact,identical,
06071DDA,Pattern10_0069,exact,identical,
06071E50,Pattern11_0000,exact,identical,
06071E78,Pattern11_0001,exact,identical,
06071E96,Pattern11_0002,exact,remap-only,case 1: Lever_Attack arg3 0x110 -> 0x90
06071EC4,Pattern11_0003,exact,remap-only,case 1: Lever_Attack arg3 0x110 -> 0x90
06071EF2,Pattern11_0004,exact,remap-only,case 1: Lever_Attack arg3 0x110 -> 0x90
06071F48,Pattern11_0005,exact,identical,
06071F7A,Pattern11_0006,exact,identical,
06071FAC,Pattern11_0007,exact,identical,
06071FDE,Pattern11_0008,exact,identical,
06072010,Pattern11_0009,exact,identical,
06072042,Pattern11_0010,exact,identical,
06072074,Pattern11_0011,exact,identical,
06072094,Pattern11_0012,exact,identical,
060720B4,Pattern11_0013,exact,identical,
060720D4,Pattern11_0014,exact,remap-only,case 0: Normal_Attack arg2 0x100 -> 0x80
06072106,Pattern11_0015,exact,remap-only,case 0: Normal_Attack arg2 0x200 -> 0x100
06072126,Pattern11_0016,exact,remap-only,case 0: Normal_Attack arg2 0x400 -> 0x200
06072146,Pattern11_0017,exact,identical,
06072178,Pattern11_0018,exact,identical,
060721AA,Pattern11_0019,exact,identical,
060721DC,Pattern11_0020,exact,remap-only,case 0: Normal_Attack_SP arg2 0x200 -> 0x100
06072214,Pattern11_0021,exact,remap-only,case 0: Normal_Attack arg2 0x202 -> 0x102
06072234,Pattern11_0022,exact,remap-only,case 0: Normal_Attack arg2 0x402 -> 0x202
06072254,Pattern11_0023,exact,remap-only,case 0: Lever_Attack arg3 0x200 -> 0x100
06072276,Pattern11_0024,exact,identical,
060722A8,Pattern11_0025,exact,identical,
060722C6,Pattern11_0026,exact,identical,
06072328,Pattern11_0027,exact,identical,
06072362,Pattern11_0028,exact,identical,
060723B2,Pattern11_0029,exact,identical,
06072424,Pattern11_0030,exact,identical,
0607246C,Pattern11_0031,exact,identical,
060724B6,Pattern11_0032,exact,identical,
060724F6,Pattern11_0033,exact,identical,
06072570,Pattern11_0034,exact,identical,
06072590,Pattern11_0035,exact,remap-only,case 0: Normal_Attack arg2 0x202 -> 0x102
060725D0,Pattern11_0036,exact,remap-only,case 0: Normal_Attack arg2 0x400 -> 0x200
06072610,Pattern11_0037,exact,identical,
06072672,Pattern11_0038,exact,identical,
060726EA,Pattern11_0039,exact,identical,
0607274E,Pattern11_0040,exact,remap-only,case 0: Jump_Attack_Term arg8 0x200 -> 0x100
060727C6,Pattern11_0041,exact,remap-only,case 0: Jump_Attack_Term arg4 0x200 -> 0x100
0607282E,Pattern11_0042,exact,remap-only,case 0: Jump_Attack_Term arg4 0x200 -> 0x100
060728BE,Pattern11_0043,exact,remap-only,case 0: Jump_Attack_Term arg4 0x200 -> 0x100; case 1: Normal_Attack arg2 0x400 -> 0x200
06072926,Pattern11_0044,exact,remap-only,case 0: Jump_Attack_Term arg4 0x400 -> 0x200; case 0: Jump_Attack_Term arg8 0x200 -> 0x100; case 1: Normal_Attack arg2 0x402 -> 0x202
06072978,Pattern11_0045,exact,remap-only,case 0: Jump_Attack_Term arg8 0x200 -> 0x100
06072A08,Pattern11_0046,exact,remap-only,case 0: Jump_Attack_Term arg8 0x200 -> 0x100
06072A92,Pattern11_0047,exact,identical,
06072B16,Pattern11_0048,exact,identical,
06072B48,Pattern11_0049,exact,identical,
06072B7A,Pattern11_0050,exact,identical,
06072BAC,Pattern11_0051,exact,identical,
06072BCC,Pattern11_0052,exact,remap-only,case 2: Normal_Attack arg2 0x402 -> 0x202
06072C3A,Pattern11_0053,exact,identical,
06072C5A,Pattern11_0054,exact,identical,
06072C7E,Pattern11_0055,exact,identical,
06072CC8,Pattern11_0056,exact,identical,
06072D00,Pattern11_0057,exact,remap-only,case 0: Jump_Attack_Term arg8 0x200 -> 0x100; case 2: Normal_Attack arg2 0x102 -> 0x82; case 3: Normal_Attack arg2 0x202 -> 0x102
06072D8A,Pattern11_0058,exact,remap-only,case 0: Jump_Attack_Term arg4 0x200 -> 0x100; case 0: Jump_Attack_Term arg8 0x200 -> 0x100
06072DCE,Pattern11_0059,exact,identical,
06072E18,Pattern11_0060,exact,remap-only,case 0: Normal_Attack arg2 0x102 -> 0x82
06072E38,Pattern11_0061,exact,identical,
06072E58,Pattern11_0062,exact,identical,
06072E9A,Pattern11_0063,exact,identical,
06072EDC,Pattern11_0064,exact,identical,
06072F36,Pattern11_0065,exact,remap-only,case 2: Normal_Attack arg2 0x202 -> 0x102
06072F96,Pattern11_0066,exact,identical,
0607303A,Pattern11_0067,exact,identical,
060730A0,Pattern11_0068,exact,identical,
060730FA,Pattern11_0069,exact,identical,
0607313C,Pattern11_0070,exact,identical,
0607317E,Pattern11_0071,exact,identical,
060731C0,Pattern11_0072,exact,remap-only,case 0: Jump_Command_Attack_Term arg4 0x700 -> 0x380
06073222,Pattern11_0073,exact,remap-only,case 0: Hi_Jump_Command_Attack_Term arg4 0x700 -> 0x380
0607326A,Pattern11_0074,exact,identical,
060732A4,Pattern11_0075,exact,identical,
060732C2,Pattern11_0076,exact,identical,
060732EE,Pattern11_0077,exact,remap-only,case 0: Lever_Attack arg3 0x200 -> 0x100
06073330,Pattern11_0078,exact,remap-only,case 0: Lever_Attack arg3 0x400 -> 0x200
06073352,Pattern11_0079,exact,remap-only,case 0: Lever_Attack_SP arg3 0x400 -> 0x200
06073384,Pattern11_0080,exact,identical,
060733AE,Pattern11_0081,exact,identical,
060733E8,Pattern11_0082,exact,remap-only,case 1: Lever_Attack arg3 0x400 -> 0x200; case 2: Lever_Attack arg3 0x200 -> 0x100
06073444,Pattern11_0083,exact,identical,
0607347C,Pattern11_0084,exact,remap-only,case 0: Lever_Attack_SP arg3 0x400 -> 0x200
060734CC,Pattern11_0085,exact,remap-only,case 1: Lever_Attack_SP arg3 0x400 -> 0x200
06073544,Pattern11_0086,exact,identical,
0607357E,Pattern11_0087,exact,identical,
060735BC,Pattern11_0088,exact,identical,
060735F8,Pattern11_0089,exact,identical,
0607367C,Pattern12_0000,exact,identical,
060736A4,Pattern12_0001,exact,identical,
060736C2,Pattern12_0002,exact,remap-only,case 1: Lever_Attack arg3 0x110 -> 0x90
060736F0,Pattern12_0003,exact,remap-only,case 1: Lever_Attack arg3 0x110 -> 0x90
0607371E,Pattern12_0004,exact,remap-only,case 1: Normal_Attack arg2 0x110 -> 0x90
06073774,Pattern12_0005,exact,identical,
060737A6,Pattern12_0006,exact,identical,
060737D8,Pattern12_0007,exact,identical,
0607380A,Pattern12_0008,exact,identical,
0607383C,Pattern12_0009,exact,identical,
0607386E,Pattern12_0010,exact,identical,
060738A0,Pattern12_0011,exact,identical,
060738D8,Pattern12_0012,exact,identical,
060738F8,Pattern12_0013,exact,identical,
06073918,Pattern12_0014,exact,remap-only,case 0: Normal_Attack arg2 0x100 -> 0x80
0607394A,Pattern12_0015,exact,remap-only,case 0: Normal_Attack arg2 0x200 -> 0x100
0607396A,Pattern12_0016,exact,remap-only,case 0: Normal_Attack arg2 0x400 -> 0x200
0607398A,Pattern12_0017,exact,identical,
060739BC,Pattern12_0018,exact,identical,
060739EE,Pattern12_0019,exact,identical,
06073A20,Pattern12_0020,exact,remap-only,case 0: Normal_Attack arg2 0x200 -> 0x100
06073A5E,Pattern12_0021,exact,remap-only,case 0: Normal_Attack arg2 0x202 -> 0x102
06073A7E,Pattern12_0022,exact,remap-only,case 0: Normal_Attack arg2 0x402 -> 0x202
06073A9E,Pattern12_0023,exact,remap-only,case 0: Lever_Attack arg3 0x200 -> 0x100
06073AC0,Pattern12_0024,exact,identical,
06073AF2,Pattern12_0025,exact,identical,
06073B10,Pattern12_0026,exact,identical,
06073B54,Pattern12_0027,exact,identical,
06073B74,Pattern12_0028,exact,identical,
06073BC4,Pattern12_0029,exact,identical,
06073C14,Pattern12_0030,exact,identical,
06073C76,Pattern12_0031,exact,identical,
06073CC0,Pattern12_0032,exact,identical,
06073D00,Pattern12_0033,exact,identical,
06073D56,Pattern12_0034,exact,identical,
06073D96,Pattern12_0035,exact,remap-only,case 0: Normal_Attack arg2 0x202 -> 0x102
06073DD6,Pattern12_0036,exact,remap-only,case 0: Normal_Attack arg2 0x400 -> 0x200
06073E16,Pattern12_0037,exact,identical,
06073E78,Pattern12_0038,exact,identical,
06073EE0,Pattern12_0039,exact,identical,
06073F44,Pattern12_0040,exact,remap-only,case 0: Jump_Attack_Term arg8 0x200 -> 0x100
06073FBA,Pattern12_0041,exact,remap-only,case 0: Jump_Attack_Term arg4 0x200 -> 0x100
06074022,Pattern12_0042,exact,remap-only,case 0: Jump_Attack_Term arg4 0x200 -> 0x100
060740B2,Pattern12_0043,exact,remap-only,case 0: Jump_Attack_Term arg4 0x200 -> 0x100; case 1: Normal_Attack arg2 0x400 -> 0x200
0607411A,Pattern12_0044,exact,remap-only,case 0: Jump_Attack_Term arg4 0x400 -> 0x200; case 0: Jump_Attack_Term arg8 0x200 -> 0x100; case 1: Normal_Attack arg2 0x402 -> 0x202
0607416C,Pattern12_0045,exact,remap-only,case 0: Jump_Attack_Term arg8 0x200 -> 0x100
060741FC,Pattern12_0046,exact,remap-only,case 0: Jump_Attack_Term arg8 0x200 -> 0x100
06074286,Pattern12_0047,exact,identical,
0607430A,Pattern12_0048,exact,identical,
0607433C,Pattern12_0049,exact,identical,
0607436E,Pattern12_0050,exact,identical,
060743A0,Pattern12_0051,exact,identical,
060743C0,Pattern12_0052,exact,remap-only,case 2: Normal_Attack arg2 0x402 -> 0x202
0607442E,Pattern12_0053,exact,identical,
0607444E,Pattern12_0054,exact,identical,
06074472,Pattern12_0055,exact,identical,
060744BC,Pattern12_0056,exact,identical,
060744F4,Pattern12_0057,exact,remap-only,case 0: Jump_Attack_Term arg8 0x200 -> 0x100; case 2: Normal_Attack arg2 0x102 -> 0x82; case 3: Normal_Attack arg2 0x202 -> 0x102
06074592,Pattern12_0058,exact,remap-only,case 0: Jump_Attack_Term arg4 0x200 -> 0x100; case 0: Jump_Attack_Term arg8 0x200 -> 0x100
06074600,Pattern12_0059,exact,identical,
06074620,Pattern12_0060,exact,remap-only,case 0: Normal_Attack arg2 0x102 -> 0x82
06074640,Pattern12_0061,exact,identical,
06074660,Pattern12_0062,exact,identical,
06074680,Pattern12_0063,exact,identical,
060746A0,Pattern12_0064,exact,identical,
060746C0,Pattern12_0065,exact,identical,
060746F8,Pattern12_0066,exact,identical,
0607473C,Pattern12_0067,exact,remap-only,case 0: Normal_Attack arg2 0x102 -> 0x82; case 1: Normal_Attack arg2 0x102 -> 0x82
06074780,Pattern12_0068,exact,identical,
060747EC,Pattern12_0069,exact,identical,
0607481E,Pattern12_0070,exact,identical,
06074850,Pattern12_0071,exact,remap-only,case 0: Jump_Attack_Term arg4 0x200 -> 0x100; case 0: Jump_Attack_Term arg8 0x200 -> 0x100; case 1: Normal_Attack arg2 0x102 -> 0x82; case 2: Normal_Attack arg2 0x202 -> 0x102
060748E4,Pattern12_0072,exact,remap-only,case 0: Jump_Attack_Term arg4 0x200 -> 0x100; case 0: Jump_Attack_Term arg8 0x200 -> 0x100
0607496E,Pattern12_0073,exact,identical,
060749EC,Pattern12_0074,exact,identical,
06074A42,Pattern12_0075,exact,remap-only,case 0: Normal_Attack arg2 0x202 -> 0x102; case 1: Normal_Attack arg2 0x202 -> 0x102
06074A9C,Pattern12_0076,exact,identical,
06074B04,Pattern12_0077,exact,identical,
06074B52,Pattern12_0078,exact,identical,
06074B96,Pattern12_0079,exact,remap-only,case 0: Normal_Attack arg2 0x402 -> 0x202; case 1: Normal_Attack arg2 0x402 -> 0x202
06074BF4,Pattern12_0080,exact,identical,
06074C3C,Pattern12_0081,exact,identical,
06074C6E,Pattern12_0082,exact,identical,
06074CA0,Pattern12_0083,exact,identical,
06074CE0,Pattern12_0084,exact,identical,
06074D0C,Pattern12_0085,exact,remap-only,case 0: Lever_Attack arg3 0x400 -> 0x200
06074D74,Pattern13_0000,exact,identical,
06074D9C,Pattern13_0001,exact,identical,
06074DC8,Pattern13_0002,exact,identical,
06074DFA,Pattern13_0003,exact,identical,
06074E26,Pattern13_0004,exact,identical,
06074E58,Pattern13_0005,exact,remap-only,case 1: Lever_Attack arg3 0x110 -> 0x90
06074EB0,Pattern13_0006,exact,identical,
06074ECE,Pattern13_0007,exact,remap-only,case 0: Normal_Attack arg2 0x400 -> 0x200
06074EEE,Pattern13_0008,exact,remap-only,case 0: Normal_Attack arg2 0x100 -> 0x80; case 1: Normal_Attack arg2 0x400 -> 0x200
06074F1A,Pattern13_0009,exact,identical,
06074F5C,Pattern13_0010,exact,remap-only,case 0: Normal_Attack arg2 0x402 -> 0x202
06074FA8,Pattern13_0011,exact,remap-only,case 1: Normal_Attack arg2 0x102 -> 0x82; case 2: Normal_Attack arg2 0x202 -> 0x102
06074FE0,Pattern13_0012,exact,identical,
06075000,Pattern13_0013,exact,remap-only,case 0: Normal_Attack arg2 0x200 -> 0x100
06075020,Pattern13_0014,exact,identical,
06075062,Pattern13_0015,exact,identical,
060750AC,Pattern13_0016,exact,identical,
060750DC,Pattern13_0017,exact,identical,
0607510E,Pattern13_0018,exact,identical,
06075140,Pattern13_0019,exact,identical,
06075172,Pattern13_0020,exact,identical,
060751B4,Pattern13_0021,exact,remap-only,case 0: Jump_Attack_Term arg4 0x400 -> 0x200; case 0: Jump_Attack_Term arg8 0x200 -> 0x100
0607521A,Pattern13_0022,exact,identical,
0607527C,Pattern13_0023,exact,identical,
0607529C,Pattern13_0024,exact,identical,
060752BE,Pattern13_0025,exact,identical,
06075320,Pattern13_0026,exact,identical,
0607535E,Pattern13_0027,exact,identical,
060753A0,Pattern13_0028,exact,identical,
060753C0,Pattern13_0029,exact,remap-only,case 0: Adjust_Attack arg2 0x100 -> 0x80; case 1: Adjust_Attack arg2 0x100 -> 0x80; case 2: Adjust_Attack arg2 0x400 -> 0x200
0607542C,Pattern13_0030,exact,identical,
06075470,Pattern13_0031,exact,identical,
060754B0,Pattern13_0032,exact,identical,
06075508,Pattern13_0033,exact,remap-only,case 1: Normal_Attack arg2 0x110 -> 0x90
06075556,Pattern13_0034,exact,identical,
06075588,Pattern13_0035,exact,identical,
060755A8,Pattern13_0036,exact,identical,
060755C8,Pattern13_0037,exact,identical,
06075640,Pattern13_0038,exact,remap-only,case 2: Normal_Attack arg2 0x202 -> 0x102
0607569C,Pattern13_0039,exact,remap-only,case 0: Normal_Attack arg2 0x200 -> 0x100
060756DC,Pattern13_0040,exact,identical,
06075740,Pattern13_0041,exact,remap-only,case 1: Normal_Attack arg2 0x402 -> 0x202
06075780,Pattern13_0042,exact,remap-only,case 3: Normal_Attack arg2 0x402 -> 0x202
060757D0,Pattern13_0043,exact,remap-only,case 0: Jump_Attack_Term arg4 0x400 -> 0x200
06075812,Pattern13_0044,exact,identical,
06075874,Pattern13_0045,exact,remap-only,case 0: Hi_Jump_Attack_Term arg4 0x400 -> 0x200
060758B6,Pattern13_0046,exact,identical,
060758E8,Pattern13_0047,exact,identical,
0607591A,Pattern13_0048,exact,identical,
0607596C,Pattern13_0049,exact,identical,
0607599E,Pattern13_0050,exact,identical,
060759D0,Pattern13_0051,exact,identical,
06075A02,Pattern13_0052,exact,identical,
06075A40,Pattern13_0053,exact,identical,
06075A7A,Pattern13_0054,exact,identical,
06075AB4,Pattern13_0055,exact,remap-only,case 1: Lever_Attack arg3 0x110 -> 0x90
06075AF8,Pattern13_0056,exact,remap-only,case 1: Jump_Attack_Term arg4 0x400 -> 0x200; case 1: Jump_Attack_Term arg8 0x200 -> 0x100
06075B4A,Pattern13_0057,exact,identical,
06075B7C,Pattern13_0058,exact,identical,
06075BAE,Pattern13_0059,exact,identical,
06075C14,Pattern13_0060,exact,identical,
06075C46,Pattern13_0061,exact,identical,
06075C78,Pattern13_0062,exact,identical,
06075CAA,Pattern13_0063,exact,identical,
06075CFE,Pattern13_0064,exact,identical,
06075D64,Pattern13_0065,exact,identical,
06075DCA,Pattern13_0066,exact,identical,
06075E5A,Pattern13_0067,exact,identical,
06075EA2,Pattern13_0068,exact,identical,
06075EEA,Pattern13_0069,exact,remap-only,case 0: Jump_Attack_Term arg8 0x400 -> 0x200
06075F50,Pattern13_0070,exact,remap-only,case 0: Lever_Attack arg3 0x200 -> 0x100
06075F72,Pattern13_0071,exact,identical,
06075F94,Pattern13_0072,exact,remap-only,case 0: Lever_Attack arg3 0x400 -> 0x200
06075FB6,Pattern13_0073,exact,identical,
06075FD8,Pattern13_0074,exact,identical,
06076006,Pattern13_0075,exact,identical,
06076054,Pattern13_0076,exact,identical,
06076086,Pattern13_0077,exact,identical,
060760B8,Pattern13_0078,exact,identical,
060760F6,Pattern13_0079,exact,identical,
06076130,Pattern13_0080,exact,identical,
06076198,Pattern14_0000,exact,identical,
060761C0,Pattern14_0001,exact,identical,
060761DE,Pattern14_0002,exact,identical,
060761FE,Pattern14_0003,exact,identical,
0607621E,Pattern14_0004,exact,identical,
0607623E,Pattern14_0005,exact,remap-only,case 0: Normal_Attack arg2 0x100 -> 0x80
06076280,Pattern14_0006,exact,remap-only,case 0: Normal_Attack arg2 0x200 -> 0x100
060762A0,Pattern14_0007,exact,remap-only,case 0: Normal_Attack arg2 0x400 -> 0x200
060762C0,Pattern14_0008,exact,identical,
060762E0,Pattern14_0009,exact,identical,
06076300,Pattern14_0010,exact,identical,
06076320,Pattern14_0011,exact,remap-only,case 0: Normal_Attack arg2 0x102 -> 0x82
06076340,Pattern14_0012,exact,remap-only,case 0: Normal_Attack arg2 0x202 -> 0x102
06076374,Pattern14_0013,exact,remap-only,case 0: Normal_Attack arg2 0x402 -> 0x202
06076394,Pattern14_0014,exact,identical,
060763C6,Pattern14_0015,exact,identical,
060763F8,Pattern14_0016,exact,identical,
0607642A,Pattern14_0017,exact,identical,
06076488,Pattern14_0018,exact,identical,
060764BA,Pattern14_0019,exact,identical,
060764EC,Pattern14_0020,exact,identical,
0607651E,Pattern14_0021,exact,identical,
06076550,Pattern14_0022,exact,identical,
06076598,Pattern14_0023,exact,identical,
060765E0,Pattern14_0024,exact,identical,
06076600,Pattern14_0025,exact,identical,
06076632,Pattern14_0026,exact,remap-only,case 2: Jump_Command_Attack_Term arg10 0x400 -> 0x200; case 3: Normal_Attack arg2 0x202 -> 0x102
060766F4,Pattern14_0027,exact,identical,
0607674C,Pattern14_0028,exact,remap-only,case 1: Jump_Command_Attack_Term arg10 0x400 -> 0x200
060767B8,Pattern14_0029,exact,remap-only,case 1: Jump_Attack_Term arg4 0x400 -> 0x200; case 1: Jump_Attack_Term arg8 0x400 -> 0x200; case 2: Normal_Attack arg2 0x202 -> 0x102
0607685C,Pattern14_0030,exact,remap-only,case 1: Jump_Attack_Term arg4 0x400 -> 0x200; case 1: Jump_Attack_Term arg8 0x400 -> 0x200; case 2: Normal_Attack arg2 0x202 -> 0x102
060768F4,Pattern14_0031,exact,remap-only,case 1: Jump_Attack_Term arg4 0x400 -> 0x200; case 1: Jump_Attack_Term arg8 0x400 -> 0x200; case 2: Normal_Attack arg2 0x202 -> 0x102
06076998,Pattern14_0032,exact,remap-only,case 1: Jump_Attack_Term arg4 0x400 -> 0x200; case 1: Jump_Attack_Term arg8 0x400 -> 0x200; case 2: Normal_Attack arg2 0x202 -> 0x102
06076A60,Pattern14_0033,exact,remap-only,case 2: Jump_Command_Attack_Term arg10 0x400 -> 0x200; case 3: Normal_Attack arg2 0x202 -> 0x102
06076B08,Pattern14_0034,exact,identical,
06076BAA,Pattern14_0035,exact,remap-only,case 1: Hi_Jump_Attack_Term arg4 0x202 -> 0x102; case 1: Hi_Jump_Attack_Term arg8 0x400 -> 0x200; case 2: Normal_Attack arg2 0x202 -> 0x102
06076C20,Pattern14_0036,exact,remap-only,case 1: Hi_Jump_Attack_Term arg4 0x202 -> 0x102; case 1: Hi_Jump_Attack_Term arg8 0x400 -> 0x200; case 2: Normal_Attack arg2 0x202 -> 0x102
06076CE2,Pattern14_0037,exact,remap-only,case 1: Hi_Jump_Attack_Term arg4 0x202 -> 0x102; case 1: Hi_Jump_Attack_Term arg8 0x400 -> 0x200; case 2: Normal_Attack arg2 0x202 -> 0x102
06076DB4,Pattern14_0038,exact,identical,
06076DF6,Pattern14_0039,exact,identical,
06076E38,Pattern14_0040,exact,identical,
06076E7A,Pattern14_0041,exact,identical,
06076ED2,Pattern14_0042,exact,remap-only,case 1: Normal_Attack arg2 0x202 -> 0x102
06076F56,Pattern14_0043,exact,remap-only,case 1: Normal_Attack arg2 0x202 -> 0x102
06076FA6,Pattern14_0044,exact,identical,
06076FE0,Pattern14_0045,exact,identical,
0607703C,Pattern14_0046,exact,identical,
06077076,Pattern14_0047,exact,identical,
060770A8,Pattern14_0048,exact,identical,
060770DA,Pattern14_0049,exact,identical,
0607710C,Pattern14_0050,exact,identical,
06077142,Pattern14_0051,exact,identical,
060771BC,Pattern14_0052,low,not-lifted,selector
06077276,Pattern14_0053,exact,identical,
060772BC,Pattern14_0054,exact,identical,
06077302,Pattern14_0055,exact,identical,
0607736C,Pattern14_0056,exact,identical,
060773CA,Pattern14_0057,exact,identical,
06077444,Pattern14_0058,exact,remap-only,case 1: Jump_Attack_Term arg4 0x400 -> 0x200; case 1: Jump_Attack_Term arg8 0x400 -> 0x200; case 2: Normal_Attack arg2 0x220 -> 0x120; case 3: Normal_Attack arg2 0x202 -> 0x102
060774C4,Pattern14_0059,exact,remap-only,case 1: Jump_Attack_Term arg4 0x400 -> 0x200; case 1: Jump_Attack_Term arg8 0x400 -> 0x200; case 2: Normal_Attack arg2 0x220 -> 0x120; case 3: Normal_Attack arg2 0x202 -> 0x102
06077590,Pattern14_0060,exact,remap-only,case 1: Jump_Attack_Term arg4 0x400 -> 0x200; case 1: Jump_Attack_Term arg8 0x400 -> 0x200; case 2: Normal_Attack arg2 0x220 -> 0x120
06077658,Pattern14_0061,exact,remap-only,case 2: Hi_Jump_Attack_Term arg4 0x202 -> 0x102; case 2: Hi_Jump_Attack_Term arg8 0x400 -> 0x200; case 3: Normal_Attack arg2 0x202 -> 0x102
060776F4,Pattern14_0062,exact,remap-only,case 1: Jump_Attack_Term arg4 0x400 -> 0x200; case 1: Jump_Attack_Term arg8 0x400 -> 0x200; case 2: Normal_Attack arg2 0x220 -> 0x120
060777B2,Pattern14_0063,exact,remap-only,case 1: Jump_Command_Attack_Term arg10 0x400 -> 0x200; case 2: Normal_Attack arg2 0x202 -> 0x102; case 3: Normal_Attack arg2 0x220 -> 0x120; case 4: Normal_Attack arg2 0x202 -> 0x102
060778A8,Pattern14_0064,exact,remap-only,case 1: Jump_Command_Attack_Term arg10 0x400 -> 0x200; case 3: Normal_Attack arg2 0x202 -> 0x102; case 4: Normal_Attack arg2 0x220 -> 0x120; case 5: Normal_Attack arg2 0x202 -> 0x102
060779AE,Pattern14_0065,exact,remap-only,case 1: Jump_Command_Attack_Term arg10 0x400 -> 0x200; case 2: Normal_Attack arg2 0x102 -> 0x82; case 3: Normal_Attack arg2 0x102 -> 0x82
06077A50,Pattern14_0066,exact,remap-only,case 1: Jump_Command_Attack_Term arg10 0x400 -> 0x200
06077B04,Pattern14_0067,exact,identical,
06077B7A,Pattern14_0068,exact,identical,
06077BD8,Pattern14_0069,exact,identical,
06077C22,Pattern14_0070,exact,identical,
06077C6C,Pattern14_0071,exact,identical,
06077CB6,Pattern14_0072,exact,identical,
06077D14,Pattern14_0073,exact,identical,
06077D50,Pattern14_0074,exact,identical,
06077D8C,Pattern14_0075,exact,identical,
06077DAC,Pattern14_0076,exact,remap-only,case 0: Normal_Attack arg2 0x102 -> 0x82; case 1: Normal_Attack arg2 0x202 -> 0x102
06077E24,Pattern14_0077,exact,remap-only,case 1: Normal_Attack arg2 0x102 -> 0x82; case 2: Normal_Attack arg2 0x202 -> 0x102
06077E68,Pattern14_0078,exact,remap-only,case 0: Normal_Attack arg2 0x102 -> 0x82; case 1: Normal_Attack arg2 0x202 -> 0x102; case 2: Normal_Attack arg2 0x200 -> 0x100
06077ED8,Pattern14_0079,exact,remap-only,case 0: Normal_Attack arg2 0x102 -> 0x82; case 1: Normal_Attack arg2 0x102 -> 0x82; case 3: Normal_Attack arg2 0x102 -> 0x82; case 4: Normal_Attack arg2 0x202 -> 0x102
06077F3A,Pattern14_0080,exact,remap-only,case 0: Normal_Attack arg2 0x102 -> 0x82; case 1: Normal_Attack arg2 0x400 -> 0x200
06077F66,Pattern14_0081,exact,remap-only,case 0: Normal_Attack arg2 0x102 -> 0x82; case 1: Normal_Attack arg2 0x202 -> 0x102
06077FC4,Pattern14_0082,exact,remap-only,case 1: Normal_Attack arg2 0x102 -> 0x82
06077FF0,Pattern14_0083,exact,remap-only,case 0: Normal_Attack arg2 0x102 -> 0x82; case 2: Normal_Attack arg2 0x102 -> 0x82; case 4: Normal_Attack arg2 0x102 -> 0x82; case 5: Normal_Attack arg2 0x400 -> 0x200
06078078,Pattern14_0084,exact,remap-only,case 0: Normal_Attack arg2 0x102 -> 0x82; case 1: Normal_Attack arg2 0x220 -> 0x120; case 2: Normal_Attack arg2 0x102 -> 0x82; case 4: Normal_Attack arg2 0x102 -> 0x82; case 6: Normal_Attack arg2 0x102 -> 0x82; case 7: Normal_Attack arg2 0x400 -> 0x200
06078106,Pattern14_0085,exact,remap-only,case 0: Normal_Attack arg2 0x220 -> 0x120; case 1: Normal_Attack arg2 0x102 -> 0x82; case 2: Normal_Attack arg2 0x202 -> 0x102
0607816E,Pattern14_0086,exact,remap-only,case 1: Normal_Attack arg2 0x220 -> 0x120; case 2: Normal_Attack arg2 0x102 -> 0x82; case 3: Normal_Attack arg2 0x202 -> 0x102
060781BC,Pattern14_0087,exact,remap-only,case 0: Normal_Attack arg2 0x220 -> 0x120; case 1: Normal_Attack arg2 0x102 -> 0x82; case 3: Normal_Attack arg2 0x102 -> 0x82; case 4: Normal_Attack arg2 0x102 -> 0x82; case 7: Normal_Attack arg2 0x402 -> 0x202
06078268,Pattern14_0088,exact,remap-only,case 0: Normal_Attack arg2 0x102 -> 0x82; case 3: Lever_Attack arg3 0x110 -> 0x90
060782C6,Pattern14_0089,exact,remap-only,case 0: Normal_Attack arg2 0x100 -> 0x80; case 3: Lever_Attack arg3 0x110 -> 0x90
0607834C,Pattern14_0090,exact,remap-only,case 0: Normal_Attack arg2 0x100 -> 0x80; case 2: Normal_Attack arg2 0x102 -> 0x82; case 5: Lever_Attack arg3 0x110 -> 0x90
060783CE,Pattern14_0091,exact,remap-only,case 0: Normal_Attack arg2 0x100 -> 0x80; case 2: Normal_Attack arg2 0x102 -> 0x82; case 4: Normal_Attack arg2 0x102 -> 0x82; case 7: Lever_Attack arg3 0x110 -> 0x90
06078496,Pattern14_0092,exact,remap-only,case 1: Jump_Attack_Term arg4 0x202 -> 0x102
06078500,Pattern14_0093,exact,remap-only,case 1: Jump_Attack_Term arg4 0x202 -> 0x102
06078598,Pattern14_0094,exact,remap-only,case 1: Jump_Attack_Term arg4 0x202 -> 0x102
06078602,Pattern14_0095,exact,remap-only,case 1: Jump_Attack_Term arg4 0x202 -> 0x102
06078688,Pattern14_0096,exact,identical,
060786D8,Pattern14_0097,exact,identical,
06078728,Pattern14_0098,exact,identical,
06078778,Pattern14_0099,exact,identical,
060787C8,Pattern14_0100,exact,remap-only,case 1: Jump_Command_Attack_Term arg10 0x400 -> 0x200
0607884E,Pattern14_0101,exact,remap-only,case 1: Jump_Command_Attack_Term arg10 0x400 -> 0x200
060788C4,Pattern14_0102,exact,remap-only,case 1: Jump_Command_Attack_Term arg10 0x400 -> 0x200
0607895C,Pattern14_0103,exact,remap-only,case 1: Jump_Command_Attack_Term arg10 0x400 -> 0x200
060789D2,Pattern14_0104,exact,identical,
06078A0C,Pattern14_0105,exact,identical,
06078A66,Pattern14_0106,exact,identical,
06078AA0,Pattern14_0107,exact,identical,
06078ADA,Pattern14_0108,exact,remap-only,case 2: Jump_Attack_Term arg4 0x202 -> 0x102
06078B7E,Pattern14_0109,exact,remap-only,case 2: Jump_Attack_Term arg4 0x202 -> 0x102
06078C02,Pattern14_0110,exact,remap-only,case 2: Jump_Attack_Term arg4 0x202 -> 0x102
06078CA4,Pattern14_0111,exact,remap-only,case 2: Jump_Attack_Term arg4 0x202 -> 0x102
06078D28,Pattern14_0112,exact,identical,
06078D5A,Pattern14_0113,exact,identical,
06078DF0,Pattern14_0114,exact,identical,
06078E9C,Pattern14_0115,exact,identical,
06078F26,Pattern14_0116,exact,identical,
06078FD0,Pattern14_0117,exact,identical,
06079058,Pattern14_0118,exact,identical,
060790F2,Pattern14_0119,exact,identical,
0607916A,Pattern14_0120,exact,identical,
060791BC,Pattern14_0121,exact,identical,
06079204,Pattern14_0122,exact,identical,
0607924C,Pattern14_0123,exact,identical,
06079294,Pattern14_0124,exact,identical,
060792DC,Pattern14_0125,exact,identical,
06079316,Pattern14_0126,exact,identical,
06079350,Pattern14_0127,exact,identical,
0607938A,Pattern14_0128,exact,identical,
060793F0,Pattern14_0129,exact,identical,
06079444,Pattern14_0130,exact,identical,
0607947E,Pattern14_0131,exact,identical,
060794D0,Pattern14_0132,exact,remap-only,case 1: Normal_Attack arg2 0x202 -> 0x102
060794FC,Pattern14_0133,exact,remap-only,case 1: Normal_Attack arg2 0x402 -> 0x202
06079528,Pattern14_0134,exact,remap-only,case 1: Normal_Attack arg2 0x200 -> 0x100
06079554,Pattern14_0135,exact,remap-only,case 1: Normal_Attack arg2 0x400 -> 0x200
06079580,Pattern14_0136,exact,identical,
060795E0,Pattern14_0137,exact,remap-only,case 0: Normal_Attack arg2 0x200 -> 0x100; case 1: Normal_Attack arg2 0x202 -> 0x102
06079668,Pattern14_0138,exact,remap-only,case 0: Normal_Attack arg2 0x202 -> 0x102; case 1: Normal_Attack arg2 0x202 -> 0x102
06079712,Pattern14_0139,exact,remap-only,case 0: Normal_Attack arg2 0x200 -> 0x100; case 1: Normal_Attack arg2 0x202 -> 0x102
060797A8,Pattern14_0140,exact,remap-only,case 0: Normal_Attack arg2 0x200 -> 0x100; case 1: Normal_Attack arg2 0x200 -> 0x100
06079818,Pattern14_0141,exact,identical,
06079854,Pattern14_0142,exact,remap-only,case 2: Jump_Attack_Term arg4 0x202 -> 0x102
060798FA,Pattern14_0143,exact,remap-only,case 1: Jump_Attack_Term arg4 0x202 -> 0x102
06079966,Pattern14_0144,exact,identical,
060799C0,Pattern14_0145,exact,remap-only,case 2: Jump_Attack_Term arg4 0x202 -> 0x102
06079A38,Pattern14_0146,exact,remap-only,case 2: Jump_Attack_Term arg4 0x202 -> 0x102
06079AD0,Pattern14_0147,exact,remap-only,case 2: Jump_Attack_Term arg4 0x202 -> 0x102
06079B48,Pattern14_0148,exact,remap-only,case 2: Jump_Attack_Term arg4 0x202 -> 0x102
06079BE0,Pattern14_0149,exact,identical,
06079C28,Pattern14_0150,exact,identical,
0607D720,Pattern15_0000,exact,identical,
0607D748,Pattern15_0001,exact,identical,
0607D770,Pattern15_0002,exact,identical,
0607D7A6,Pattern15_0003,exact,remap-only,case 1: Normal_Attack arg2 0x200 -> 0x100
0607D7D2,Pattern15_0004,events,identical,
0607D830,Pattern15_0005,exact,identical,
0607D876,Pattern15_0006,exact,identical,
0607D894,Pattern15_0007,events,identical,
0607D8E0,Pattern15_0008,exact,remap-only,case 0: Normal_Attack arg2 0x200 -> 0x100
0607D928,Pattern15_0009,exact,identical,
0607D95E,Pattern15_0010,exact,remap-only,case 0: Normal_Attack arg2 0x402 -> 0x202
0607D97E,Pattern15_0011,exact,remap-only,case 0: Normal_Attack arg2 0x202 -> 0x102
0607D99E,Pattern15_0012,exact,identical,
0607D9BE,Pattern15_0013,exact,identical,
0607D9DE,Pattern15_0014,exact,identical,
0607DA48,Pattern15_0015,exact,identical,
0607DA6A,Pattern15_0016,exact,identical,
0607DA9A,Pattern15_0017,events,identical,
0607DACC,Pattern15_0018,exact,remap-only,case 0: Jump_Attack arg3 0x202 -> 0x102
0607DAFE,Pattern15_0019,exact,remap-only,case 0: Lever_Attack arg3 0x400 -> 0x200
0607DB40,Pattern15_0020,events,remap-only,case 1: Jump_Attack arg3 0x202 -> 0x102
0607DB88,Pattern15_0021,exact,remap-only,case 0: Jump_Attack_Term arg4 0x400 -> 0x200; case 0: Jump_Attack_Term arg8 0x200 -> 0x100
0607DBCA,Pattern15_0022,exact,identical,
0607DBFC,Pattern15_0023,exact,identical,
0607DC1C,Pattern15_0024,exact,identical,
0607DC64,Pattern15_0025,exact,identical,
0607DC94,Pattern15_0026,events,identical,
0607DCD2,Pattern15_0027,exact,identical,
0607DCF0,Pattern15_0028,exact,identical,
0607DD10,Pattern15_0029,exact,remap-only,case 0: Adjust_Attack arg2 0x100 -> 0x80; case 1: Adjust_Attack arg2 0x200 -> 0x100; case 2: Adjust_Attack arg2 0x400 -> 0x200
0607DD82,Pattern15_0030,exact,remap-only,case 0: Adjust_Attack arg2 0x100 -> 0x80; case 1: Adjust_Attack arg2 0x402 -> 0x202
0607DDAE,Pattern15_0031,exact,remap-only,case 0: Jump_Attack_Term arg4 0x200 -> 0x100; case 0: Jump_Attack_Term arg8 0x200 -> 0x100; case 1: Normal_Attack arg2 0x200 -> 0x100
0607DE02,Pattern15_0032,exact,identical,
0607DE42,Pattern15_0033,exact,remap-only,case 0: Adjust_Attack arg2 0x100 -> 0x80
0607DEAA,Pattern15_0034,exact,remap-only,case 0: Adjust_Attack arg2 0x102 -> 0x82; case 1: Adjust_Attack arg2 0x102 -> 0x82; case 2: Adjust_Attack arg2 0x200 -> 0x100
0607DEE8,Pattern15_0035,exact,identical,
0607DF08,Pattern15_0036,exact,identical,
0607DF28,Pattern15_0037,events,identical,
0607DF84,Pattern15_0038,exact,remap-only,case 1: Normal_Attack arg2 0x202 -> 0x102
0607DFBE,Pattern15_0039,events,identical,
0607E006,Pattern15_0040,events,remap-only,case 0: Normal_Attack arg2 0x202 -> 0x102
0607E046,Pattern15_0041,events,identical,
0607E0A2,Pattern15_0042,exact,remap-only,case 2: Normal_Attack arg2 0x402 -> 0x202
0607E0E2,Pattern15_0043,exact,identical,
0607E17C,Pattern15_0044,exact,identical,
0607E1CE,Pattern15_0045,exact,identical,
0607E23A,Pattern15_0046,events,identical,
0607E26C,Pattern15_0047,events,identical,
0607E29E,Pattern15_0048,events,identical,
0607E2D0,Pattern15_0049,events,identical,
0607E302,Pattern15_0050,events,identical,
0607E334,Pattern15_0051,events,identical,
0607E38C,Pattern15_0052,exact,identical,
0607E3DA,Pattern15_0053,events,identical,
0607E422,Pattern15_0054,events,identical,
0607E4A8,Pattern15_0055,exact,identical,
0607E4D0,Pattern15_0056,exact,remap-only,case 0: Command_Attack arg4 0x700 -> 0x380
0607E502,Pattern15_0057,events,identical,
0607E534,Pattern15_0058,events,identical,
0607E566,Pattern15_0059,events,identical,
0607E5B0,Pattern15_0060,exact,identical,
0607E5E2,Pattern15_0061,exact,remap-only,case 1: Command_Attack arg4 0x700 -> 0x380
0607E622,Pattern15_0062,exact,remap-only,case 0: Lever_Attack arg3 0x110 -> 0x90
0607E644,Pattern15_0063,exact,remap-only,case 0: Lever_Attack arg3 0x110 -> 0x90
0607E666,Pattern15_0064,events,identical,
0607E6B0,Pattern15_0065,events,remap-only,case 0: Rapid_Command_Attack arg3 0x100 -> 0x80
0607E6E2,Pattern15_0066,events,remap-only,case 0: Rapid_Command_Attack arg3 0x400 -> 0x200
0607E714,Pattern15_0067,events,remap-only,case 0: Normal_Attack_SP arg2 0x200 -> 0x100
0607E736,Pattern15_0068,events,remap-only,case 0: Rapid_Command_Attack arg3 0x100 -> 0x80
0607E798,Pattern16_0000,exact,identical,
0607E7C0,Pattern16_0001,exact,identical,
0607E7E4,Pattern16_0002,events,identical,
0607E824,Pattern16_0003,exact,remap-only,case 0: Adjust_Attack arg2 0x100 -> 0x80; case 1: Normal_Attack arg2 0x200 -> 0x100
0607E850,Pattern16_0004,events,identical,
0607E8AE,Pattern16_0005,exact,identical,
0607E8F6,Pattern16_0006,exact,identical,
0607E914,Pattern16_0007,events,identical,
0607E960,Pattern16_0008,exact,remap-only,case 0: Normal_Attack arg2 0x200 -> 0x100
0607E9A8,Pattern16_0009,exact,identical,
0607E9DE,Pattern16_0010,exact,remap-only,case 0: Normal_Attack arg2 0x402 -> 0x202
0607E9FE,Pattern16_0011,exact,remap-only,case 0: Normal_Attack arg2 0x202 -> 0x102
0607EA1E,Pattern16_0012,exact,identical,
0607EA3E,Pattern16_0013,exact,remap-only,case 0: Lever_Attack arg3 0x200 -> 0x100
0607EA60,Pattern16_0014,exact,identical,
0607EAC6,Pattern16_0015,exact,identical,
0607EAE8,Pattern16_0016,exact,identical,
0607EB0A,Pattern16_0017,events,identical,
0607EB3C,Pattern16_0018,events,remap-only,case 0: Jump_Command_Attack_Term arg10 0x400 -> 0x200
0607EB84,Pattern16_0019,exact,remap-only,case 0: Lever_Attack arg3 0x400 -> 0x200
0607EBCC,Pattern16_0020,exact,identical,
0607EC10,Pattern16_0021,exact,remap-only,case 0: Jump_Attack_Term arg4 0x400 -> 0x200; case 0: Jump_Attack_Term arg8 0x200 -> 0x100
0607EC52,Pattern16_0022,exact,identical,
0607EC84,Pattern16_0023,exact,identical,
0607ECA4,Pattern16_0024,exact,identical,
0607ECEC,Pattern16_0025,exact,identical,
0607ED0E,Pattern16_0026,events,identical,
0607ED4C,Pattern16_0027,exact,identical,
0607ED6A,Pattern16_0028,exact,identical,
0607ED8A,Pattern16_0029,exact,remap-only,case 0: Adjust_Attack arg2 0x100 -> 0x80; case 1: Adjust_Attack arg2 0x200 -> 0x100; case 2: Lever_Attack arg3 0x400 -> 0x200
0607EDF0,Pattern16_0030,exact,remap-only,case 0: Adjust_Attack arg2 0x100 -> 0x80
0607EE1C,Pattern16_0031,exact,remap-only,case 0: Jump_Attack_Term arg4 0x200 -> 0x100; case 0: Jump_Attack_Term arg8 0x200 -> 0x100; case 1: Normal_Attack arg2 0x200 -> 0x100
0607EE70,Pattern16_0032,events,identical,
0607EEB0,Pattern16_0033,events,identical,
0607EF12,Pattern16_0034,exact,remap-only,case 0: Adjust_Attack arg2 0x102 -> 0x82; case 1: Adjust_Attack arg2 0x102 -> 0x82; case 2: Adjust_Attack arg2 0x200 -> 0x100
0607EF50,Pattern16_0035,exact,identical,
0607EF70,Pattern16_0036,exact,identical,
0607EF90,Pattern16_0037,events,identical,
0607EFF0,Pattern16_0038,exact,remap-only,case 1: Normal_Attack arg2 0x202 -> 0x102
0607F02A,Pattern16_0039,events,identical,
0607F080,Pattern16_0040,events,remap-only,case 0: Normal_Attack arg2 0x202 -> 0x102
0607F0C0,Pattern16_0041,events,identical,
0607F11C,Pattern16_0042,exact,identical,
0607F158,Pattern16_0043,exact,identical,
0607F1D2,Pattern16_0044,exact,identical,
0607F224,Pattern16_0045,exact,identical,
0607F290,Pattern16_0046,events,identical,
0607F2E4,Pattern16_0047,exact,identical,
0607F348,Pattern16_0048,events,identical,
0607F388,Pattern16_0049,events,identical,
0607F3BA,Pattern16_0050,events,identical,
0607F3EC,Pattern16_0051,events,identical,
0607F41E,Pattern16_0052,events,identical,
0607F492,Pattern16_0053,events,identical,
0607F54C,Pattern16_0054,events,identical,
0607F594,Pattern16_0055,exact,identical,
0607F5BC,Pattern16_0056,events,identical,
0607F5EE,Pattern16_0057,events,identical,
0607F620,Pattern16_0058,events,identical,
0607F652,Pattern16_0059,exact,remap-only,case 0: Command_Attack arg4 0x700 -> 0x380
0607F6A2,Pattern16_0060,exact,identical,
0607F6D4,Pattern16_0061,exact,remap-only,case 0: Jump_Command_Attack_Term arg4 0x700 -> 0x380; case 0: Jump_Command_Attack_Term arg10 0x400 -> 0x200
0607F71E,Pattern16_0062,exact,remap-only,case 0: Lever_Attack arg3 0x110 -> 0x90
0607F740,Pattern16_0063,exact,remap-only,case 0: Lever_Attack arg3 0x110 -> 0x90
0607F762,Pattern16_0064,exact,identical,
0607F7BC,Pattern16_0065,exact,identical,
0607F7F2,Pattern16_0066,exact,identical,
0607F826,Pattern16_0067,exact,remap-only,case 0: Normal_Attack arg2 0x110 -> 0x90
0607F846,Pattern16_0068,events,identical,
0607F878,Pattern16_0069,exact,identical,
0607F8CC,Pattern17_0000,exact,identical,
0607F8F4,Pattern17_0001,exact,identical,
0607F918,Pattern17_0002,exact,identical,
0607F958,Pattern17_0003,exact,remap-only,case 1: Normal_Attack arg2 0x200 -> 0x100
0607F984,Pattern17_0004,exact,identical,
0607F9E2,Pattern17_0005,exact,identical,
0607FA28,Pattern17_0006,exact,identical,
0607FA46,Pattern17_0007,exact,identical,
0607FA92,Pattern17_0008,exact,remap-only,case 0: Normal_Attack arg2 0x200 -> 0x100
0607FAD8,Pattern17_0009,exact,identical,
0607FB0E,Pattern17_0010,exact,remap-only,case 0: Normal_Attack arg2 0x402 -> 0x202
0607FB2E,Pattern17_0011,exact,remap-only,case 0: Normal_Attack arg2 0x202 -> 0x102
0607FB4E,Pattern17_0012,exact,identical,
0607FB6E,Pattern17_0013,exact,identical,
0607FB8E,Pattern17_0014,exact,identical,
0607FBF8,Pattern17_0015,exact,identical,
0607FC1A,Pattern17_0016,exact,identical,
0607FC3C,Pattern17_0017,exact,identical,
0607FC6E,Pattern17_0018,exact,remap-only,case 0: Jump_Attack arg3 0x402 -> 0x202
0607FCA0,Pattern17_0019,exact,remap-only,case 0: Lever_Attack arg3 0x400 -> 0x200
0607FCC2,Pattern17_0020,exact,identical,
0607FD28,Pattern17_0021,exact,remap-only,case 0: Jump_Attack_Term arg4 0x200 -> 0x100; case 0: Jump_Attack_Term arg8 0x200 -> 0x100
0607FD6A,Pattern17_0022,exact,identical,
0607FD9C,Pattern17_0023,exact,identical,
0607FDBC,Pattern17_0024,exact,identical,
0607FDDE,Pattern17_0025,exact,identical,
0607FE24,Pattern17_0026,exact,identical,
0607FE62,Pattern17_0027,exact,identical,
0607FE80,Pattern17_0028,exact,identical,
0607FEA0,Pattern17_0029,exact,remap-only,case 0: Adjust_Attack arg2 0x100 -> 0x80; case 1: Adjust_Attack arg2 0x200 -> 0x100; case 2: Adjust_Attack arg2 0x400 -> 0x200
0607FEE4,Pattern17_0030,exact,remap-only,case 0: Adjust_Attack arg2 0x100 -> 0x80; case 1: Adjust_Attack arg2 0x402 -> 0x202
0607FF34,Pattern17_0031,exact,remap-only,case 0: Jump_Attack_Term arg8 0x200 -> 0x100; case 1: Normal_Attack arg2 0x200 -> 0x100
0607FF84,Pattern17_0032,exact,identical,
0607FFC4,Pattern17_0033,exact,identical,
06080024,Pattern17_0034,exact,remap-only,case 0: Adjust_Attack arg2 0x102 -> 0x82; case 1: Adjust_Attack arg2 0x102 -> 0x82; case 2: Adjust_Attack arg2 0x200 -> 0x100
06080062,Pattern17_0035,exact,identical,
06080082,Pattern17_0036,exact,identical,
060800A2,Pattern17_0037,exact,remap-only,case 1: Normal_Attack arg2 0x400 -> 0x200
060800E2,Pattern17_0038,exact,remap-only,case 1: Normal_Attack arg2 0x202 -> 0x102
06080138,Pattern17_0039,exact,identical,
06080184,Pattern17_0040,exact,remap-only,case 0: Normal_Attack arg2 0x202 -> 0x102
060801C4,Pattern17_0041,exact,identical,
06080208,Pattern17_0042,exact,remap-only,case 2: Normal_Attack arg2 0x402 -> 0x202
06080244,Pattern17_0043,exact,identical,
060802D8,Pattern17_0044,exact,identical,
0608032A,Pattern17_0045,exact,identical,
06080396,Pattern17_0046,exact,identical,
060803C8,Pattern17_0047,exact,identical,
060803FA,Pattern17_0048,exact,identical,
0608042C,Pattern17_0049,exact,identical,
0608045E,Pattern17_0050,exact,identical,
06080490,Pattern17_0051,exact,identical,
060804EC,Pattern17_0052,exact,identical,
0608054E,Pattern17_0053,exact,identical,
060805DC,Pattern17_0054,exact,identical,
06080624,Pattern17_0055,exact,identical,
0608064C,Pattern17_0056,exact,identical,
0608067E,Pattern17_0057,exact,identical,
060806B0,Pattern17_0058,exact,identical,
06080708,Pattern17_0059,exact,remap-only,case 0: Command_Attack arg4 0x700 -> 0x380
0608073A,Pattern17_0060,exact,identical,
0608076C,Pattern17_0061,exact,remap-only,case 0: Command_Attack arg4 0x700 -> 0x380
0608079E,Pattern17_0062,exact,remap-only,case 0: Lever_Attack arg3 0x110 -> 0x90
060807C0,Pattern17_0063,exact,remap-only,case 0: Lever_Attack arg3 0x110 -> 0x90
060807E2,Pattern17_0064,exact,remap-only,case 0: Normal_Attack arg2 0x110 -> 0x90
0608081C,Pattern17_0065,exact,identical,
0608083E,Pattern17_0066,exact,identical,
0608087E,Pattern17_0067,exact,identical,
060808B0,Pattern17_0068,exact,identical,
06080908,Pattern17_0069,exact,identical,
06080952,Pattern17_0070,exact,identical,
060809B4,Pattern17_0071,exact,identical,
06080A24,Pattern17_0072,exact,identical,
06080A8C,Pattern17_0073,exact,identical,
06080B4E,Pattern17_0074,exact,identical,
06080BCE,Pattern17_0075,exact,remap-only,case 1: Hi_Jump_Attack_Term arg8 0x200 -> 0x100
06080C82,Pattern17_0076,exact,identical,
06080CD4,Pattern17_0077,exact,remap-only,case 1: Normal_Attack arg2 0x102 -> 0x82; case 2: Normal_Attack arg2 0x202 -> 0x102
06080D48,Pattern17_0078,exact,remap-only,case 2: Lever_Attack arg3 0x402 -> 0x202
06080DA2,Pattern17_0079,exact,remap-only,case 1: Hi_Jump_Attack_Term arg4 0x400 -> 0x200; case 1: Hi_Jump_Attack_Term arg8 0x200 -> 0x100; case 3: Lever_Attack arg3 0x402 -> 0x202
06080E50,Pattern17_0080,exact,identical,
06080EA2,Pattern17_0081,exact,remap-only,case 1: Normal_Attack arg2 0x102 -> 0x82; case 2: Normal_Attack arg2 0x202 -> 0x102
06080F14,Pattern17_0082,exact,remap-only,case 1: Hi_Jump_Attack_Term arg4 0x400 -> 0x200; case 1: Hi_Jump_Attack_Term arg8 0x200 -> 0x100
06080FE0,Pattern18_0000,exact,identical,
06081008,Pattern18_0001,exact,identical,
0608102C,Pattern18_0002,exact,remap-only,case 0: Jump_Command_Attack_Term arg10 0x400 -> 0x200
06081076,Pattern18_0003,exact,remap-only,case 1: Normal_Attack arg2 0x200 -> 0x100
060810A2,Pattern18_0004,exact,identical,
06081102,Pattern18_0005,exact,identical,
06081148,Pattern18_0006,exact,identical,
06081166,Pattern18_0007,exact,identical,
060811B2,Pattern18_0008,exact,remap-only,case 0: Normal_Attack arg2 0x200 -> 0x100
060811F8,Pattern18_0009,exact,identical,
0608122E,Pattern18_0010,exact,remap-only,case 0: Normal_Attack arg2 0x402 -> 0x202
0608124E,Pattern18_0011,exact,remap-only,case 0: Normal_Attack arg2 0x202 -> 0x102
0608126E,Pattern18_0012,exact,identical,
0608128E,Pattern18_0013,exact,identical,
060812AE,Pattern18_0014,exact,identical,
06081318,Pattern18_0015,exact,identical,
0608133A,Pattern18_0016,exact,identical,
0608135C,Pattern18_0017,exact,identical,
0608138E,Pattern18_0018,exact,remap-only,case 0: Jump_Command_Attack_Term arg10 0x400 -> 0x200
060813D8,Pattern18_0019,medium,different,case 0: Normal_Attack -> Lever_Attack
06081418,Pattern18_0020,exact,identical,
06081464,Pattern18_0021,exact,remap-only,case 0: Jump_Attack_Term arg4 0x400 -> 0x200; case 0: Jump_Attack_Term arg8 0x200 -> 0x100
060814A6,Pattern18_0022,exact,remap-only,case 0: Jump_Attack arg3 0x400 -> 0x200
060814D8,Pattern18_0023,exact,identical,
060814F8,Pattern18_0024,exact,identical,
06081544,Pattern18_0025,exact,identical,
06081566,Pattern18_0026,exact,identical,
060815A4,Pattern18_0027,exact,identical,
060815C2,Pattern18_0028,exact,identical,
060815E2,Pattern18_0029,exact,remap-only,case 0: Adjust_Attack arg2 0x100 -> 0x80; case 1: Adjust_Attack arg2 0x200 -> 0x100; case 2: Adjust_Attack arg2 0x400 -> 0x200
06081650,Pattern18_0030,exact,remap-only,case 0: Adjust_Attack arg2 0x100 -> 0x80; case 1: Adjust_Attack arg2 0x402 -> 0x202
0608167C,Pattern18_0031,exact,remap-only,case 0: Jump_Attack_Term arg4 0x400 -> 0x200; case 0: Jump_Attack_Term arg8 0x200 -> 0x100; case 1: Normal_Attack arg2 0x200 -> 0x100
060816CC,Pattern18_0032,exact,identical,
0608170C,Pattern18_0033,exact,identical,
06081778,Pattern18_0034,exact,remap-only,case 0: Adjust_Attack arg2 0x102 -> 0x82; case 1: Adjust_Attack arg2 0x102 -> 0x82; case 2: Adjust_Attack arg2 0x200 -> 0x100
060817B6,Pattern18_0035,exact,identical,
060817D6,Pattern18_0036,exact,identical,
060817F6,Pattern18_0037,exact,remap-only,case 1: Normal_Attack arg2 0x400 -> 0x200
06081836,Pattern18_0038,exact,identical,
06081880,Pattern18_0039,exact,identical,
060818C4,Pattern18_0040,exact,identical,
06081908,Pattern18_0041,exact,identical,
06081948,Pattern18_0042,exact,remap-only,case 2: Normal_Attack arg2 0x402 -> 0x202
060819A0,Pattern18_0043,exact,identical,
06081A1A,Pattern18_0044,exact,identical,
06081A84,Pattern18_0045,exact,identical,
06081AF0,Pattern18_0046,exact,identical,
06081B22,Pattern18_0047,exact,identical,
06081B6A,Pattern18_0048,exact,identical,
06081B9C,Pattern18_0049,exact,identical,
06081BE4,Pattern18_0050,exact,identical,
06081C2C,Pattern18_0051,exact,identical,
06081C74,Pattern18_0052,exact,identical,
06081CFE,Pattern18_0053,exact,identical,
06081D4A,Pattern18_0054,exact,identical,
06081D96,Pattern18_0055,exact,identical,
06081DBE,Pattern18_0056,exact,identical,
06081DF0,Pattern18_0057,exact,identical,
06081E22,Pattern18_0058,exact,identical,
06081E58,Pattern18_0059,exact,identical,
06081E8E,Pattern18_0060,exact,identical,
06081EC0,Pattern18_0061,exact,remap-only,case 0: Jump_Command_Attack_Term arg4 0x700 -> 0x380; case 0: Jump_Command_Attack_Term arg10 0x400 -> 0x200
06081F24,Pattern18_0062,exact,remap-only,case 0: Lever_Attack arg3 0x110 -> 0x90
06081F46,Pattern18_0063,exact,remap-only,case 0: Lever_Attack arg3 0x110 -> 0x90
06081F68,Pattern18_0064,exact,remap-only,case 0: Normal_Attack arg2 0x110 -> 0x90
06081F88,Pattern18_0065,exact,identical,
06081FBA,Pattern18_0066,exact,identical,
06082010,Pattern18_0067,exact,identical,
06082042,Pattern18_0068,exact,identical,
0608208C,Pattern18_0069,exact,identical,
060820CC,Pattern18_0070,exact,identical,
0608210C,Pattern18_0071,exact,identical,
0608212A,Pattern18_0072,exact,identical,
0608215C,Pattern18_0073,exact,identical,
0608218E,Pattern18_0074,exact,identical,
060821C0,Pattern18_0075,exact,identical,
060821E0,Pattern18_0076,exact,identical,
06082202,Pattern18_0077,exact,identical,
06082248,Pattern18_0078,exact,remap-only,case 0: Normal_Attack arg2 0x100 -> 0x80
06082268,Pattern18_0079,exact,remap-only,case 0: Normal_Attack arg2 0x102 -> 0x82
06082288,Pattern18_0080,exact,identical,
060822C2,Pattern18_0081,exact,remap-only,case 0: Jump_Command_Attack_Term arg10 0x400 -> 0x200
0608230C,Pattern18_0082,exact,remap-only,case 0: Jump_Command_Attack_Term arg10 0x400 -> 0x200
06082374,Pattern18_0083,exact,remap-only,case 0: Jump_Command_Attack_Term arg10 0x400 -> 0x200
060823BE,Pattern18_0084,exact,identical,
060823F8,Pattern18_0085,exact,remap-only,case 0: Jump_Command_Attack_Term arg10 0x400 -> 0x200
06082442,Pattern18_0086,exact,remap-only,case 0: Jump_Command_Attack_Term arg10 0x400 -> 0x200
060824A4,Pattern18_0087,exact,remap-only,case 0: Jump_Command_Attack_Term arg10 0x400 -> 0x200
060824EE,Pattern18_0088,exact,identical,
06082528,Pattern18_0089,exact,remap-only,case 0: Jump_Command_Attack_Term arg10 0x400 -> 0x200
06082572,Pattern18_0090,exact,remap-only,case 0: Jump_Command_Attack_Term arg10 0x400 -> 0x200
060825D4,Pattern18_0091,exact,remap-only,case 0: Jump_Command_Attack_Term arg10 0x400 -> 0x200
0608261E,Pattern18_0092,exact,remap-only,case 0: Normal_Attack arg2 0x100 -> 0x80
0608265E,Pattern18_0093,exact,remap-only,case 0: Normal_Attack arg2 0x200 -> 0x100
0608269E,Pattern18_0094,exact,identical,
060826FE,Pattern18_0095,exact,identical,
0608273E,Pattern18_0096,exact,identical,
0608277E,Pattern18_0097,exact,identical,
060827BE,Pattern18_0098,exact,remap-only,case 0: Normal_Attack arg2 0x100 -> 0x80
06082810,Pattern18_0099,exact,identical,
06082850,Pattern18_0100,exact,identical,
06082890,Pattern18_0101,exact,identical,
060828D0,Pattern18_0102,exact,remap-only,case 0: Normal_Attack arg2 0x102 -> 0x82; case 2: Normal_Attack arg2 0x402 -> 0x202
06082928,Pattern18_0103,exact,identical,
06082978,Pattern18_0104,exact,identical,
060829D6,Pattern18_0105,exact,identical,
06082A34,Pattern18_0106,exact,identical,
06082A6E,Pattern18_0107,exact,identical,
06082AB6,Pattern18_0108,exact,identical,
06082B3C,Pattern19_0000,exact,identical,
06082B64,Pattern19_0001,exact,identical,
06082B88,Pattern19_0002,exact,identical,
06082BBA,Pattern19_0003,exact,remap-only,case 1: Normal_Attack arg2 0x200 -> 0x100
06082BE6,Pattern19_0004,exact,identical,
06082C40,Pattern19_0005,exact,identical,
06082C86,Pattern19_0006,exact,identical,
06082CA4,Pattern19_0007,exact,identical,
06082CF0,Pattern19_0008,exact,remap-only,case 0: Normal_Attack arg2 0x200 -> 0x100
06082D10,Pattern19_0009,exact,identical,
06082D6C,Pattern19_0010,exact,remap-only,case 0: Normal_Attack arg2 0x402 -> 0x202
06082D8C,Pattern19_0011,exact,remap-only,case 0: Normal_Attack arg2 0x202 -> 0x102
06082DAC,Pattern19_0012,exact,identical,
06082DCC,Pattern19_0013,exact,remap-only,case 0: Lever_Attack arg3 0x200 -> 0x100
06082DEE,Pattern19_0014,exact,identical,
06082E30,Pattern19_0015,exact,identical,
06082E80,Pattern19_0016,exact,identical,
06082EA2,Pattern19_0017,exact,identical,
06082ED4,Pattern19_0018,exact,remap-only,case 0: Jump_Attack arg3 0x400 -> 0x200
06082F06,Pattern19_0019,exact,remap-only,case 0: Lever_Attack arg3 0x400 -> 0x200
06082F28,Pattern19_0020,exact,remap-only,case 0: Normal_Attack arg2 0x402 -> 0x202
06082F88,Pattern19_0021,exact,remap-only,case 0: Jump_Attack_Term arg4 0x400 -> 0x200; case 0: Jump_Attack_Term arg8 0x200 -> 0x100
06082FCA,Pattern19_0022,exact,identical,
06082FFC,Pattern19_0023,exact,identical,
0608301C,Pattern19_0024,exact,identical,
0608303E,Pattern19_0025,exact,identical,
06083060,Pattern19_0026,exact,identical,
060830BE,Pattern19_0027,exact,identical,
060830DC,Pattern19_0028,exact,identical,
060830FC,Pattern19_0029,exact,remap-only,case 0: Adjust_Attack arg2 0x100 -> 0x80; case 1: Adjust_Attack arg2 0x200 -> 0x100; case 2: Adjust_Attack arg2 0x400 -> 0x200
06083140,Pattern19_0030,exact,remap-only,case 0: Adjust_Attack arg2 0x100 -> 0x80; case 1: Adjust_Attack arg2 0x402 -> 0x202
06083194,Pattern19_0031,exact,remap-only,case 0: Jump_Attack_Term arg4 0x400 -> 0x200; case 0: Jump_Attack_Term arg8 0x200 -> 0x100; case 1: Normal_Attack arg2 0x200 -> 0x100
060831E4,Pattern19_0032,exact,identical,
0608322C,Pattern19_0033,exact,identical,
0608328C,Pattern19_0034,exact,remap-only,case 0: Adjust_Attack arg2 0x102 -> 0x82; case 1: Adjust_Attack arg2 0x102 -> 0x82; case 2: Adjust_Attack arg2 0x200 -> 0x100
060832CA,Pattern19_0035,exact,identical,
060832EA,Pattern19_0036,exact,identical,
0608330A,Pattern19_0037,exact,remap-only,case 1: Normal_Attack arg2 0x400 -> 0x200
06083336,Pattern19_0038,exact,remap-only,case 1: Normal_Attack arg2 0x400 -> 0x200
0608339A,Pattern19_0039,exact,identical,
060833DA,Pattern19_0040,exact,remap-only,case 0: Normal_Attack arg2 0x202 -> 0x102
0608341A,Pattern19_0041,exact,identical,
0608345C,Pattern19_0042,exact,remap-only,case 2: Normal_Attack arg2 0x402 -> 0x202
06083498,Pattern19_0043,exact,identical,
0608352C,Pattern19_0044,exact,identical,
0608357E,Pattern19_0045,exact,identical,
060835EA,Pattern19_0046,exact,identical,
0608361C,Pattern19_0047,exact,identical,
0608364E,Pattern19_0048,exact,identical,
06083680,Pattern19_0049,exact,identical,
060836B2,Pattern19_0050,exact,identical,
060836E4,Pattern19_0051,exact,identical,
06083740,Pattern19_0052,exact,identical,
0608378E,Pattern19_0053,exact,identical,
060837D6,Pattern19_0054,exact,identical,
0608385C,Pattern19_0055,exact,identical,
06083884,Pattern19_0056,exact,identical,
060838B6,Pattern19_0057,exact,identical,
060838E8,Pattern19_0058,exact,identical,
0608391A,Pattern19_0059,exact,remap-only,case 0: Command_Attack arg4 0x700 -> 0x380
06083964,Pattern19_0060,exact,identical,
06083996,Pattern19_0061,exact,remap-only,case 0: Command_Attack arg4 0x700 -> 0x380
060839C8,Pattern19_0062,exact,remap-only,case 0: Lever_Attack arg3 0x110 -> 0x90
060839EA,Pattern19_0063,exact,remap-only,case 0: Lever_Attack arg3 0x110 -> 0x90
06083A0C,Pattern19_0064,exact,remap-only,case 0: Normal_Attack arg2 0x110 -> 0x90
06083A2C,Pattern19_0065,exact,identical,
06083A82,Pattern19_0066,exact,identical,
06083ABC,Pattern19_0067,exact,identical,
06083AEE,Pattern19_0068,exact,identical,
06083B20,Pattern19_0069,exact,identical,
06083B52,Pattern19_0070,exact,identical,
06083B84,Pattern19_0071,exact,identical,
06083BB6,Pattern19_0072,exact,identical,
06083BFE,Pattern19_0073,exact,identical,
06083C50,Pattern19_0074,exact,identical,
06083CB8,Pattern19_0075,exact,remap-only,case 0: Normal_Attack arg2 0x102 -> 0x82; case 1: Normal_Attack arg2 0x102 -> 0x82
06083CFC,Pattern19_0076,exact,remap-only,case 0: Jump_Attack_Term arg4 0x402 -> 0x202; case 0: Jump_Attack_Term arg8 0x200 -> 0x100; case 1: Normal_Attack arg2 0x102 -> 0x82; case 2: Normal_Attack arg2 0x102 -> 0x82
06083D6A,Pattern19_0077,exact,remap-only,case 0: Normal_Attack arg2 0x102 -> 0x82; case 1: Normal_Attack arg2 0x202 -> 0x102
06083DD6,Pattern19_0078,exact,remap-only,case 0: Normal_Attack arg2 0x102 -> 0x82; case 1: Normal_Attack arg2 0x102 -> 0x82
060840A4,Shell00_0000,events,not-lifted,selector
060840B8,Shell00_0001,exact,identical,
060840F8,Shell00_0002,exact,identical,
06084138,Shell00_0003,exact,identical,
0608416A,Shell00_0004,exact,remap-only,case 1: Jump_Attack_Term arg4 0x200 -> 0x100; case 2: Normal_Attack arg2 0x202 -> 0x102
060841F4,Shell00_0005,exact,remap-only,case 1: Jump_Attack_Term arg4 0x200 -> 0x100; case 1: Jump_Attack_Term arg8 0x400 -> 0x200
06084262,Shell00_0006,exact,remap-only,case 1: Jump_Attack_Term arg4 0x400 -> 0x200
060842E0,Shell00_0007,exact,identical,
06084312,Shell00_0008,exact,remap-only,case 1: Jump_Attack_Term arg8 0x200 -> 0x100; case 2: Normal_Attack arg2 0x202 -> 0x102
06084380,Shell00_0009,exact,identical,
060843CA,Shell00_0010,events,not-lifted,selector
06084424,Shell01_0000,events,not-lifted,selector
06084438,Shell01_0001,exact,identical,
06084478,Shell01_0002,exact,identical,
060844B8,Shell01_0003,exact,remap-only,case 1: Jump_Attack_Term arg4 0x400 -> 0x200
06084534,Shell01_0004,exact,identical,
0608458C,Shell01_0005,exact,remap-only,case 1: Jump_Attack_Term arg4 0x400 -> 0x200
060845E4,Shell01_0006,exact,remap-only,case 1: Jump_Attack_Term arg4 0x200 -> 0x100; case 2: Normal_Attack arg2 0x202 -> 0x102
0608466A,Shell01_0007,exact,identical,
060846D2,Shell01_0008,exact,remap-only,case 1: Jump_Attack_Term arg4 0x200 -> 0x100; case 2: Normal_Attack arg2 0x202 -> 0x102
0608473A,Shell01_0009,exact,identical,
060847C4,Shell03_0000,events,not-lifted,selector
060847D8,Shell03_0001,exact,identical,
06084818,Shell03_0002,exact,identical,
06084858,Shell03_0003,exact,remap-only,case 1: Jump_Attack_Term arg4 0x200 -> 0x100; case 1: Jump_Attack_Term arg8 0x200 -> 0x100
060848F2,Shell03_0004,exact,remap-only,case 1: Jump_Attack_Term arg4 0x200 -> 0x100; case 2: Normal_Attack arg2 0x202 -> 0x102
06084960,Shell03_0005,exact,remap-only,case 1: Jump_Attack_Term arg4 0x200 -> 0x100; case 1: Jump_Attack_Term arg8 0x400 -> 0x200
060849F4,Shell03_0006,exact,remap-only,case 1: Jump_Attack_Term arg4 0x400 -> 0x200
06084A4C,Shell03_0007,exact,identical,
06084A7E,Shell03_0008,exact,remap-only,case 1: Jump_Attack_Term arg8 0x200 -> 0x100; case 2: Normal_Attack arg2 0x202 -> 0x102
06084B10,Shell03_0009,exact,identical,
06084B5A,Shell03_0010,events,not-lifted,selector
06084BB0,Shell04_0000,events,not-lifted,selector
06084BC4,Shell04_0001,exact,identical,
06084C04,Shell04_0002,exact,identical,
06084C44,Shell04_0003,exact,remap-only,case 1: Jump_Attack_Term arg4 0x200 -> 0x100; case 1: Jump_Attack_Term arg8 0x200 -> 0x100
06084CDE,Shell04_0004,exact,remap-only,case 1: Jump_Attack_Term arg4 0x200 -> 0x100; case 2: Normal_Attack arg2 0x202 -> 0x102
06084D4C,Shell04_0005,exact,remap-only,case 1: Jump_Attack_Term arg4 0x200 -> 0x100; case 1: Jump_Attack_Term arg8 0x400 -> 0x200
06084DE4,Shell04_0006,exact,remap-only,case 1: Jump_Attack_Term arg4 0x400 -> 0x200
06084E3C,Shell04_0007,exact,identical,
06084E88,Shell04_0008,exact,remap-only,case 1: Jump_Attack_Term arg8 0x200 -> 0x100; case 2: Normal_Attack arg2 0x202 -> 0x102
06084F1E,Shell04_0009,exact,identical,
06084F68,Shell04_0010,events,not-lifted,selector
06084F7C,Shell04_0011,exact,identical,
06085010,Shell05_0000,events,not-lifted,selector
06085024,Shell05_0001,exact,identical,
06085064,Shell05_0002,exact,identical,
060850A4,Shell05_0003,exact,remap-only,case 1: Jump_Attack_Term arg4 0x200 -> 0x100; case 1: Jump_Attack_Term arg8 0x200 -> 0x100
0608513E,Shell05_0004,exact,remap-only,case 1: Jump_Attack_Term arg4 0x200 -> 0x100; case 2: Normal_Attack arg2 0x202 -> 0x102
060851AC,Shell05_0005,exact,remap-only,case 1: Jump_Attack_Term arg4 0x200 -> 0x100; case 1: Jump_Attack_Term arg8 0x400 -> 0x200
06085244,Shell05_0006,exact,remap-only,case 1: Jump_Attack_Term arg4 0x400 -> 0x200
0608529C,Shell05_0007,exact,remap-only,case 0: Jump_Attack_Term arg4 0x202 -> 0x102
060852DE,Shell05_0008,exact,remap-only,case 1: Jump_Attack_Term arg8 0x200 -> 0x100; case 2: Normal_Attack arg2 0x202 -> 0x102
06085374,Shell05_0009,exact,identical,
060853BE,Shell05_0010,events,not-lifted,selector
06085414,Shell07_0000,events,not-lifted,selector
06085428,Shell07_0001,exact,identical,
06085468,Shell07_0002,exact,identical,
060854A8,Shell07_0003,exact,remap-only,case 1: Jump_Attack_Term arg4 0x200 -> 0x100; case 1: Jump_Attack_Term arg8 0x200 -> 0x100
06085542,Shell07_0004,exact,remap-only,case 1: Jump_Attack_Term arg4 0x200 -> 0x100; case 2: Normal_Attack arg2 0x202 -> 0x102
060855B0,Shell07_0005,exact,remap-only,case 1: Jump_Attack_Term arg4 0x200 -> 0x100; case 1: Jump_Attack_Term arg8 0x400 -> 0x200
06085644,Shell07_0006,exact,remap-only,case 1: Jump_Attack_Term arg4 0x400 -> 0x200
0608569C,Shell07_0007,exact,identical,
060856CE,Shell07_0008,exact,remap-only,case 1: Jump_Attack_Term arg8 0x200 -> 0x100; case 2: Normal_Attack arg2 0x202 -> 0x102
06085760,Shell07_0009,exact,identical,
060857AA,Shell07_0010,events,not-lifted,selector
060857BE,Shell07_0011,exact,identical,
06085848,Shell11_0000,events,not-lifted,selector
0608585C,Shell11_0001,exact,identical,
0608589C,Shell11_0002,exact,identical,
060858DC,Shell11_0003,exact,remap-only,case 1: Jump_Attack_Term arg4 0x400 -> 0x200; case 1: Jump_Attack_Term arg8 0x200 -> 0x100; case 3: Normal_Attack arg2 0x202 -> 0x102
0608596C,Shell11_0004,exact,remap-only,case 1: Jump_Attack_Term arg4 0x400 -> 0x200; case 2: Normal_Attack arg2 0x202 -> 0x102
060859D8,Shell11_0005,exact,remap-only,case 1: Jump_Attack_Term arg4 0x400 -> 0x200; case 1: Jump_Attack_Term arg8 0x400 -> 0x200; case 2: Normal_Attack arg2 0x202 -> 0x102
06085A6E,Shell11_0006,exact,remap-only,case 1: Jump_Attack_Term arg4 0x400 -> 0x200
06085AC6,Shell11_0007,exact,identical,
06085AF8,Shell11_0008,exact,remap-only,case 1: Jump_Attack_Term arg8 0x200 -> 0x100; case 2: Normal_Attack arg2 0x202 -> 0x102
06085B8C,Shell11_0009,exact,identical,
06085BD6,Shell11_0010,events,not-lifted,selector
06085BEA,Shell11_0011,exact,identical,
06085C1C,Shell11_0012,exact,identical,
06085C62,Shell11_0013,exact,remap-only,case 0: Jump_Command_Attack_Term arg4 0x700 -> 0x380
06085CE8,Shell12_0000,events,not-lifted,selector
06085CFC,Shell12_0001,exact,identical,
06085D3C,Shell12_0002,exact,identical,
06085D7C,Shell12_0003,exact,remap-only,case 1: Jump_Attack_Term arg4 0x200 -> 0x100; case 1: Jump_Attack_Term arg8 0x200 -> 0x100
06085E16,Shell12_0004,exact,remap-only,case 1: Jump_Attack_Term arg4 0x200 -> 0x100; case 2: Normal_Attack arg2 0x202 -> 0x102
06085E84,Shell12_0005,exact,remap-only,case 1: Jump_Attack_Term arg4 0x200 -> 0x100; case 1: Jump_Attack_Term arg8 0x400 -> 0x200
06085F1C,Shell12_0006,exact,remap-only,case 1: Jump_Attack_Term arg4 0x400 -> 0x200
06085F74,Shell12_0007,exact,identical,
06085FC0,Shell12_0008,exact,remap-only,case 1: Jump_Attack_Term arg8 0x200 -> 0x100; case 2: Normal_Attack arg2 0x202 -> 0x102
0608604E,Shell12_0009,exact,identical,
06086098,Shell12_0010,events,not-lifted,selector
060860EC,Shell13_0000,events,not-lifted,selector
06086100,Shell13_0001,exact,identical,
06086140,Shell13_0002,exact,identical,
06086180,Shell13_0003,exact,remap-only,case 1: Jump_Attack_Term arg4 0x200 -> 0x100; case 1: Jump_Attack_Term arg8 0x200 -> 0x100
06086210,Shell13_0004,exact,remap-only,case 1: Jump_Attack_Term arg4 0x200 -> 0x100; case 2: Normal_Attack arg2 0x202 -> 0x102
0608627E,Shell13_0005,exact,remap-only,case 1: Jump_Attack_Term arg4 0x200 -> 0x100; case 1: Jump_Attack_Term arg8 0x400 -> 0x200
06086312,Shell13_0006,events,remap-only,case 1: Jump_Attack_Term arg4 0x400 -> 0x200
0608636A,Shell13_0007,events,identical,
0608639C,Shell13_0008,exact,remap-only,case 1: Jump_Attack_Term arg8 0x200 -> 0x100; case 2: Normal_Attack arg2 0x202 -> 0x102
06086430,Shell13_0009,exact,identical,
0608647A,Shell13_0010,events,not-lifted,selector
0608648E,Shell13_0011,exact,identical,
060864F0,Shell14_0000,events,not-lifted,selector
06086504,Shell14_0001,exact,identical,
06086544,Shell14_0002,exact,identical,
06086584,Shell14_0003,exact,remap-only,case 1: Jump_Attack_Term arg4 0x200 -> 0x100; case 1: Jump_Attack_Term arg8 0x200 -> 0x100; case 3: Normal_Attack arg2 0x202 -> 0x102
06086614,Shell14_0004,exact,remap-only,case 1: Jump_Attack_Term arg4 0x200 -> 0x100; case 2: Normal_Attack arg2 0x202 -> 0x102
06086682,Shell14_0005,exact,remap-only,case 1: Jump_Attack_Term arg4 0x200 -> 0x100; case 1: Jump_Attack_Term arg8 0x400 -> 0x200; case 2: Normal_Attack arg2 0x202 -> 0x102
06086716,Shell14_0006,exact,remap-only,case 1: Jump_Attack_Term arg4 0x400 -> 0x200
0608676E,Shell14_0007,exact,identical,
060867A0,Shell14_0008,exact,remap-only,case 1: Jump_Attack_Term arg8 0x200 -> 0x100; case 2: Normal_Attack arg2 0x202 -> 0x102
06086834,Shell14_0009,exact,identical,
0608687E,Shell14_0010,events,not-lifted,selector
06086892,Shell14_0011,exact,identical,
060868D8,Shell14_0012,exact,remap-only,case 0: Jump_Command_Attack_Term arg4 0x700 -> 0x380
