arcade_addr,name,grade,status,ps2_calls,arcade_calls,ps2_consts_missing
06000AB0,q_ldreq_error,medium,unknown,1,0,
06005DA8,Zoomf_Init,medium,unknown,0,1,
06005E44,Frame_Up,medium,unknown,2,1,
06005E62,Frame_Down,medium,unknown,2,1,0xffc0
06006040,CPU_Sub,high,unknown,5,3,
060060B4,Main_Program,events,unknown,3,3,0x10
060061D0,Com_Initialize,events,same,4,4,
0600643C,Com_Free,high,same,4,4,
0600653C,Com_Before_Follow,high,same,6,6,
06006610,Com_Before_Passive,high,same,4,4,
060066E8,Com_Guard,high,same,12,12,
060067EC,Check_Counter_Attack,high,unknown,1,1,
06006914,Com_Guard_VS_Shell,high,unknown,8,8,0x12
060069C6,Check_No12_Shell_Guard,medium,same,0,0,
060069F6,Check_Guard_Type,high,same,1,1,
06006A90,Ck_Exit_Guard,medium,unknown,5,4,0x11
06006B80,Ck_Exit_Guard_Sub,events,unknown,0,0,
06006C22,Com_Active,high,unknown,4,5,0x14
06006C72,Com_Follow,high,unknown,4,5,0x14
06006CE0,Com_Passive,high,unknown,4,5,0x14
06006D30,Com_VS_Shell,high,unknown,4,5,0x14
06006D80,Com_Damage,medium,differs,2,1,
06006E00,Damage_1st,high,unknown,12,9,
06007106,Damage_2nd,events,same,2,2,
0600717E,Damage_3rd,events,unknown,0,0,
06007182,Damage_4th,events,unknown,0,0,
06007186,Damage_5th,events,same,3,3,
06007262,Damage_6th,high,unknown,8,7,
060075BC,Damage_7th,events,same,4,4,
06007682,Damage_8th,high,unknown,5,4,
0600775A,Exit_Damage_Sub,events,same,3,3,
0600777C,Check_Damage,events,same,1,1,
06007818,Com_Float,high,same,2,2,
06007862,Float_2nd,high,same,2,2,
060078A6,Float_3rd,events,same,2,2,
06007988,Float_4th,events,same,2,2,
06007A1E,Com_Flip,high,same,2,2,
06007A6C,Flip_Zero,events,same,4,4,
06007B10,Check_Flip_GO,events,same,2,2,
06007BC6,Flip_1st,events,same,1,1,
06007BD6,Flip_2nd,medium,differs,4,14,
06007D28,Flip_3rd,medium,differs,4,3,
06007DE4,Flip_4th,low,differs,2,1,
06007E44,SetShellFlipLever,low,differs,1,3,
06007F64,Check_Flip,events,same,0,0,
06008048,Check_Flip_Attack,high,unknown,5,4,
06008126,Com_Caught,high,unknown,7,6,0xff0
0600826C,Decide_Exit_Catch,high,differs,4,3,0x11 0x12
060082D6,Com_Rapid_Sub,medium,unknown,0,0,
0600831A,Check_Caught,events,same,1,1,
060083A0,Com_Catch,high,unknown,5,4,0xff0
0600846A,Be_Catch,events,same,1,1,
060084A4,Com_Wait_Lie,events,same,2,2,
060084EC,Command_Attack_SP,high,remapped,5,5,
06008706,Next_Be_Free,events,unknown,0,0,
06008778,Next_Be_Float,high,unknown,4,3,
060087E4,Clear_Com_Flag,events,unknown,0,0,
060088D4,Check_At_Count,events,same,0,0,
0600899A,Shift_Resume_Lv,events,same,0,0,
06008A08,Check_Store_Lv,events,same,2,2,
06008ABC,Store_LR_Sub,events,unknown,0,0,
06008BB0,Setup_Bullet_Counter,medium,unknown,1,1,
06008BF0,Pattern_Insurance,events,unknown,0,0,
06008C24,End_Pattern,events,same,1,1,
06008C2A,Next_Be_Passive,events,same,1,1,
06008C30,Turn_Over_On,events,unknown,0,0,
06008C56,Only_Shot,events,unknown,0,0,
06008C74,Lever_On,events,same,1,1,
06008CF8,Lever_Off,events,unknown,0,0,
06008D22,Pierce_On,events,unknown,0,0,
06008DC2,Setup_DENJIN_LEVEL,high,unknown,3,3,
06008E22,Push_Shot,high,differs,5,5,
06008F5C,Check_Exit_DENJIN,events,same,1,1,
06009100,Keep_Away,high,unknown,6,6,
060091C0,Setup_KA_Jump,events,unknown,0,0,
06009232,Setup_KA_Walk,events,unknown,0,0,
06009242,Search_Back_Term,events,reordered,2,1,
060092EA,Approach_Walk,events,same,5,5,
0600942C,Check_Arrival,events,unknown,0,0,
060095E0,Walk,events,same,4,4,
06009746,Forced_Guard,events,same,3,3,
060097B2,Provoke,high,differs,4,3,
060098C6,Normal_Attack,high,same,6,6,
06009A32,Small_Jump_Measure,events,same,1,1,
06009A64,Normal_Attack_SP,high,same,5,5,
06009BD4,Adjust_Attack,high,differs,8,7,
06009D36,Check_Squat,events,same,0,0,
06009D4C,Check_Start_Normal_Attack,events,same,0,0,
06009D98,Lever_Attack,events,same,8,8,
06009E96,Lever_Attack_SP,high,same,7,7,
06009FF4,Setup_Guard_Lever,events,unknown,0,0,
0600A046,Check_Start_Lever_Attack,medium,same,0,0,
0600A07E,SA_Term,events,reordered,19,11,
0600A3B0,DENJIN_Check,events,same,0,0,
0600A3E2,YAGYOU_Check,medium,unknown,1,1,
0600A422,SA_Range_Check,medium,same,0,0,
0600A4AE,Check_SA,events,same,1,1,
0600A522,Check_EX,events,same,1,1,
0600A5C0,Check_SA_Full,events,same,1,1,
0600A67C,Branch_Unit_Area,events,same,1,1,
0600A708,Com_Random_Select,high,unknown,3,3,
0600A79A,Branch_Wait_Area,events,unknown,0,0,
0600A88A,Wait,events,same,1,1,
0600A960,Look,events,same,3,3,
0600AA6C,Keep_Status,events,same,2,2,
0600ABC0,VS_Jump_Guard,events,same,3,3,
0600AC74,Wait_Lie,events,same,3,3,
0600ADA0,Wait_Get_Up,events,same,3,3,
0600AEA2,Check_Wait_Term,events,same,0,0,
0600AF10,Wait_Attack_Complete,events,same,3,3,
0600B016,Check_Exit_Guard,events,unknown,0,0,
0600B066,Short_Range_Attack,high,unknown,8,8,0xff0
0600B19C,EM_Term,high,reordered,8,7,
0600B30E,SHELL_Term,events,same,4,4,
0600B466,Check_Term_Sub_Air,medium,differs,1,0,
0600B4AC,Check_Term_Sub,medium,same,0,0,
0600B4DE,Correct_Unit_PL,events,unknown,0,0,
0600B4F0,Check_Term_Sub_Y,medium,same,0,0,
0600B558,Jump,high,unknown,9,8,0x30000
0600B6F6,Hi_Jump,high,unknown,12,11,0x30000
0600B93C,Check_Start_Hi_Jump,medium,same,0,0,
0600B974,Check_Air_Guard,medium,differs,6,4,
0600BC46,Jump_Attack,high,reordered,14,13,0x30000
0600BE70,Jump_Attack_Term,high,reordered,22,21,0x30000
0600C164,Check_SP_Jump_Attack,events,same,1,1,
0600C196,Check_VS_Air_Attack,high,unknown,4,4,
0600C324,Hi_Jump_Attack,high,reordered,18,17,0x30000
0600C67C,Hi_Jump_Attack_Term,high,reordered,24,22,0x30000
0600CABC,Check_Term_ABS_Distance,events,same,0,0,
0600CB34,Check_Com_Add_Y,medium,same,0,0,
0600CB8E,ORO_JA_Term,high,reordered,25,24,0x30 0x30000
0600CF54,ORO_HJA_Term,high,reordered,25,24,0x30 0x30000
0600D390,Command_Attack,high,unknown,18,18,
0600D7DE,Check_Resume_Lever,events,unknown,0,0,
0600D874,J_Command_Attack,high,reordered,17,16,0x30000
0600DB36,Rapid_Command_Attack,high,same,6,6,
0600DDB8,Check_Rapid,high,unknown,4,3,0xff0
0600DE3C,Setup_Rapid_End_Term,high,unknown,1,0,
0600DEA4,Rapid_Sub,events,same,1,1,
0600E014,Check_Rapid_End,events,unknown,0,0,
0600E108,Check_Start_Command_Attack,medium,same,0,0,
0600E1AA,ORO_JCA_Term,high,same,24,24,
0600E54A,ORO_HJCA_Term,high,reordered,26,25,0x30000
0600E93E,Jump_Command_Attack_Term,high,reordered,19,18,0x30000
0600EC72,Hi_Jump_Command_Attack_Term,high,reordered,20,18,0x30000
0600EFB8,Check_Landed,events,same,6,6,
0600F09E,Check_Dash_Hit,events,same,5,5,
0600F15A,Setup_Front_or_Back,events,unknown,0,0,
0600F184,Check_Hit_Shell,events,unknown,0,0,
0600F1DC,Jump_Init,events,same,2,2,
0600F254,Command_Type_00,events,same,3,3,0xff0
0600F4C0,Command_Type_06,high,same,1,1,
0600F574,Command_Type_01,events,same,1,1,
0600F6EE,Setup_Command_01,events,unknown,0,0,
0600F756,Check_Store_Lever,high,same,2,2,
0600F7E2,Check_Store_Direction,medium,unknown,0,0,
0600F87E,Select_Combo_Speed,medium,unknown,3,2,0x11
0600F93C,Select_Reflection_Time,medium,unknown,3,2,0x11
0600F9D2,Setup_Lv04,events,unknown,0,0,
0600FA14,Setup_Lv08,events,unknown,0,0,
0600FA84,Setup_Lv10,events,unknown,0,0,
0600FAC4,Setup_Lv18,events,same,0,0,
0600FB06,Setup_VS_Catch_Data,high,unknown,2,1,
0600FB74,Setup_LP_Data,medium,unknown,3,2,
0600FBCA,Setup_WT_Data,medium,unknown,3,2,
0600FC20,Ck_Distance,events,unknown,0,0,
0600FC6A,Ck_Area,events,unknown,0,0,
0600FCAC,Ck_Area_Shell,events,unknown,0,0,
0600FCEE,Ck_Distance_Lv,events,unknown,0,0,
0600FD36,Ck_Distance_LvJ,events,unknown,0,0,
0600FD7E,Next_End,events,same,1,1,
0600FE10,Next_Another_Menu,events,same,1,1,
0600FE80,Reaction_Sub,low,differs,19,1,0x10 0xfff
060102F0,Get_Meoshi_Data,events,same,2,2,
06010350,Reaction_Exit_Sub,events,unknown,0,0,
0601047C,Check_First_Menu,events,same,1,1,
060104B4,Select_Active,high,unknown,6,4,0x36
060107A6,Check_SA_Active,events,unknown,0,0,0x11
06010918,Decide_Follow_Menu,medium,unknown,1,1,
060109AC,Select_Passive,events,same,5,5,
06010CD8,Devide_Level,events,same,2,2,
06010D18,Setup_Random,medium,unknown,3,3,
06010D8C,Check_Dramatic,events,same,0,0,
06010DEA,Check_Passive,high,same,12,12,
06010F4C,Check_Guard,medium,differs,8,6,
060110E0,Check_Makoto,events,unknown,0,0,0x10
0601111A,Check_Flip_Term,medium,differs,6,4,
060111AC,Setup_EM_Rank_Index,events,unknown,0,0,0x11
060111F0,Flip_Term_Correct,events,same,1,1,
06011248,Next_Be_Guard,events,same,2,2,
060112BC,Check_Flip_Tech,high,same,0,0,
06011324,Next_Be_Flip,high,differs,3,2,
06011414,Check_Diagonal_Shell,high,unknown,7,6,
06011500,Check_Ignore_Shell2,events,same,0,0,0xde
0601156A,Check_Shell,events,unknown,8,7,
06011704,Check_Ignore_Shell,events,same,0,0,0xde
0601176E,Compute_Hit_Time,high,unknown,1,2,0x48000
060117B0,Decide_Shell_Guard,medium,differs,4,2,
06011866,Guard_or_Jump_VS_Shell,medium,unknown,5,5,
060119C6,Decide_Shell_Reaction,medium,unknown,3,2,
06011A60,Check_Behind,events,unknown,0,0,
06011B76,Setup_Lever_LR,high,same,2,2,
06011C10,Check_Exit_Term,events,same,1,1,
06011C4C,VS_Jump_Term,events,same,6,6,
06011D5E,Exit_Term_0000,events,same,0,0,
06011DA6,Exit_Term_0001,events,unknown,0,0,
06011DAA,Exit_Term_0002,events,unknown,0,0,
06011DC6,Exit_Term_0003,events,same,1,1,
06011E52,Exit_Term_0004,events,same,1,1,
06011EB2,Exit_Term_0005,events,same,1,1,
06011F12,Exit_Term_0006,events,same,1,1,
06011F72,Exit_Term_0007,events,same,1,1,
06011FF8,Exit_Term_0008,events,same,0,0,
06012064,Check_Drop_Term,events,unknown,0,0,
06012084,Check_SHINRYU,events,unknown,0,0,
060120CA,Check_BOSS,events,same,1,1,
06012164,Check_BOSS_EX,events,same,1,1,
060121D4,ETC_Term,events,same,1,1,
06012270,ETC_Term_0000,events,same,1,1,
06012292,ETC_Term_0001,events,unknown,0,0,
060122F4,ETC_Term_0002,events,same,0,0,
06012316,ETC_Term_0003,events,same,0,0,
06012338,ETC_Term_0004,events,same,0,0,
0601236A,ETC_Term_0005,events,unknown,0,0,
0601238E,ETC_Term_0006,events,same,0,0,
06012410,ETC_Term_0007,events,unknown,0,0,
0601242C,ETC_Term_0008,events,unknown,0,0,
06012448,ETC_Term_0009,events,unknown,0,0,
06012588,Ck_Passive_Term,events,unknown,0,0,
060125B4,KEN_vs,high,same,36,36,
060128FA,HUGO_vs,high,same,29,29,
06012BA4,GILL_vs,high,same,33,33,
06012EA0,Check_Special_Technique,events,same,1,1,
06012FB0,Check_Attack_Direction,events,unknown,0,0,
06013034,Check_VS_Jump,events,same,2,2,
06013212,Check_Rolling,events,same,1,1,
06013252,Check_Personal_Action,events,same,0,0,
06013280,Check_Specific_Term,events,unknown,0,0,
060132D8,Check_Dash,events,unknown,0,0,
06013306,Check_Limited_Attack,medium,unknown,0,1,
06013404,Check_Limited_Jump_Attack,events,unknown,0,0,
06013460,Check_Stand,events,same,1,1,
060134CC,Setup_Next_Stand_Timer,low,unknown,2,2,0x11
060135DE,Check_VS_Squat,events,same,1,1,
060136A4,Setup_Next_Squat_Timer,medium,unknown,2,2,
060136C6,Check_Thrown,high,unknown,4,4,
0601373A,Check_Catch,events,unknown,0,0,
06013864,Check_Lie,events,reordered,4,3,
060138AE,Check_Faint,events,same,0,0,
060138E0,Check_Blow_Off,events,unknown,0,0,
06013930,Check_After_Attack,medium,same,0,0,
06013A18,Check_F_Cross_Chop,medium,same,0,0,
06013A86,Check_PL_Unit_AS,events,unknown,0,0,
06013A9C,VS_GILL_AS,events,same,2,2,
06013AEE,VS_ALEX_AS,events,same,4,4,
06013B8A,VS_RYU_AS,events,same,4,4,
06013C1A,VS_YUN_AS,events,same,3,3,
06013C88,VS_DUDLEY_AS,events,same,5,5,
06013D30,VS_NECRO_AS,events,unknown,0,0,
06013D34,VS_HUGO_AS,events,same,5,5,
06013DDC,VS_IBUKI_AS,events,same,2,2,
06013E30,VS_ELENA_AS,events,same,4,4,
06013EBE,VS_ORO_AS,events,same,1,1,
06013EF4,VS_KEN_AS,events,same,4,4,
06013F8A,VS_SEAN_AS,events,same,1,1,
06013FBE,VS_URIEN_AS,events,same,2,2,
06014014,VS_GOUKI_AS,events,same,3,3,
0601408C,VS_CHUN_LI_AS,events,unknown,0,0,
06014090,VS_MAKOTO_AS,manual,unknown,0,0,
06014094,VS_Q_AS,events,same,1,1,
060140CA,VS_NO12_AS,events,unknown,0,0,
060140CE,VS_REMY_AS,events,same,2,2,
0601412C,Check_PL_Unit_A,events,unknown,0,0,
06014142,VS_GILL_A,events,same,4,4,
060141DA,VS_ALEX_A,events,same,6,6,
060142AC,VS_RYU_A,events,same,4,4,
06014342,VS_YUN_A,events,same,2,2,
0601439A,VS_DUDLEY_A,events,same,3,3,
06014412,VS_NECRO_A,events,same,4,4,
060144AC,VS_HUGO_A,events,same,6,6,
06014580,VS_IBUKI_A,events,same,1,1,
060145C0,VS_ELENA_A,events,same,3,3,
06014634,VS_ORO_A,events,same,1,1,
0601466A,VS_KEN_A,events,same,1,1,
060146A0,VS_SEAN_A,events,same,4,4,
0601472C,VS_URIEN_A,events,same,4,4,
060147C4,VS_GOUKI_A,events,same,3,3,
0601484C,VS_CHUN_LI_A,events,same,3,3,
060148C6,VS_MAKOTO_A,manual,unknown,0,0,
060148CA,VS_Q_A,events,same,1,1,
06014900,VS_NO12_A,events,same,2,2,
06014958,VS_REMY_A,events,same,1,1,
06014994,Check_PL_Unit_BS,events,unknown,0,0,
060149AA,VS_GILL_BS,events,same,2,2,
06014A00,VS_ALEX_BS,events,same,4,4,
06014A84,VS_RYU_BS,events,same,6,6,
06014B68,VS_YUN_BS,events,same,3,3,
06014BDC,VS_DUDLEY_BS,events,same,4,4,
06014C70,VS_NECRO_BS,events,unknown,0,0,
06014C74,VS_HUGO_BS,events,same,6,6,
06014D4A,VS_IBUKI_BS,events,same,2,2,
06014DA2,VS_ELENA_BS,events,same,4,4,
06014E40,VS_ORO_BS,events,same,1,1,
06014E76,VS_KEN_BS,events,same,5,5,
06014F2A,VS_SEAN_BS,events,same,1,1,
06014F5E,VS_URIEN_BS,events,same,2,2,
06014FB4,VS_GOUKI_BS,events,same,5,5,
0601506C,VS_CHUN_LI_BS,events,same,2,2,
060150C4,VS_MAKOTO_BS,manual,same,1,1,
060150F8,VS_Q_BS,events,same,1,1,
0601512E,VS_NO12_BS,events,unknown,0,0,
06015132,VS_REMY_BS,events,same,2,2,
0601518A,Check_PL_Unit_B,events,unknown,0,0,
060151AC,VS_GILL_B,events,same,4,4,
06015244,VS_ALEX_B,events,same,6,6,
0601530E,VS_RYU_B,events,same,4,4,
060153A6,VS_YUN_B,events,same,3,3,
06015428,VS_DUDLEY_B,events,same,3,3,
060154A2,VS_NECRO_B,events,same,4,4,
06015536,VS_HUGO_B,events,same,8,8,
0601564C,VS_IBUKI_B,events,same,1,1,
06015682,VS_ELENA_B,events,same,3,3,
06015702,VS_ORO_B,events,same,1,1,
06015738,VS_KEN_B,events,same,2,2,
06015790,VS_SEAN_B,events,same,5,5,
0601583C,VS_URIEN_B,events,same,4,4,
060158D4,VS_GOUKI_B,events,same,5,5,
06015998,VS_CHUN_LI_B,events,same,4,4,
06015A32,VS_MAKOTO_B,manual,same,1,1,
06015A68,VS_Q_B,events,same,3,3,
06015AE2,VS_NO12_B,events,same,2,2,
06015B3A,VS_REMY_B,events,same,1,1,
06015B74,Check_PL_Unit_CS,events,unknown,0,0,
06015B8A,VS_GILL_CS,events,same,2,2,
06015BE0,VS_ALEX_CS,events,same,3,3,
06015C54,VS_RYU_CS,events,same,5,5,
06015D14,VS_YUN_CS,events,same,3,3,
06015D88,VS_DUDLEY_CS,events,same,5,5,
06015E3C,VS_NECRO_CS,events,unknown,0,0,
06015E40,VS_HUGO_CS,events,same,6,6,
06015F16,VS_IBUKI_CS,events,same,1,1,
06015F4A,VS_ELENA_CS,events,same,4,4,
06015FEA,VS_ORO_CS,events,same,1,1,
06016020,VS_KEN_CS,events,same,4,4,
060160B6,VS_SEAN_CS,events,same,1,1,
060160EA,VS_URIEN_CS,events,same,2,2,
06016140,VS_GOUKI_CS,events,same,4,4,
060161D6,VS_CHUN_LI_CS,events,same,2,2,
0601622E,VS_MAKOTO_CS,manual,same,1,1,
06016266,VS_Q_CS,events,unknown,0,0,
0601626A,VS_NO12_CS,events,unknown,0,0,
0601626E,VS_REMY_CS,events,same,2,2,
060162C6,Check_PL_Unit_C,events,unknown,0,0,
060162DC,VS_GILL_C,events,same,4,4,
06016380,VS_ALEX_C,events,same,5,5,
0601642C,VS_RYU_C,events,same,4,4,
060164C4,VS_YUN_C,events,same,2,2,
0601651C,VS_DUDLEY_C,events,same,3,3,
06016594,VS_NECRO_C,events,same,4,4,
06016630,VS_HUGO_C,events,same,8,8,
0601674A,VS_IBUKI_C,manual,same,1,1,
06016780,VS_ELENA_C,events,same,3,3,
060167F8,VS_ORO_C,events,same,1,1,
0601682E,VS_KEN_C,events,same,2,2,
06016886,VS_SEAN_C,events,same,4,4,
06016924,VS_URIEN_C,events,same,4,4,
060169BC,VS_GOUKI_C,events,same,3,3,
06016A40,VS_CHUN_LI_C,events,same,4,4,
06016ADA,VS_MAKOTO_C,manual,same,1,1,
06016B10,VS_Q_C,events,same,2,2,
06016B68,VS_NO12_C,events,same,2,2,
06016BC0,VS_REMY_C,events,same,1,1,
06016BFC,Check_PL_Unit_DS,events,unknown,0,0,
06016C12,VS_GILL_DS,events,unknown,0,0,
06016C16,VS_ALEX_DS,events,unknown,0,0,
06016C1A,VS_RYU_DS,events,same,1,1,
06016C50,VS_YUN_DS,events,unknown,0,0,
06016C54,VS_DUDLEY_DS,events,unknown,0,0,
06016C58,VS_NECRO_DS,events,unknown,0,0,
06016C5C,VS_IBUKI_DS,events,unknown,0,0,
06016C60,VS_HUGO_DS,events,unknown,0,0,
06016C64,VS_ELENA_DS,events,same,1,1,
06016C98,VS_ORO_DS,events,unknown,0,0,
06016C9C,VS_KEN_DS,events,unknown,0,0,
06016CA0,VS_SEAN_DS,events,unknown,0,0,
06016CA4,VS_URIEN_DS,events,unknown,0,0,
06016CA8,VS_GOUKI_DS,events,unknown,0,0,
06016CAC,VS_CHUN_LI_DS,events,unknown,0,0,
06016CB0,VS_MAKOTO_DS,events,unknown,0,0,
06016CB4,VS_Q_DS,events,unknown,0,0,
06016CB8,VS_NO12_DS,events,same,1,1,
06016CE6,VS_REMY_DS,events,unknown,0,0,
06016CEA,Check_PL_Unit_D,events,unknown,0,0,
06016D00,VS_GILL_D,events,unknown,0,0,
06016D04,VS_ALEX_D,events,unknown,0,0,
06016D08,VS_RYU_D,events,same,1,1,
06016D3E,VS_REMY_D,events,unknown,0,0,
06016D68,VS_ELENA_D,events,same,1,1,
06016DA8,VS_URIEN_D,events,same,1,1,
06016DEE,VS_NO12_D,events,same,2,2,
06016E50,Passive00,manual,unknown,0,0,
06016E68,Passive00_0000,events,same,2,2,
06016E9C,Passive00_0001,exact,same,3,3,
06016EC4,Passive00_0002,events,same,5,5,
06016F2E,Passive00_0003,exact,same,2,2,
06016F84,Passive00_0004,events,same,3,3,
06016FC6,Passive00_0005,exact,same,2,2,
06016FE4,Passive00_0006,exact,same,3,3,
06017028,Passive00_0007,events,same,2,2,
0601705A,Passive00_0008,events,same,4,4,
060170CA,Passive00_0009,events,same,3,3,
06017118,Passive00_0010,exact,same,2,2,
0601714A,Passive00_0011,events,same,2,2,
0601717C,Passive00_0012,exact,same,3,3,
060171C6,Passive00_0013,exact,reordered,5,3,
06017246,Passive00_0014,exact,same,2,2,
06017266,Passive00_0015,exact,same,2,2,
06017286,Passive00_0016,exact,reordered,5,4,
060172CA,Passive00_0017,events,reordered,6,5,
06017348,Passive00_0018,exact,reordered,5,4,
0601738C,Passive00_0019,exact,same,2,2,
060173AC,Passive00_0020,exact,same,2,2,
060173CC,Passive00_0021,events,reordered,5,4,
0601741E,Passive00_0022,exact,reordered,6,5,
060174BE,Passive00_0023,events,reordered,5,4,
0601752A,Passive00_0024,exact,same,3,3,
06017556,Passive00_0025,events,same,5,5,
060175D4,Passive00_0026,exact,same,2,2,
060175F4,Passive00_0027,exact,same,4,4,
06017648,Passive00_0028,exact,same,2,2,
06017668,Passive00_0029,exact,reordered,4,2,
060176C8,Passive00_0030,exact,same,3,3,
0601770E,Passive00_0031,exact,same,2,2,
06017730,Passive00_0032,exact,reordered,3,2,
0601775C,Passive00_0033,exact,same,3,3,
0601778A,Passive00_0034,exact,same,2,2,
060177D4,Passive00_0035,exact,reordered,4,2,
0601781A,Passive00_0036,events,reordered,6,5,
06017894,Passive00_0037,exact,same,4,4,
0601790C,Passive00_0038,exact,same,3,3,
06017950,Passive00_0039,exact,same,4,4,
060179C4,Passive00_0040,exact,reordered,6,5,
06017A2A,Passive00_0041,exact,reordered,4,3,
06017A78,Passive00_0042,exact,same,2,2,
06017AE8,Passive00_0043,exact,same,4,4,
06017B3C,Passive00_0044,events,same,3,3,
06017B8A,Passive00_0045,events,same,4,4,
06017C0E,Passive00_0046,exact,same,2,2,
06017C2E,Passive00_0047,exact,reordered,3,2,
06017C58,Passive00_0048,exact,reordered,4,3,
06017CA2,Passive00_0049,exact,same,2,2,
06017CC2,Passive00_0050,exact,reordered,3,2,
06017D12,Passive00_0051,exact,reordered,4,2,
06017D58,Passive00_0052,exact,same,2,2,
06017D78,Passive00_0053,events,same,2,2,
06017DAA,Passive00_0054,exact,reordered,4,3,
06017DF4,Passive00_0055,exact,same,2,2,
06017E16,Passive00_0056,events,same,2,2,0xffffffff
06017E58,Passive00_0057,events,same,2,2,
06017E9A,Passive00_0058,exact,same,2,2,
06017EBA,Passive00_0059,exact,same,3,3,
06017F10,Passive00_0060,exact,same,2,2,
06017F2E,Passive00_0061,events,same,3,3,
06017F70,Passive00_0062,high,same,2,2,
06017F90,Passive00_0063,events,same,2,2,
06017FC2,Passive00_0064,exact,same,2,2,
06017FE4,Passive00_0065,exact,same,3,3,
06018038,Passive00_0066,events,same,3,3,
0601807A,Passive00_0067,events,same,2,2,
060180AC,Passive00_0068,exact,same,2,2,
060180EA,Passive00_0069,events,same,4,4,
06018162,Passive00_0070,exact,same,3,3,
06018190,Passive00_0071,exact,reordered,5,3,
060181E6,Passive00_0072,events,same,4,4,
06018258,Passive00_0073,exact,reordered,4,3,
060182B2,Passive00_0074,exact,reordered,4,2,
060182F8,Passive00_0075,events,reordered,4,3,
06018360,Passive00_0076,events,reordered,6,5,
060183E4,Passive00_0077,exact,same,3,3,
0601845C,Passive00_0078,exact,reordered,5,3,
060184C8,Passive00_0079,events,same,3,3,
0601851A,Passive00_0080,exact,reordered,4,3,
06018592,Passive00_0081,exact,reordered,4,3,
060185EC,Passive00_0082,events,same,3,3,0xffffffff
06018660,Passive00_0083,events,reordered,5,4,
060186D4,Passive00_0084,events,reordered,5,4,
0601876C,Passive00_0085,events,same,3,3,
060187AA,Passive00_0086,events,same,7,7,
06018832,Passive00_0087,events,same,8,8,
060188D2,Passive00_0088,events,same,8,8,
060189AC,Passive00_0089,events,same,2,2,
060189DE,Passive00_0090,events,same,2,2,
06018A10,Passive00_0091,events,same,2,2,
06018A70,Passive00_0092,events,same,3,3,
06018ABE,Passive00_0093,exact,reordered,3,2,
06018AE2,Passive00_0094,exact,same,2,2,
06018B1C,Passive00_0095,exact,same,3,3,
06018B90,Passive00_0096,exact,same,3,3,
06018BD4,Passive00_0097,exact,same,4,4,
06018C28,Passive00_0098,events,reordered,7,6,
06018CD4,Passive00_0099,events,reordered,4,3,
06018D1E,Passive00_0100,events,same,4,4,
06018D6C,Passive00_0101,exact,same,3,3,
06018DD6,Passive00_0102,exact,same,3,3,
06018E24,Passive00_0103,exact,same,4,4,
06018E60,Passive00_0104,exact,same,2,2,
06018E80,Passive00_0105,events,same,5,5,
06018EDA,Passive00_0106,exact,same,4,4,
06018F16,Passive00_0107,exact,reordered,5,4,
06018F6C,Passive00_0108,exact,same,2,2,
06018FBE,Passive00_0109,events,same,5,5,
0601902A,Passive00_0110,events,same,2,2,
0601905C,Passive00_0111,exact,same,4,4,
060190DE,Passive00_0112,events,same,5,5,
06019148,Passive00_0113,events,reordered,7,6,
060191CA,Passive00_0114,events,reordered,5,4,
06019228,Passive00_0115,events,reordered,7,6,
060192A8,Passive00_0116,exact,same,2,2,
06019312,Passive00_0117,exact,same,2,2,
06019354,Passive00_0118,exact,same,2,2,
06019396,Passive00_0119,exact,same,2,2,
060193D8,Passive00_0120,exact,same,2,2,
0601942C,Passive00_0121,exact,same,2,2,
0601946E,Passive00_0122,exact,same,3,3,
060194B2,Passive00_0123,exact,reordered,6,5,
06019516,Passive00_0124,exact,reordered,6,5,
06019596,Passive00_0125,exact,same,4,4,
060195D2,Passive00_0126,exact,same,2,2,
060195F2,Passive00_0127,exact,same,4,4,
0601962E,Passive00_0128,exact,reordered,4,3,
06019696,Passive00_0129,exact,same,4,4,
060196D4,Passive00_0130,events,same,5,5,
06019746,Passive00_0131,exact,reordered,4,3,
060197A6,Passive00_0132,events,same,3,3,
060197EE,Passive00_0133,exact,same,2,2,
0601980C,Passive00_0134,exact,same,2,2,
0601982C,Passive00_0135,exact,same,2,2,
0601984A,Passive00_0136,exact,same,2,2,
0601986C,Passive00_0137,exact,same,2,2,
060198B6,Passive00_0138,exact,same,3,3,
060198E2,Passive00_0139,exact,same,3,3,
0601990A,Passive00_0140,exact,same,2,2,
0601994C,Passive00_0141,exact,same,3,3,
060199CC,Passive00_0142,events,same,4,4,
06019A34,Passive00_0143,exact,same,2,2,
06019A52,Passive00_0144,exact,same,3,3,
06019A96,Passive00_0145,exact,reordered,4,3,
06019B04,Passive00_0146,exact,same,3,3,
06019B48,Passive00_0147,exact,reordered,4,3,
06019B90,Passive00_0148,exact,same,2,2,
06019BF8,Passive00_0149,exact,same,2,2,
06019C18,Passive00_0150,exact,same,3,3,
06019C5C,Passive00_0151,exact,same,3,3,
06019CA0,Passive00_0152,exact,same,3,3,
06019CCC,Passive00_0153,exact,same,2,2,
06019D22,Passive00_0154,exact,same,2,2,
06019D5C,Passive00_0155,events,same,2,2,
06019D8E,Passive00_0156,events,same,3,3,
06019DCC,Passive00_0157,events,same,3,3,
06019E34,Passive01,manual,unknown,0,0,
06019E4C,Passive01_0000,events,same,2,2,
06019E80,Passive01_0001,exact,same,3,3,
06019EA8,Passive01_0002,events,same,5,5,
06019F12,Passive01_0003,exact,same,2,2,
06019F68,Passive01_0004,events,same,3,3,
06019FAA,Passive01_0005,exact,same,2,2,
06019FC8,Passive01_0006,exact,same,3,3,
0601A00C,Passive01_0007,events,same,3,3,
0601A06C,Passive01_0008,events,same,4,4,
0601A0BE,Passive01_0009,events,same,2,2,
0601A0F0,Passive01_0010,exact,same,2,2,
0601A122,Passive01_0011,exact,same,2,2,
0601A164,Passive01_0012,exact,same,2,2,
0601A1A6,Passive01_0013,events,same,3,3,
0601A1E8,Passive01_0014,exact,same,3,3,
0601A22A,Passive01_0015,exact,same,2,2,
0601A24A,Passive01_0016,exact,same,6,6,
0601A2DC,Passive01_0017,exact,reordered,5,3,
0601A32A,Passive01_0018,exact,same,7,7,
0601A3C8,Passive01_0019,exact,same,2,2,
0601A3E8,Passive01_0020,exact,same,2,2,
0601A408,Passive01_0021,events,same,3,3,
0601A448,Passive01_0022,exact,reordered,6,4,
0601A4E0,Passive01_0023,exact,same,4,4,
0601A540,Passive01_0024,exact,same,6,6,
0601A5BC,Passive01_0025,exact,reordered,8,6,
0601A636,Passive01_0026,exact,same,3,3,
0601A67A,Passive01_0027,events,same,3,3,
0601A6E4,Passive01_0028,exact,same,2,2,
0601A716,Passive01_0029,exact,reordered,4,2,
0601A74E,Passive01_0030,exact,same,3,3,
0601A794,Passive01_0031,exact,same,2,2,
0601A7DC,Passive01_0032,events,same,3,3,
0601A824,Passive01_0033,exact,same,2,2,
0601A85C,Passive01_0034,events,same,3,3,
0601A89C,Passive01_0035,exact,reordered,4,2,
0601A8FC,Passive01_0036,events,same,3,3,
0601A94A,Passive01_0037,exact,same,3,3,
0601A99C,Passive01_0038,events,same,4,4,
0601AA22,Passive01_0039,events,same,3,3,
0601AA70,Passive01_0040,exact,reordered,5,3,
0601AAC8,Passive01_0041,exact,same,4,4,
0601AB42,Passive01_0042,exact,same,2,2,
0601AB74,Passive01_0043,events,same,3,3,
0601ABC2,Passive01_0044,events,same,4,4,
0601AC20,Passive01_0045,exact,same,3,3,
0601AC68,Passive01_0046,exact,same,2,2,
0601AC88,Passive01_0047,events,same,3,3,
0601ACF8,Passive01_0048,exact,reordered,3,2,
0601AD22,Passive01_0049,exact,same,3,3,
0601AD66,Passive01_0050,exact,same,3,3,
0601ADAA,Passive01_0051,exact,reordered,3,2,
0601ADF8,Passive01_0052,exact,same,2,2,
0601AE18,Passive01_0053,events,same,2,2,
0601AE4A,Passive01_0054,exact,same,2,2,
0601AE7E,Passive01_0055,events,same,2,2,
0601AEB0,Passive01_0056,exact,same,2,2,
0601AF1C,Passive01_0057,exact,same,2,2,
0601AF5E,Passive01_0058,exact,same,2,2,
0601AF7E,Passive01_0059,events,same,2,2,
0601AFB0,Passive01_0060,exact,same,2,2,
0601AFCE,Passive01_0061,events,same,6,6,
0601B048,Passive01_0062,exact,same,4,4,
0601B0B0,Passive01_0063,exact,same,4,4,
0601B0EC,Passive01_0064,exact,same,2,2,
0601B10C,Passive01_0065,events,same,5,5,
0601B19C,Passive01_0066,events,same,3,3,
0601B1DC,Passive01_0067,exact,same,3,3,
0601B208,Passive01_0068,exact,same,2,2,
0601B24A,Passive01_0069,exact,same,2,2,
0601B2A8,Passive01_0070,exact,same,3,3,
0601B2D6,Passive01_0071,exact,same,3,3,
0601B31C,Passive01_0072,events,same,5,5,
0601B3A0,Passive01_0073,exact,same,4,4,
0601B3F0,Passive01_0074,events,same,4,4,
0601B446,Passive01_0075,events,same,6,6,
0601B4DE,Passive01_0076,exact,same,4,4,
0601B534,Passive01_0077,exact,same,3,3,
0601B5B0,Passive01_0078,exact,reordered,4,3,
0601B60A,Passive01_0079,exact,same,3,3,
0601B65C,Passive01_0080,exact,same,3,3,
0601B6D4,Passive01_0081,exact,reordered,4,3,
0601B72C,Passive01_0082,exact,same,3,3,
0601B77C,Passive01_0083,exact,reordered,5,3,
0601B7FE,Passive01_0084,exact,reordered,5,3,
0601B852,Passive01_0085,exact,same,3,3,
0601B896,Passive01_0086,events,reordered,6,5,
0601B932,Passive01_0087,events,reordered,6,5,
0601B9B0,Passive01_0088,exact,same,4,4,
0601BA16,Passive01_0089,events,same,2,2,
0601BA48,Passive01_0090,events,same,2,2,
0601BA7A,Passive01_0091,events,same,2,2,
0601BAAC,Passive01_0092,exact,same,4,4,
0601BB32,Passive01_0093,exact,reordered,3,2,
0601BB5C,Passive01_0094,exact,same,2,2,
0601BB7E,Passive01_0095,exact,reordered,4,3,
0601BBEC,Passive01_0096,exact,same,4,4,
0601BC40,Passive01_0097,exact,same,4,4,
0601BCA0,Passive01_0098,events,same,5,5,
0601BD42,Passive01_0099,exact,same,4,4,
0601BDA2,Passive01_0100,events,same,5,5,
0601BE40,Passive01_0101,exact,same,4,4,
0601BE98,Passive01_0102,exact,same,3,3,
0601BEDE,Passive01_0103,exact,same,2,2,
0601BEFE,Passive01_0104,events,same,2,2,
0601BF58,Passive01_0105,events,same,2,2,
0601BF8A,Passive01_0106,events,same,2,2,
0601BFBC,Passive01_0107,exact,same,4,4,
0601BFF8,Passive01_0108,exact,same,2,2,
0601C018,Passive01_0109,events,same,5,5,
0601C072,Passive01_0110,exact,same,4,4,
0601C0AE,Passive01_0111,exact,same,4,4,
0601C110,Passive01_0112,exact,same,2,2,
0601C132,Passive01_0113,exact,same,3,3,
0601C1B2,Passive01_0114,events,same,3,3,
0601C200,Passive01_0115,exact,same,2,2,
0601C242,Passive01_0116,exact,same,2,2,
0601C284,Passive01_0117,exact,same,2,2,
0601C2DE,Passive01_0118,exact,same,2,2,
0601C2FE,Passive01_0119,exact,same,5,5,
0601C370,Passive01_0120,exact,same,2,2,
0601C3E0,Passive01_0121,exact,same,2,2,
0601C422,Passive01_0122,exact,same,2,2,
0601C464,Passive01_0123,exact,same,2,2,
0601C4A6,Passive01_0124,exact,same,2,2,
0601C4E8,Passive01_0125,exact,same,2,2,
0601C53A,Passive01_0126,exact,same,3,3,
0601C57E,Passive01_0127,exact,same,2,2,
0601C59E,Passive01_0128,exact,same,3,3,
0601C5DE,Passive01_0129,events,same,2,2,
0601C634,Passive01_0130,medium,differs,2,2,
0601C666,Passive01_0131,events,same,2,2,
0601C698,Passive01_0132,exact,same,2,2,
0601C6CE,Passive01_0133,exact,same,3,3,
0601C70E,Passive01_0134,exact,same,2,2,
0601C760,Passive01_0135,exact,same,3,3,
0601C7A0,Passive01_0136,exact,same,3,3,
0601C7E0,Passive01_0137,exact,same,3,3,
0601C82C,Passive01_0138,exact,same,3,3,
0601C88A,Passive01_0139,exact,same,2,2,
0601C8BC,Passive01_0140,exact,same,2,2,
0601C8DA,Passive01_0141,exact,same,3,3,
0601C91E,Passive01_0142,exact,same,2,2,
0601C93C,Passive01_0143,exact,same,3,3,
0601C9AC,Passive01_0144,exact,same,4,4,
0601CA0A,Passive01_0145,exact,same,4,4,
0601CA88,Passive01_0146,events,reordered,6,4,
0601CAF6,Passive01_0147,exact,same,3,3,
0601CB36,Passive01_0148,exact,same,3,3,
0601CB5E,Passive01_0149,exact,same,2,2,
0601CBCA,Passive01_0150,exact,same,3,3,
0601CC1C,Passive01_0151,exact,reordered,3,2,
0601CC40,Passive01_0152,exact,reordered,4,3,
0601CCA8,Passive01_0153,exact,same,3,3,
0601CCEC,Passive01_0154,exact,reordered,4,3,
0601CD34,Passive01_0155,exact,same,3,3,
0601CD76,Passive01_0156,exact,same,4,4,
0601CDE0,Passive01_0157,exact,same,2,2,
0601CE02,Passive01_0158,exact,same,2,2,
0601CE24,Passive01_0159,exact,same,2,2,
0601CE44,Passive01_0160,exact,reordered,7,5,
0601CEEA,Passive01_0161,exact,reordered,6,4,
0601CF3C,Passive01_0162,exact,reordered,6,4,
0601CFA8,Passive01_0163,exact,same,2,2,
0601CFCA,Passive01_0164,exact,same,3,3,
0601D010,Passive01_0165,exact,same,2,2,0xa6
0601D068,Passive01_0166,events,same,2,2,
0601D09A,Passive01_0167,events,same,2,2,
0601D0CC,Passive01_0168,events,same,2,2,
0601D0FE,Passive01_0169,events,same,3,3,
0601D168,Passive01_0170,events,same,3,3,
0601D1B6,Passive01_0171,exact,same,2,2,
0601D1D6,Passive01_0172,events,same,3,3,
0601D216,Passive01_0173,events,same,3,3,
0601D2A0,Passive01_0174,exact,same,3,3,
0601D2F2,Passive01_0175,events,same,4,4,
0601D380,Passive02,manual,unknown,0,0,
0601D398,Passive02_0000,events,same,2,2,
0601D3CC,Passive02_0001,exact,same,4,4,
0601D424,Passive02_0002,exact,same,2,2,
0601D456,Passive02_0003,exact,same,3,3,
0601D4A2,Passive02_0004,exact,same,2,2,
0601D4C0,Passive02_0005,exact,same,2,2,
0601D522,Passive02_0006,exact,same,2,2,
0601D554,Passive02_0007,exact,same,3,3,
0601D5A2,Passive02_0008,exact,same,3,3,
0601D60C,Passive02_0009,exact,same,4,4,
0601D670,Passive02_0010,exact,same,3,3,0x8050
0601D6B6,Passive02_0011,exact,same,2,2,
0601D728,Passive02_0012,exact,same,3,3,
0601D754,Passive02_0013,exact,same,3,3,
0601D796,Passive02_0014,exact,same,2,2,
0601D7B4,Passive02_0015,exact,reordered,4,2,
0601D7EC,Passive02_0016,exact,same,4,4,
0601D850,Passive02_0017,exact,same,4,4,
0601D888,Passive02_0018,exact,same,5,5,
0601D8EA,Passive02_0019,exact,same,2,2,
0601D90A,Passive02_0020,exact,same,2,2,
0601D950,Passive02_0021,exact,same,4,4,
0601D99E,Passive02_0022,exact,same,3,3,
0601D9F0,Passive02_0023,exact,same,3,3,
0601DA6C,Passive02_0024,exact,same,4,4,
0601DABA,Passive02_0025,exact,same,4,4,
0601DB18,Passive02_0026,exact,same,3,3,
0601DB78,Passive02_0027,exact,same,3,3,
0601DBB8,Passive02_0028,exact,same,2,2,
0601DBD8,Passive02_0029,exact,reordered,4,2,
0601DC10,Passive02_0030,exact,same,2,2,
0601DC30,Passive02_0031,exact,same,2,2,
0601DC52,Passive02_0032,exact,same,2,2,
0601DC90,Passive02_0033,exact,same,2,2,
0601DCB2,Passive02_0034,exact,same,2,2,
0601DCD2,Passive02_0035,exact,same,2,2,
0601DCF2,Passive02_0036,exact,same,2,2,
0601DD10,Passive02_0037,exact,same,3,3,
0601DD7C,Passive02_0038,exact,same,3,3,
0601DDC2,Passive02_0039,exact,same,3,3,
0601DE10,Passive02_0040,exact,same,4,4,
0601DE8C,Passive02_0041,exact,same,4,4,
0601DEE6,Passive02_0042,exact,same,3,3,
0601DF0E,Passive02_0043,exact,same,4,4,
0601DF68,Passive02_0044,exact,same,4,4,
0601DFE8,Passive02_0045,exact,same,3,3,
0601E014,Passive02_0046,exact,same,2,2,
0601E034,Passive02_0047,exact,same,3,3,
0601E074,Passive02_0048,exact,reordered,3,2,
0601E09E,Passive02_0049,exact,same,3,3,
0601E108,Passive02_0050,exact,same,3,3,
0601E14C,Passive02_0051,exact,reordered,3,2,
0601E170,Passive02_0052,exact,same,2,2,
0601E190,Passive02_0053,exact,same,2,2,
0601E1C2,Passive02_0054,exact,same,2,2,
0601E216,Passive02_0055,exact,same,2,2,
0601E248,Passive02_0056,exact,same,2,2,
0601E28A,Passive02_0057,exact,same,2,2,
0601E2CE,Passive02_0058,exact,same,2,2,
0601E318,Passive02_0059,exact,same,3,3,
0601E364,Passive02_0060,exact,same,2,2,
0601E382,Passive02_0061,exact,same,2,2,
0601E3A2,Passive02_0062,exact,same,3,3,
0601E3E2,Passive02_0063,exact,same,3,3,
0601E450,Passive02_0064,exact,same,5,5,
0601E4BE,Passive02_0065,exact,same,4,4,
0601E534,Passive02_0066,exact,same,4,4,
0601E58A,Passive02_0067,exact,same,2,2,
0601E5AA,Passive02_0068,exact,same,3,3,
0601E5D4,Passive02_0069,exact,same,4,4,
0601E63C,Passive02_0070,exact,reordered,8,7,0xffffffff
0601E6BE,Passive02_0071,exact,reordered,9,8,
0601E782,Passive02_0072,exact,same,3,3,
0601E7CA,Passive02_0073,exact,same,5,5,0xffffffff
0601E864,Passive02_0074,exact,same,4,4,
0601E8C2,Passive02_0075,exact,same,4,4,
0601E91C,Passive02_0076,exact,same,3,3,
0601E962,Passive02_0077,exact,same,3,3,
0601E9BA,Passive02_0078,exact,same,10,10,0xffffffff
0601EA78,Passive02_0079,exact,same,2,2,
0601EAD4,Passive02_0080,exact,same,6,6,
0601EB5E,Passive02_0081,exact,same,7,7,0xffffffff
0601EC26,Passive02_0082,exact,same,7,7,
0601ECB8,Passive02_0083,exact,same,3,3,
0601ED10,Passive02_0084,exact,same,2,2,
0601ED52,Passive02_0085,exact,reordered,5,3,
0601EDAE,Passive02_0086,exact,same,3,3,
0601EDDA,Passive02_0087,exact,same,2,2,
0601EE54,Passive02_0088,exact,reordered,7,5,
0601EEF2,Passive02_0089,exact,same,4,4,
0601EF7A,Passive02_0090,exact,same,2,2,
0601EFAC,Passive02_0091,exact,same,5,5,
0601F01C,Passive02_0092,exact,same,3,3,
0601F070,Passive02_0093,exact,same,5,5,
0601F10C,Passive02_0094,exact,same,2,2,
0601F13E,Passive02_0095,exact,same,2,2,
0601F170,Passive02_0096,exact,same,2,2,
0601F1A2,Passive02_0097,exact,same,2,2,
0601F1FC,Passive02_0098,exact,same,2,2,
0601F22E,Passive02_0099,exact,same,2,2,
0601F260,Passive02_0100,exact,same,3,3,
0601F2A4,Passive02_0101,exact,same,3,3,
0601F310,Passive02_0102,exact,same,3,3,
0601F370,Passive02_0103,exact,same,3,3,
0601F3BE,Passive02_0104,exact,same,3,3,
0601F430,Passive02_0105,exact,same,4,4,
0601F494,Passive02_0106,exact,same,5,5,
0601F4FE,Passive02_0107,exact,same,2,2,
0601F538,Passive02_0108,exact,same,2,2,
0601F572,Passive02_0109,exact,same,4,4,
0601F5C8,Passive02_0110,exact,same,3,3,
0601F5F4,Passive02_0111,exact,same,3,3,
0601F66E,Passive02_0112,exact,same,3,3,
0601F6BA,Passive02_0113,exact,same,3,3,
0601F702,Passive02_0114,exact,same,7,7,
0601F7B8,Passive02_0115,exact,same,2,2,
0601F7D6,Passive02_0116,exact,same,3,3,
0601F828,Passive02_0117,exact,same,4,4,
0601F8AA,Passive02_0118,exact,same,3,3,
0601F8F8,Passive02_0119,exact,same,3,3,
0601F946,Passive02_0120,exact,same,3,3,
0601F994,Passive02_0121,exact,same,5,5,
0601FA36,Passive02_0122,exact,same,2,2,
0601FA7C,Passive02_0123,exact,same,4,4,
0601FAC6,Passive02_0124,exact,same,2,2,
0601FB1E,Passive02_0125,exact,same,3,3,
0601FB68,Passive02_0126,exact,same,3,3,
0601FB90,Passive02_0127,exact,same,4,4,
0601FC2C,Passive02_0128,exact,same,3,3,
0601FC6C,Passive02_0129,exact,same,2,2,
0601FC9E,Passive02_0130,exact,same,2,2,
0601FCD0,Passive02_0131,exact,same,2,2,
0601FD34,Passive02_0132,exact,same,5,5,
0601FDBC,Passive03,manual,unknown,0,0,
0601FDD4,Passive03_0000,events,same,2,2,
0601FE08,Passive03_0001,exact,same,3,3,
0601FE30,Passive03_0002,events,same,5,5,
0601FE9A,Passive03_0003,exact,same,2,2,
0601FEF0,Passive03_0004,events,same,3,3,
0601FF32,Passive03_0005,exact,same,2,2,
0601FF50,Passive03_0006,exact,same,3,3,
0601FF94,Passive03_0007,events,same,3,3,
0601FFF4,Passive03_0008,events,unknown,4,5,
06020046,Passive03_0009,events,same,3,3,
06020094,Passive03_0010,exact,same,3,3,
060200E4,Passive03_0011,exact,same,2,2,
06020126,Passive03_0012,exact,same,3,3,
06020170,Passive03_0013,exact,reordered,8,5,
0602024E,Passive03_0014,exact,same,3,3,
06020292,Passive03_0015,exact,same,2,2,
060202B2,Passive03_0016,events,reordered,7,5,
06020350,Passive03_0017,events,reordered,9,7,
060203EA,Passive03_0018,exact,reordered,6,4,
0602047A,Passive03_0019,exact,same,2,2,
0602049A,Passive03_0020,exact,same,2,2,
060204BA,Passive03_0021,events,same,3,3,
060204FA,Passive03_0022,events,reordered,6,5,
06020590,Passive03_0023,events,same,5,5,
0602060A,Passive03_0024,exact,same,6,6,
06020684,Passive03_0025,events,same,6,6,
060206EC,Passive03_0026,exact,same,3,3,
06020730,Passive03_0027,events,same,2,2,
06020790,Passive03_0028,exact,same,2,2,
060207D2,Passive03_0029,exact,reordered,4,2,
0602080A,Passive03_0030,exact,same,3,3,
0602084E,Passive03_0031,exact,same,2,2,
06020898,Passive03_0032,events,reordered,5,4,
060208F8,Passive03_0033,exact,same,2,2,
0602091A,Passive03_0034,events,same,3,3,
0602095A,Passive03_0035,exact,reordered,4,2,
060209BA,Passive03_0036,events,reordered,4,3,
06020A04,Passive03_0037,exact,same,3,3,
06020A4A,Passive03_0038,exact,same,3,3,
06020AB6,Passive03_0039,exact,same,3,3,
06020AFC,Passive03_0040,exact,reordered,5,3,
06020B5E,Passive03_0041,exact,same,4,4,
06020BDE,Passive03_0042,exact,same,2,2,
06020C20,Passive03_0043,events,same,3,3,
06020C6E,Passive03_0044,events,same,4,4,
06020CCC,Passive03_0045,exact,same,3,3,
06020D1A,Passive03_0046,exact,same,2,2,
06020D3A,Passive03_0047,exact,same,3,3,
06020DB6,Passive03_0048,exact,reordered,3,2,
06020DE0,Passive03_0049,exact,same,2,2,
06020E00,Passive03_0050,exact,reordered,3,2,
06020E28,Passive03_0051,exact,same,2,2,
06020E48,Passive03_0052,exact,same,2,2,
06020E84,Passive03_0053,exact,same,2,2,
06020EC6,Passive03_0054,exact,same,2,2,
06020F08,Passive03_0055,events,same,2,2,
06020F3A,Passive03_0056,exact,same,2,2,
06020F7C,Passive03_0057,exact,same,2,2,
06020FBE,Passive03_0058,exact,same,2,2,
06020FDE,Passive03_0059,exact,reordered,3,2,
0602100A,Passive03_0060,exact,same,2,2,
06021028,Passive03_0061,exact,same,3,3,0xffffffff
0602109A,Passive03_0062,exact,same,3,3,
060210C8,Passive03_0063,events,same,3,3,
06021108,Passive03_0064,exact,same,2,2,
0602112A,Passive03_0065,events,same,4,4,
06021198,Passive03_0066,exact,same,3,3,
060211DE,Passive03_0067,events,same,2,2,
06021210,Passive03_0068,exact,same,2,2,
06021252,Passive03_0069,events,same,3,3,
0602129C,Passive03_0070,events,same,4,4,
060212EE,Passive03_0071,events,same,4,4,
06021344,Passive03_0072,events,same,4,4,
060213C0,Passive03_0073,events,same,4,4,
0602142A,Passive03_0074,exact,reordered,6,4,
060214CC,Passive03_0075,exact,reordered,8,5,
06021568,Passive03_0076,exact,reordered,8,6,0xffffffff
06021632,Passive03_0077,exact,same,3,3,
06021682,Passive03_0078,events,reordered,5,4,
06021728,Passive03_0079,events,same,3,3,
0602177C,Passive03_0080,exact,same,3,3,
060217CC,Passive03_0081,exact,same,4,4,
06021850,Passive03_0082,events,same,3,3,0xffffffff
060218A4,Passive03_0083,events,reordered,6,4,
0602194C,Passive03_0084,exact,reordered,6,4,
060219D4,Passive03_0085,events,same,3,3,
06021A12,Passive03_0086,exact,reordered,7,6,
06021AA0,Passive03_0087,exact,reordered,8,6,
06021B76,Passive03_0088,exact,reordered,7,5,
06021C08,Passive03_0089,events,same,2,2,
06021C3A,Passive03_0090,events,same,2,2,
06021C6C,Passive03_0091,events,same,2,2,
06021C9E,Passive03_0092,exact,same,3,3,
06021CEC,Passive03_0093,exact,reordered,3,2,
06021D3A,Passive03_0094,exact,same,2,2,
06021D70,Passive03_0095,exact,same,3,3,
06021DB4,Passive03_0096,exact,same,3,3,
06021DF8,Passive03_0097,exact,same,4,4,
06021E72,Passive03_0098,events,reordered,7,5,
06021EFE,Passive03_0099,exact,reordered,5,3,
06021F88,Passive03_0100,events,same,4,4,
06021FD8,Passive03_0101,exact,same,3,3,
0602201C,Passive03_0102,events,same,4,4,
060220A0,Passive03_0103,exact,same,4,4,
060220DC,Passive03_0104,exact,same,2,2,
060220FC,Passive03_0105,events,same,5,5,
0602217C,Passive03_0106,exact,same,4,4,
060221B8,Passive03_0107,exact,same,3,3,
06022206,Passive03_0108,exact,same,2,2,
06022226,Passive03_0109,exact,same,3,3,
06022298,Passive03_0110,exact,same,4,4,
060222F4,Passive03_0111,exact,same,3,3,
06022338,Passive03_0112,events,same,4,4,
060223BA,Passive03_0113,events,same,3,3,
06022408,Passive03_0114,exact,same,2,2,
0602244A,Passive03_0115,events,reordered,4,3,
06022494,Passive03_0116,exact,same,2,2,
060224FA,Passive03_0117,exact,same,2,2,
0602253C,Passive03_0118,exact,same,2,2,
0602257E,Passive03_0119,exact,same,2,2,
0602259E,Passive03_0120,exact,same,2,2,
060225BE,Passive03_0121,exact,same,2,2,
0602260A,Passive03_0122,events,same,2,2,
0602263C,Passive03_0123,events,same,2,2,
0602266E,Passive03_0124,events,same,2,2,
060226A0,Passive03_0125,exact,same,2,2,
060226D2,Passive03_0126,exact,same,2,2,
060226F0,Passive03_0127,exact,same,3,3,
06022732,Passive03_0128,exact,same,2,2,
06022764,Passive03_0129,exact,same,2,2,
06022796,Passive03_0130,exact,same,3,3,
060227C0,Passive03_0131,exact,same,3,3,
06022800,Passive03_0132,exact,same,3,3,
0602285C,Passive03_0133,exact,same,3,3,
0602289C,Passive03_0134,exact,same,2,2,
060228BA,Passive03_0135,exact,same,2,2,
060228F0,Passive04,manual,unknown,0,0,
06022908,Passive04_0000,events,same,2,2,
0602293C,Passive04_0001,exact,same,5,5,
0602299E,Passive04_0002,exact,same,2,2,
060229D0,Passive04_0003,exact,same,2,2,
06022A02,Passive04_0004,exact,reordered,3,2,
06022A44,Passive04_0005,exact,same,2,2,
06022A9A,Passive04_0006,exact,same,5,5,
06022AFC,Passive04_0007,exact,same,3,3,
06022B4A,Passive04_0008,exact,same,3,3,
06022BBA,Passive04_0009,exact,same,4,4,
06022C1E,Passive04_0010,exact,same,3,3,0x8030
06022C64,Passive04_0011,exact,same,2,2,
06022CC8,Passive04_0012,exact,same,3,3,
06022D18,Passive04_0013,exact,same,4,4,
06022D64,Passive04_0014,exact,same,2,2,
06022DB4,Passive04_0015,exact,reordered,4,2,
06022DEC,Passive04_0016,exact,same,4,4,
06022E26,Passive04_0017,exact,same,4,4,
06022E5E,Passive04_0018,exact,same,4,4,
06022EB4,Passive04_0019,exact,same,2,2,
06022ED4,Passive04_0020,exact,same,2,2,
06022EF4,Passive04_0021,exact,same,4,4,
06022F42,Passive04_0022,exact,same,3,3,
06022FBC,Passive04_0023,exact,same,3,3,
0602300E,Passive04_0024,exact,same,4,4,
06023048,Passive04_0025,exact,same,5,5,
060230E4,Passive04_0026,exact,same,3,3,
06023128,Passive04_0027,exact,same,3,3,
06023168,Passive04_0028,exact,same,2,2,
06023188,Passive04_0029,exact,reordered,4,2,
060231C2,Passive04_0030,exact,same,2,2,
06023206,Passive04_0031,exact,same,2,2,
06023228,Passive04_0032,exact,same,3,3,
06023256,Passive04_0033,exact,same,3,3,
06023282,Passive04_0034,exact,same,2,2,
060232A2,Passive04_0035,exact,same,2,2,
060232C2,Passive04_0036,exact,same,2,2,
06023308,Passive04_0037,exact,same,4,4,
0602335C,Passive04_0038,exact,same,4,4,
060233AE,Passive04_0039,exact,same,4,4,
0602342E,Passive04_0040,exact,reordered,7,4,
06023498,Passive04_0041,exact,same,5,5,
06023506,Passive04_0042,exact,same,3,3,
0602352E,Passive04_0043,exact,same,3,3,
0602357C,Passive04_0044,exact,same,4,4,
06023600,Passive04_0045,exact,same,2,2,
06023622,Passive04_0046,exact,same,2,2,
06023642,Passive04_0047,exact,same,3,3,
06023682,Passive04_0048,exact,reordered,3,2,
060236AC,Passive04_0049,exact,same,2,2,
060236F0,Passive04_0050,exact,same,2,2,
06023710,Passive04_0051,exact,reordered,3,2,
06023734,Passive04_0052,exact,same,3,3,
06023760,Passive04_0053,exact,same,2,2,
06023782,Passive04_0054,exact,same,2,2,
060237A2,Passive04_0055,exact,same,2,2,
060237DC,Passive04_0056,exact,same,2,2,
0602381E,Passive04_0057,exact,same,2,2,
06023862,Passive04_0058,exact,same,2,2,
06023882,Passive04_0059,exact,same,2,2,
060238B4,Passive04_0060,exact,same,2,2,
060238FC,Passive04_0061,exact,same,2,2,
0602391C,Passive04_0062,exact,same,3,3,
0602395C,Passive04_0063,exact,same,4,4,
060239B2,Passive04_0064,exact,same,4,4,
06023A22,Passive04_0065,exact,same,3,3,
06023A4E,Passive04_0066,exact,same,3,3,
06023A8E,Passive04_0067,exact,same,2,2,
06023AAE,Passive04_0068,exact,same,4,4,
06023B24,Passive04_0069,exact,same,4,4,
06023B72,Passive04_0070,exact,same,5,5,
06023BCE,Passive04_0071,exact,same,4,4,
06023C5C,Passive04_0072,exact,same,3,3,
06023C9A,Passive04_0073,exact,same,3,3,
06023CDA,Passive04_0074,exact,same,4,4,
06023D52,Passive04_0075,exact,same,4,4,
06023DAC,Passive04_0076,exact,same,3,3,
06023DF2,Passive04_0077,exact,same,3,3,
06023E48,Passive04_0078,exact,same,3,3,
06023E74,Passive04_0079,exact,same,3,3,
06023EB4,Passive04_0080,exact,same,3,3,
06023EF4,Passive04_0081,exact,same,3,3,
06023F50,Passive04_0082,exact,same,3,3,0xffffffff
06023F92,Passive04_0083,exact,same,3,3,
06023FE2,Passive04_0084,exact,same,3,3,
06024058,Passive04_0085,exact,same,3,3,
060240A8,Passive04_0086,exact,same,3,3,
060240F8,Passive04_0087,exact,same,3,3,
06024136,Passive04_0088,exact,same,2,2,
0602417E,Passive04_0089,exact,same,4,4,
060241CC,Passive04_0090,exact,same,2,2,
060241FE,Passive04_0091,exact,same,2,2,
06024230,Passive04_0092,exact,same,2,2,
06024262,Passive04_0093,exact,same,2,2,
060242AE,Passive04_0094,exact,reordered,5,3,
06024302,Passive04_0095,exact,same,3,3,
06024348,Passive04_0096,exact,same,4,4,
060243C4,Passive04_0097,exact,same,3,3,
060243F0,Passive04_0098,exact,same,4,4,
0602444A,Passive04_0099,exact,same,3,3,
060244BC,Passive04_0100,exact,same,2,2,
060244DA,Passive04_0101,exact,same,3,3,
0602451A,Passive04_0102,exact,same,4,4,
0602457A,Passive04_0103,exact,same,4,4,
060245F6,Passive04_0104,exact,same,3,3,
06024636,Passive04_0105,exact,same,3,3,
06024676,Passive04_0106,exact,same,4,4,
060246DC,Passive04_0107,exact,same,4,4,
0602472A,Passive04_0108,exact,same,4,4,
0602477A,Passive04_0109,exact,same,2,2,
060247D4,Passive04_0110,exact,same,4,4,
06024830,Passive04_0111,exact,same,4,4,
0602488C,Passive04_0112,exact,same,5,5,
060248FE,Passive04_0113,exact,same,5,5,
06024964,Passive04_0114,exact,same,4,4,
060249B0,Passive04_0115,exact,same,2,2,
060249FE,Passive04_0116,exact,same,4,4,
06024A62,Passive04_0117,exact,same,3,3,
06024A8A,Passive04_0118,exact,same,2,2,
06024ACC,Passive04_0119,exact,same,3,3,
06024B58,Passive04_0120,exact,reordered,4,3,
06024BB6,Passive04_0121,exact,reordered,4,2,
06024BEE,Passive04_0122,exact,same,2,2,
06024C28,Passive04_0123,exact,same,2,2,
06024C5A,Passive04_0124,exact,same,2,2,
06024C8C,Passive04_0125,exact,same,2,2,
06024CBE,Passive04_0126,exact,same,2,2,
06024CF0,Passive04_0127,exact,same,3,3,
06024D54,Passive04_0128,exact,same,3,3,
06024D98,Passive04_0129,exact,same,3,3,
06024DE6,Passive04_0130,exact,reordered,4,3,
06024E2E,Passive04_0131,exact,reordered,4,3,
06024E92,Passive04_0132,exact,same,3,3,
06024EDE,Passive04_0133,exact,same,4,4,
06024F42,Passive04_0134,exact,same,3,3,
06024FB2,Passive04_0135,exact,same,3,3,
06024FFE,Passive04_0136,exact,same,2,2,
0602501C,Passive04_0137,exact,same,2,2,
0602504E,Passive04_0138,exact,same,2,2,
060250A0,Passive04_0139,exact,same,3,3,
060250F0,Passive04_0140,exact,same,4,4,
0602514E,Passive04_0141,exact,same,5,5,
06025204,Passive05,manual,unknown,0,0,
0602521C,Passive05_0000,events,same,2,2,
06025250,Passive05_0001,exact,same,2,2,
0602526E,Passive05_0002,events,same,2,2,
060252A0,Passive05_0003,events,same,2,2,
060252D2,Passive05_0004,exact,same,2,2,
06025304,Passive05_0005,events,same,2,2,
06025336,Passive05_0006,exact,same,3,3,
0602535E,Passive05_0007,high,same,3,3,
060253E2,Passive05_0008,events,same,3,3,
06025430,Passive05_0009,events,same,4,4,
06025494,Passive05_0010,exact,same,3,3,0x8030
060254F6,Passive05_0011,exact,same,3,3,
0602553C,Passive05_0012,exact,same,3,3,
06025588,Passive05_0013,events,same,3,3,
060255F4,Passive05_0014,exact,same,2,2,
06025612,Passive05_0015,exact,same,2,2,
06025632,Passive05_0016,exact,same,4,4,
0602566C,Passive05_0017,exact,same,4,4,
060256A4,Passive05_0018,events,same,4,4,
06025714,Passive05_0019,exact,same,2,2,
06025734,Passive05_0020,exact,same,2,2,
06025754,Passive05_0021,events,same,4,4,
060257A2,Passive05_0022,exact,same,3,3,
06025814,Passive05_0023,exact,same,3,3,
06025866,Passive05_0024,exact,same,4,4,
060258A0,Passive05_0025,events,same,3,3,
0602591C,Passive05_0026,exact,same,3,3,
06025960,Passive05_0027,events,same,3,3,
060259A0,Passive05_0028,events,same,3,3,
060259EE,Passive05_0029,exact,same,2,2,
06025A34,Passive05_0030,exact,same,2,2,
06025A54,Passive05_0031,exact,same,2,2,
06025A76,Passive05_0032,exact,same,2,2,
06025A98,Passive05_0033,exact,same,2,2,
06025ABA,Passive05_0034,exact,same,2,2,
06025ADA,Passive05_0035,exact,same,2,2,
06025AFA,Passive05_0036,exact,same,2,2,
06025B3C,Passive05_0037,exact,same,3,3,
06025B82,Passive05_0038,exact,same,3,3,
06025BC8,Passive05_0039,exact,same,3,3,
06025C0E,Passive05_0040,events,same,3,3,
06025C76,Passive05_0041,events,same,3,3,
06025CB6,Passive05_0042,exact,same,3,3,
06025CDE,Passive05_0043,events,same,3,3,
06025D50,Passive05_0044,exact,same,4,4,
06025DA4,Passive05_0045,exact,same,2,2,
06025DC4,Passive05_0046,exact,same,2,2,
06025DE4,Passive05_0047,exact,same,3,3,
06025E24,Passive05_0048,exact,same,2,2,
06025E72,Passive05_0049,exact,same,2,2,
06025E92,Passive05_0050,exact,same,2,2,
06025EB2,Passive05_0051,exact,reordered,3,2,
06025ED6,Passive05_0052,exact,same,2,2,
06025EF6,Passive05_0053,events,same,2,2,
06025F28,Passive05_0054,exact,same,3,3,
06025F8E,Passive05_0055,events,same,2,2,
06025FC0,Passive05_0056,exact,same,3,3,
0602600C,Passive05_0057,exact,same,2,2,
0602604E,Passive05_0058,exact,same,2,2,
06026098,Passive05_0059,events,reordered,4,3,
060260F2,Passive05_0060,exact,same,2,2,
06026110,Passive05_0061,exact,same,2,2,
06026130,Passive05_0062,exact,reordered,4,2,
06026190,Passive05_0063,exact,same,2,2,
060261C2,Passive05_0064,exact,same,4,4,
06026210,Passive05_0065,events,same,4,4,
0602625E,Passive05_0066,exact,same,3,3,
060262BA,Passive05_0067,exact,same,2,2,
060262DA,Passive05_0068,exact,same,2,2,
060262FA,Passive05_0069,exact,same,4,4,
06026348,Passive05_0070,exact,same,6,6,
060263CA,Passive05_0071,events,same,4,4,
0602642E,Passive05_0072,exact,same,4,4,
060264AC,Passive05_0073,exact,reordered,6,5,0xffffffff
0602651E,Passive05_0074,events,same,4,4,
060265AC,Passive05_0075,events,same,5,5,
06026610,Passive05_0076,exact,same,3,3,
06026656,Passive05_0077,exact,same,3,3,
060266B0,Passive05_0078,exact,same,3,3,
060266DC,Passive05_0079,exact,same,2,2,
060266FA,Passive05_0080,events,same,1,1,
0602670E,Passive05_0081,events,reordered,6,5,
060267C0,Passive05_0082,events,same,6,6,
06026844,Passive05_0083,exact,same,2,2,
06026862,Passive05_0084,exact,same,2,2,
060268D8,Passive05_0085,exact,same,3,3,
0602691E,Passive05_0086,events,same,5,5,
06026980,Passive05_0087,exact,same,2,2,
060269A0,Passive05_0088,events,same,3,3,
06026A12,Passive05_0089,exact,same,2,2,
06026A32,Passive05_0090,events,same,3,3,
06026A7A,Passive05_0091,exact,same,4,4,
06026AD2,Passive05_0092,exact,same,2,2,
06026B36,Passive05_0093,exact,same,2,2,
06026B78,Passive05_0094,exact,same,3,3,
06026BBC,Passive05_0095,events,same,3,3,
06026C34,Passive05_0096,exact,reordered,4,3,
06026C7C,Passive05_0097,exact,same,2,2,
06026C9C,Passive05_0098,events,same,2,2,
06026CCE,Passive05_0099,exact,same,2,2,
06026CEC,Passive05_0100,events,same,3,3,
06026D5A,Passive05_0101,exact,same,2,2,
06026D8C,Passive06,manual,unknown,0,0,
06026DA4,Passive06_0000,events,same,2,2,
06026DD8,Passive06_0001,exact,same,3,3,
06026E00,Passive06_0002,exact,same,3,3,
06026E44,Passive06_0003,exact,same,3,3,
06026E88,Passive06_0004,exact,same,2,2,
06026EA8,Passive06_0005,exact,same,2,2,
06026EC8,Passive06_0006,exact,same,3,3,
06026F0C,Passive06_0007,exact,same,2,2,
06026F5A,Passive06_0008,exact,same,3,3,
06026F9E,Passive06_0009,exact,same,2,2,
06026FBE,Passive06_0010,exact,same,2,2,
06026FDE,Passive06_0011,exact,same,2,2,
06026FFE,Passive06_0012,exact,same,3,3,
06027066,Passive06_0013,exact,same,3,3,
060270A6,Passive06_0014,exact,same,3,3,
060270E6,Passive06_0015,exact,same,3,3,
06027126,Passive06_0016,exact,same,2,2,
06027158,Passive06_0017,exact,same,2,2,
0602718A,Passive06_0018,exact,same,2,2,
060271BC,Passive06_0019,exact,same,2,2,
060271EE,Passive06_0020,exact,same,2,2,
06027220,Passive06_0021,exact,same,2,2,
06027252,Passive06_0022,exact,same,2,2,
06027294,Passive06_0023,exact,same,2,2,
060272C6,Passive06_0024,exact,same,2,2,
060272F8,Passive06_0025,exact,same,4,4,
06027356,Passive06_0026,exact,same,4,4,
060273B4,Passive06_0027,exact,same,4,4,
06027412,Passive06_0028,exact,same,4,4,
06027472,Passive06_0029,exact,same,4,4,
060274EC,Passive06_0030,exact,same,5,5,
06027560,Passive06_0031,exact,same,5,5,
060275D0,Passive06_0032,exact,same,4,4,
06027646,Passive06_0033,exact,same,4,4,
0602769A,Passive06_0034,exact,same,5,5,
06027734,Passive06_0035,exact,same,5,5,
060277A2,Passive06_0036,exact,same,5,5,
06027830,Passive06_0037,exact,same,5,5,
060278A0,Passive06_0038,exact,same,5,5,
06027910,Passive06_0039,exact,same,4,4,
06027970,Passive06_0040,exact,same,4,4,
060279EE,Passive06_0041,exact,reordered,6,5,
06027A68,Passive06_0042,exact,reordered,7,6,
06027B14,Passive06_0043,exact,same,3,3,
06027B58,Passive06_0044,exact,same,3,3,
06027B9C,Passive06_0045,exact,same,3,3,
06027C02,Passive06_0046,exact,same,3,3,
06027C46,Passive06_0047,exact,same,3,3,
06027C8A,Passive06_0048,exact,same,5,5,
06027D26,Passive06_0049,exact,same,3,3,
06027D6A,Passive06_0050,exact,same,3,3,
06027DAE,Passive06_0051,exact,same,3,3,
06027E2C,Passive06_0052,exact,same,3,3,
06027E7A,Passive06_0053,exact,same,3,3,
06027EC0,Passive06_0054,exact,same,5,5,
06027F20,Passive06_0055,exact,reordered,6,5,
06027F96,Passive06_0056,exact,same,6,6,
0602802C,Passive06_0057,exact,reordered,7,6,
060280BE,Passive06_0058,exact,same,3,3,
06028108,Passive06_0059,exact,same,5,5,
06028172,Passive06_0060,exact,same,2,2,
060281E2,Passive06_0061,exact,same,2,2,
06028224,Passive06_0062,exact,same,2,2,
06028266,Passive06_0063,exact,same,2,2,
060282C8,Passive06_0064,exact,same,4,4,
0602832E,Passive06_0065,exact,same,3,3,
0602837C,Passive06_0066,exact,reordered,5,4,
06028414,Passive06_0067,exact,same,4,4,
06028462,Passive06_0068,exact,same,4,4,
0602849A,Passive06_0069,exact,same,4,4,
060284F6,Passive06_0070,exact,same,5,5,
06028552,Passive06_0071,exact,same,6,6,
060285DC,Passive06_0072,exact,same,6,6,
06028646,Passive06_0073,exact,same,6,6,
060286D0,Passive06_0074,exact,same,6,6,
0602873A,Passive06_0075,exact,same,6,6,
060287A4,Passive06_0076,exact,same,4,4,
060287F4,Passive06_0077,exact,same,8,8,
0602887E,Passive06_0078,exact,same,3,3,
060288F0,Passive06_0079,exact,same,3,3,
0602891C,Passive06_0080,exact,same,3,3,
06028948,Passive06_0081,exact,same,3,3,
06028974,Passive06_0082,exact,same,3,3,
060289A0,Passive06_0083,exact,same,3,3,
060289E0,Passive06_0084,exact,same,3,3,
06028A0C,Passive06_0085,exact,same,2,2,
06028A2C,Passive06_0086,exact,same,3,3,
06028A58,Passive06_0087,exact,same,3,3,
06028A84,Passive06_0088,exact,same,2,2,
06028AC0,Passive06_0089,exact,same,4,4,
06028B0E,Passive06_0090,exact,same,4,4,
06028B64,Passive06_0091,exact,same,4,4,
06028BD8,Passive06_0092,exact,reordered,7,5,
06028C50,Passive06_0093,exact,same,3,3,
06028C7C,Passive06_0094,exact,same,3,3,
06028CE8,Passive06_0095,exact,same,3,3,
06028D30,Passive06_0096,exact,same,2,2,
06028D50,Passive06_0097,exact,same,2,2,
06028D70,Passive06_0098,exact,same,2,2,
06028D90,Passive06_0099,exact,same,2,2,
06028DAE,Passive06_0100,exact,same,2,2,
06028E00,Passive06_0101,exact,same,3,3,
06028E40,Passive06_0102,exact,same,2,2,
06028E5E,Passive06_0103,exact,same,6,6,
06028ECE,Passive06_0104,exact,same,5,5,
06028F10,Passive06_0105,exact,reordered,4,3,
06028F62,Passive06_0106,exact,same,3,3,
06028FAC,Passive06_0107,exact,same,4,4,
06029014,Passive06_0108,exact,same,4,4,
06029074,Passive06_0109,exact,same,3,3,
060290B8,Passive06_0110,exact,same,2,2,
060290D6,Passive06_0111,exact,same,2,2,
0602910C,Passive06_0112,exact,same,4,4,
0602915C,Passive06_0113,exact,same,3,3,
06029184,Passive06_0114,exact,same,2,2,
060291A2,Passive06_0115,exact,same,2,2,
0602921E,Passive06_0116,exact,same,2,2,
0602923C,Passive06_0117,exact,same,2,2,
0602927E,Passive06_0118,exact,same,4,4,
06029300,Passive06_0119,exact,same,6,6,
0602936E,Passive06_0120,exact,same,6,6,
060293DC,Passive06_0121,exact,same,3,3,
0602942C,Passive06_0122,exact,same,2,2,
0602944C,Passive06_0123,exact,same,3,3,
06029490,Passive06_0124,exact,same,3,3,
060294D4,Passive06_0125,exact,same,3,3,
06029548,Passive06_0126,exact,same,3,3,
0602958C,Passive06_0127,exact,same,4,4,
060295DC,Passive06_0128,exact,same,3,3,
0602965E,Passive06_0129,exact,same,2,2,
0602967C,Passive06_0130,exact,same,4,4,
060296D6,Passive06_0131,exact,same,3,3,
06029750,Passive06_0132,exact,same,7,7,
060297E8,Passive06_0133,exact,same,7,7,
060298B6,Passive06_0134,exact,same,3,3,
06029902,Passive06_0135,exact,same,4,4,
0602998C,Passive06_0136,exact,same,6,6,
06029A14,Passive06_0137,exact,same,2,2,
06029A4A,Passive06_0138,exact,same,3,3,
06029AD2,Passive06_0139,exact,reordered,4,3,
06029B2E,Passive06_0140,exact,same,3,3,
06029B80,Passive06_0141,exact,same,3,3,
06029C02,Passive06_0142,exact,same,3,3,
06029C54,Passive06_0143,exact,same,3,3,
06029CA6,Passive06_0144,exact,same,3,3,
06029D16,Passive06_0145,exact,same,2,2,
06029D58,Passive06_0146,exact,same,2,2,
06029DC0,Passive07,manual,unknown,0,0,
06029DD8,Passive07_0000,events,same,2,2,
06029E0C,Passive07_0001,exact,same,3,3,
06029E34,Passive07_0002,exact,same,2,2,
06029E52,Passive07_0003,exact,same,3,3,
06029E9E,Passive07_0004,exact,same,3,3,
06029F16,Passive07_0005,exact,same,3,3,
06029F42,Passive07_0006,exact,same,5,5,
06029FA4,Passive07_0007,exact,same,5,5,
0602A032,Passive07_0008,exact,reordered,5,4,
0602A08E,Passive07_0009,exact,same,3,3,
0602A108,Passive07_0010,exact,reordered,7,6,
0602A192,Passive07_0011,exact,same,3,3,
0602A1D6,Passive07_0012,exact,same,3,3,
0602A246,Passive07_0013,exact,same,3,3,
0602A272,Passive07_0014,exact,same,3,3,
0602A29E,Passive07_0015,exact,reordered,4,3,
0602A2D6,Passive07_0016,exact,same,3,3,
0602A324,Passive07_0017,exact,same,3,3,
0602A350,Passive07_0018,exact,same,2,2,
0602A382,Passive07_0019,exact,same,3,3,
0602A3C2,Passive07_0020,exact,same,3,3,
0602A3F0,Passive07_0021,exact,same,3,3,
0602A440,Passive07_0022,exact,same,3,3,
0602A46E,Passive07_0023,exact,same,3,3,
0602A4AE,Passive07_0024,exact,same,5,5,
0602A50C,Passive07_0025,exact,same,2,2,
0602A574,Passive07_0026,exact,same,2,2,
0602A5BA,Passive07_0027,exact,same,3,3,
0602A612,Passive07_0028,events,same,1,1,
0602A626,Passive07_0029,exact,same,4,4,
0602A678,Passive07_0030,exact,same,4,4,
0602A6D0,Passive07_0031,exact,reordered,5,4,
0602A716,Passive07_0032,exact,reordered,4,3,
0602A752,Passive07_0033,exact,same,3,3,
0602A79C,Passive07_0034,exact,same,4,4,
0602A7F2,Passive07_0035,exact,same,2,2,
0602A824,Passive07_0036,exact,same,2,2,
0602A856,Passive07_0037,exact,same,2,2,
0602A888,Passive07_0038,exact,same,3,3,
0602A8D6,Passive07_0039,exact,same,3,3,
0602A924,Passive07_0040,exact,same,3,3,
0602A972,Passive07_0041,exact,same,4,4,
0602A9F2,Passive07_0042,exact,same,2,2,
0602AA10,Passive07_0043,exact,same,2,2,
0602AA52,Passive07_0044,exact,same,2,2,
0602AA94,Passive07_0045,exact,same,2,2,
0602AAC6,Passive07_0046,exact,same,2,2,
0602AB1A,Passive07_0047,exact,same,2,2,
0602AB4C,Passive07_0048,exact,reordered,4,3,
0602AB94,Passive07_0049,exact,reordered,4,3,
0602ABDC,Passive07_0050,exact,same,3,3,
0602AC1C,Passive07_0051,exact,reordered,4,3,
0602AC7E,Passive07_0052,exact,same,4,4,
0602ACE6,Passive07_0053,exact,same,4,4,
0602AD78,Passive07_0054,exact,reordered,4,3,
0602ADB0,Passive07_0055,exact,same,4,4,
0602ADE8,Passive07_0056,exact,same,5,5,
0602AE74,Passive07_0057,exact,same,5,5,
0602AED8,Passive07_0058,exact,same,3,3,
0602AF06,Passive07_0059,exact,same,2,2,
0602AF4E,Passive07_0060,exact,same,2,2,
0602AFBA,Passive07_0061,exact,same,4,4,
0602AFF0,Passive07_0062,exact,same,3,3,
0602B01C,Passive07_0063,exact,reordered,8,6,
0602B0E0,Passive07_0064,exact,same,3,3,
0602B10C,Passive07_0065,exact,same,4,4,
0602B1A0,Passive07_0066,exact,same,3,3,
0602B1E0,Passive07_0067,exact,same,3,3,
0602B220,Passive07_0068,exact,same,2,2,
0602B252,Passive07_0069,exact,same,2,2,
0602B272,Passive07_0070,exact,same,4,4,
0602B2F0,Passive07_0071,exact,same,3,3,
0602B318,Passive07_0072,exact,same,3,3,
0602B342,Passive07_0073,exact,same,2,2,
0602B362,Passive07_0074,exact,same,3,3,
0602B3DE,Passive07_0075,exact,same,4,4,
0602B43C,Passive07_0076,exact,same,3,3,
0602B468,Passive07_0077,exact,same,2,2,
0602B488,Passive07_0078,exact,same,3,3,
0602B4F4,Passive07_0079,exact,same,4,4,
0602B54A,Passive07_0080,exact,same,4,4,
0602B5B2,Passive07_0081,exact,same,4,4,
0602B64C,Passive07_0082,exact,reordered,7,5,
0602B71C,Passive07_0083,exact,same,2,2,
0602B73E,Passive07_0084,exact,same,2,2,
0602B75E,Passive07_0085,exact,same,2,2,
0602B780,Passive07_0086,exact,same,2,2,
0602B7A0,Passive07_0087,exact,same,2,2,
0602B7D2,Passive07_0088,exact,same,2,2,
0602B810,Passive07_0089,exact,reordered,4,3,
0602B862,Passive07_0090,exact,same,5,5,
0602B8C6,Passive07_0091,exact,reordered,6,5,
0602B94E,Passive07_0092,exact,same,6,6,
0602B9CA,Passive07_0093,exact,same,4,4,
0602BA4A,Passive07_0094,exact,same,4,4,
0602BA98,Passive07_0095,exact,same,3,3,
0602BAD8,Passive07_0096,exact,same,3,3,
0602BB3C,Passive07_0097,exact,same,3,3,
0602BB84,Passive07_0098,exact,same,2,2,
0602BBA4,Passive07_0099,exact,same,2,2,
0602BBC4,Passive07_0100,exact,reordered,5,3,
0602BC3C,Passive07_0101,exact,same,4,4,
0602BC92,Passive07_0102,exact,same,4,4,
0602BD00,Passive07_0103,exact,same,3,3,
0602BD60,Passive07_0104,exact,same,3,3,
0602BDA0,Passive07_0105,exact,same,5,5,
0602BE14,Passive07_0106,exact,same,2,2,
0602BE88,Passive07_0107,exact,same,3,3,
0602BED6,Passive07_0108,exact,same,3,3,
0602BF24,Passive07_0109,exact,same,3,3,
0602BF72,Passive07_0110,exact,same,5,5,
0602BFD6,Passive07_0111,exact,same,5,5,
0602C03A,Passive07_0112,exact,same,2,2,
0602C05A,Passive07_0113,exact,same,4,4,
0602C0D4,Passive07_0114,exact,reordered,4,3,
0602C130,Passive07_0115,exact,same,4,4,
0602C1BC,Passive07_0116,exact,same,2,2,
0602C1DA,Passive07_0117,exact,same,3,3,
0602C21A,Passive07_0118,exact,same,3,3,
0602C25A,Passive07_0119,exact,same,2,2,
0602C27C,Passive07_0120,exact,reordered,4,3,
0602C2E2,Passive07_0121,exact,same,2,2,
0602C302,Passive07_0122,exact,reordered,3,2,
0602C32E,Passive07_0123,exact,reordered,4,2,
0602C374,Passive07_0124,exact,reordered,4,3,
0602C3D6,Passive07_0125,exact,same,4,4,0xffffffff
0602C424,Passive07_0126,exact,reordered,5,3,
0602C49C,Passive07_0127,exact,reordered,6,4,
0602C520,Passive07_0128,exact,same,5,5,
0602C5C2,Passive07_0129,exact,reordered,7,4,
0602C64E,Passive07_0130,exact,same,5,5,
0602C6F0,Passive07_0131,exact,same,3,3,
0602C738,Passive07_0132,exact,same,4,4,
0602C7C4,Passive07_0133,exact,same,5,5,
0602C842,Passive07_0134,exact,same,4,4,
0602C8D4,Passive07_0135,exact,same,3,3,
0602C922,Passive07_0136,exact,same,4,4,
0602C974,Passive07_0137,exact,same,4,4,
0602C9F0,Passive07_0138,exact,reordered,6,4,
0602CA5C,Passive07_0139,exact,same,5,5,
0602CAE0,Passive07_0140,exact,same,5,5,
0602CB44,Passive07_0141,exact,same,3,3,
0602CB84,Passive07_0142,exact,same,5,5,
0602CBF8,Passive07_0143,exact,same,5,5,
0602CC66,Passive07_0144,exact,same,6,6,
0602CD1C,Passive07_0145,exact,same,6,6,
0602CDA0,Passive07_0146,exact,same,4,4,
0602CDF6,Passive07_0147,exact,reordered,7,5,
0602CE9A,Passive07_0148,exact,reordered,5,4,
0602CEEE,Passive07_0149,exact,reordered,6,4,
0602CF72,Passive07_0150,exact,reordered,5,4,
0602CFC6,Passive07_0151,exact,reordered,7,5,0xffffffff
0602D064,Passive07_0152,exact,reordered,5,4,
0602D0D0,Passive07_0153,exact,same,4,4,
0602D126,Passive07_0154,exact,same,3,3,
0602D180,Passive07_0155,exact,same,3,3,
0602D1AC,Passive07_0156,exact,same,4,4,
0602D1FA,Passive07_0157,events,same,7,7,
0602D2C4,Passive07_0158,exact,same,7,7,0xffffffff
0602D388,Passive07_0159,exact,same,5,5,
0602D3EC,Passive07_0160,exact,same,4,4,
0602D454,Passive07_0161,exact,same,4,4,
0602D4EC,Passive07_0162,exact,differs,9,4,
0602D5E6,Passive07_0163,exact,reordered,6,4,
0602D66E,Passive07_0164,exact,same,3,3,
0602D6EA,Passive07_0165,exact,same,4,4,
0602D752,Passive07_0166,exact,same,3,3,
0602D7C8,Passive07_0167,exact,same,6,6,
0602D85A,Passive07_0168,exact,same,2,2,
0602D87C,Passive07_0169,exact,same,2,2,
0602D89C,Passive07_0170,exact,same,3,3,
0602D8F6,Passive07_0171,exact,same,3,3,
0602D922,Passive07_0172,exact,same,3,3,
0602D94E,Passive07_0173,exact,reordered,5,3,
0602D9E4,Passive07_0174,exact,same,6,6,
0602DA68,Passive07_0175,exact,reordered,4,3,
0602DAB2,Passive07_0176,exact,reordered,6,4,
0602DB44,Passive07_0177,exact,same,4,4,
0602DBA6,Passive07_0178,exact,same,6,6,
0602DC54,Passive07_0179,exact,same,3,3,
0602DC82,Passive07_0180,exact,same,3,3,
0602DCC4,Passive07_0181,exact,same,4,4,
0602DD34,Passive07_0182,exact,same,2,2,
0602DD54,Passive07_0183,exact,same,4,4,
0602DDBC,Passive07_0184,exact,reordered,7,5,
0602DE80,Passive07_0185,exact,same,2,2,
0602DEA0,Passive07_0186,exact,same,2,2,
0602DED2,Passive07_0187,exact,same,2,2,
0602DF04,Passive07_0188,exact,same,2,2,
0602DF50,Passive07_0189,exact,same,3,3,
0602DF9C,Passive07_0190,exact,same,3,3,
0602DFE8,Passive07_0191,exact,same,3,3,
0602E030,Passive07_0192,exact,same,3,3,
0602E094,Passive07_0193,exact,same,3,3,
0602E0DE,Passive07_0194,exact,same,3,3,
0602E124,Passive07_0195,exact,same,3,3,
0602E190,Passive07_0196,exact,same,3,3,
0602E1DC,Passive07_0197,exact,same,3,3,
0602E220,Passive07_0198,exact,same,3,3,
0602E266,Passive07_0199,exact,same,3,3,
0602E2C8,Passive07_0200,exact,same,3,3,
0602E308,Passive07_0201,exact,same,4,4,
0602E35E,Passive07_0202,exact,same,4,4,
0602E3B4,Passive07_0203,exact,same,2,2,
0602E3EA,Passive07_0204,exact,same,3,3,
0602E436,Passive07_0205,exact,same,3,3,
0602E45E,Passive07_0206,exact,same,2,2,
0602E4A0,Passive07_0207,exact,same,3,3,
0602E526,Passive07_0208,exact,same,3,3,0xaf
0602E58A,Passive07_0209,exact,same,3,3,
0602E5E4,Passive07_0210,exact,same,2,2,
0602E626,Passive07_0211,exact,same,2,2,
0602E658,Passive07_0212,exact,same,4,4,
0602E6BA,Passive07_0213,exact,reordered,5,4,
0602E748,Passive08,manual,unknown,0,0,
0602E760,Passive08_0000,events,same,2,2,
0602E794,Passive08_0001,exact,same,3,3,
0602E7BC,Passive08_0002,exact,same,5,5,
0602E81C,Passive08_0003,exact,same,3,3,
0602E894,Passive08_0004,exact,same,4,4,
0602E8F6,Passive08_0005,exact,same,3,3,
0602E922,Passive08_0006,exact,same,4,4,
0602E9A4,Passive08_0007,exact,same,4,4,
0602E9F8,Passive08_0008,exact,same,3,3,
0602EA3A,Passive08_0009,exact,same,3,3,
0602EAB4,Passive08_0010,exact,same,5,5,
0602EB22,Passive08_0011,exact,same,2,2,
0602EB40,Passive08_0012,exact,same,3,3,
0602EB6E,Passive08_0013,exact,same,3,3,
0602EBC4,Passive08_0014,exact,reordered,4,3,
0602EBFC,Passive08_0015,exact,reordered,4,3,
0602EC34,Passive08_0016,exact,same,3,3,
0602EC60,Passive08_0017,exact,same,3,3,
0602ECA4,Passive08_0018,exact,same,3,3,
0602ECE8,Passive08_0019,exact,same,3,3,
0602ED28,Passive08_0020,exact,same,3,3,
0602ED56,Passive08_0021,exact,same,3,3,
0602EDAC,Passive08_0022,exact,same,2,2,
0602EDCE,Passive08_0023,exact,same,4,4,
0602EE24,Passive08_0024,exact,same,3,3,
0602EE64,Passive08_0025,exact,same,3,3,
0602EEBC,Passive08_0026,exact,same,2,2,
0602EEEE,Passive08_0027,exact,same,2,2,
0602EF20,Passive08_0028,exact,same,2,2,
0602EF52,Passive08_0029,exact,same,4,4,
0602EFA4,Passive08_0030,exact,same,4,4,
0602F008,Passive08_0031,exact,reordered,5,4,
0602F04E,Passive08_0032,exact,reordered,4,3,
0602F08A,Passive08_0033,exact,same,3,3,
0602F0D4,Passive08_0034,exact,same,4,4,
0602F12A,Passive08_0035,exact,same,2,2,
0602F15C,Passive08_0036,exact,same,2,2,
0602F18E,Passive08_0037,exact,same,2,2,
0602F1C0,Passive08_0038,exact,same,3,3,
0602F20E,Passive08_0039,exact,same,3,3,
0602F25C,Passive08_0040,exact,same,3,3,
0602F2AA,Passive08_0041,exact,same,4,4,
0602F32A,Passive08_0042,exact,same,2,2,
0602F348,Passive08_0043,exact,same,2,2,
0602F38A,Passive08_0044,exact,same,2,2,
0602F3CC,Passive08_0045,exact,same,2,2,
0602F3FE,Passive08_0046,exact,same,2,2,
0602F452,Passive08_0047,exact,same,2,2,
0602F484,Passive08_0048,exact,same,2,2,
0602F4A4,Passive08_0049,exact,reordered,3,2,
0602F4C8,Passive08_0050,exact,same,3,3,
0602F508,Passive08_0051,exact,reordered,4,3,
0602F566,Passive08_0052,exact,same,3,3,
0602F5C0,Passive08_0053,exact,same,4,4,
0602F64C,Passive08_0054,exact,reordered,4,3,
0602F684,Passive08_0055,exact,same,3,3,
0602F6B2,Passive08_0056,exact,reordered,8,5,
0602F77E,Passive08_0057,exact,same,5,5,
0602F7E2,Passive08_0058,exact,same,2,2,
0602F800,Passive08_0059,exact,same,3,3,
0602F854,Passive08_0060,exact,same,3,3,
0602F894,Passive08_0061,exact,same,4,4,
0602F8CA,Passive08_0062,exact,same,3,3,
0602F8F6,Passive08_0063,exact,same,3,3,
0602F96E,Passive08_0064,exact,same,3,3,
0602F99A,Passive08_0065,exact,same,4,4,
0602FA02,Passive08_0066,exact,reordered,9,8,
0602FACA,Passive08_0067,exact,same,3,3,
0602FB0A,Passive08_0068,exact,same,4,4,
0602FB40,Passive08_0069,exact,same,2,2,
0602FB60,Passive08_0070,exact,same,4,4,
0602FBF2,Passive08_0071,exact,same,3,3,
0602FC1A,Passive08_0072,exact,same,4,4,
0602FC50,Passive08_0073,exact,same,2,2,
0602FC70,Passive08_0074,exact,same,3,3,
0602FCE6,Passive08_0075,exact,same,4,4,
0602FD44,Passive08_0076,exact,same,3,3,
0602FD70,Passive08_0077,exact,same,2,2,
0602FD90,Passive08_0078,exact,same,4,4,
0602FE10,Passive08_0079,exact,same,4,4,
0602FE66,Passive08_0080,exact,same,4,4,
0602FEF8,Passive08_0081,exact,same,4,4,
0602FF68,Passive08_0082,exact,reordered,7,5,
06030032,Passive08_0083,exact,same,2,2,
06030054,Passive08_0084,exact,same,2,2,
06030076,Passive08_0085,exact,same,2,2,
06030098,Passive08_0086,exact,same,2,2,
060300B8,Passive08_0087,exact,same,2,2,
060300EA,Passive08_0088,exact,same,2,2,
0603012C,Passive08_0089,exact,reordered,4,3,
0603017E,Passive08_0090,exact,same,5,5,0xffffffff
060301E2,Passive08_0091,exact,same,5,5,0xffffffff
06030264,Passive08_0092,exact,same,6,6,
060302E0,Passive08_0093,exact,same,4,4,
0603035C,Passive08_0094,exact,same,4,4,
060303AA,Passive08_0095,exact,same,3,3,
060303EA,Passive08_0096,exact,same,3,3,0xffffffff
0603042A,Passive08_0097,exact,same,3,3,
06030494,Passive08_0098,exact,same,2,2,
060304B4,Passive08_0099,exact,same,2,2,
060304D4,Passive08_0100,exact,same,2,2,
060304F4,Passive08_0101,exact,same,4,4,0xffffffff
06030568,Passive08_0102,exact,same,4,4,0xffffffff
060305D6,Passive08_0103,exact,same,3,3,
06030616,Passive08_0104,exact,same,3,3,
06030678,Passive08_0105,exact,same,5,5,
060306EC,Passive08_0106,exact,same,2,2,
06030730,Passive08_0107,exact,same,3,3,
060307AE,Passive08_0108,exact,same,3,3,
060307FC,Passive08_0109,exact,same,3,3,
0603084A,Passive08_0110,exact,same,5,5,
060308AE,Passive08_0111,exact,same,5,5,
06030912,Passive08_0112,exact,same,2,2,
06030932,Passive08_0113,exact,same,2,2,
06030976,Passive08_0114,exact,reordered,4,3,
060309D2,Passive08_0115,exact,same,5,5,0xffffffff
06030A74,Passive08_0116,exact,same,2,2,
06030A92,Passive08_0117,exact,same,3,3,
06030AD2,Passive08_0118,exact,same,3,3,
06030B12,Passive08_0119,exact,same,3,3,
06030B6C,Passive08_0120,exact,reordered,4,3,
06030BB0,Passive08_0121,exact,same,2,2,
06030BD0,Passive08_0122,exact,reordered,3,2,
06030BFC,Passive08_0123,exact,reordered,4,2,
06030C58,Passive08_0124,exact,reordered,4,3,
06030CA2,Passive08_0125,exact,same,4,4,0xffffffff
06030CF0,Passive08_0126,exact,reordered,5,3,0xffffffff
06030D66,Passive08_0127,exact,reordered,6,4,
06030DEA,Passive08_0128,exact,same,5,5,
06030E8C,Passive08_0129,exact,reordered,7,4,
06030F18,Passive08_0130,exact,same,5,5,0xffffffff
06030FC2,Passive08_0131,exact,same,3,3,
0603100A,Passive08_0132,exact,same,4,4,
0603109A,Passive08_0133,exact,same,5,5,0xffffffff
06031118,Passive08_0134,exact,same,5,5,
060311B8,Passive08_0135,exact,same,3,3,
06031206,Passive08_0136,exact,same,4,4,
06031258,Passive08_0137,exact,same,4,4,
060312CC,Passive08_0138,exact,same,4,4,
0603131A,Passive08_0139,exact,same,5,5,
0603137E,Passive08_0140,exact,same,5,5,
060313E2,Passive08_0141,exact,reordered,8,7,
06031472,Passive08_0142,exact,same,8,8,
06031542,Passive08_0143,exact,reordered,8,7,
060315DA,Passive08_0144,exact,same,6,6,
0603165E,Passive08_0145,exact,same,6,6,
0603171C,Passive08_0146,exact,same,4,4,
06031772,Passive08_0147,exact,same,3,3,
060317AE,Passive08_0148,exact,same,3,3,
060317F6,Passive08_0149,exact,same,3,3,
0603183E,Passive08_0150,exact,same,4,4,
060318AA,Passive08_0151,exact,reordered,7,5,0xffffffff
06031928,Passive08_0152,exact,reordered,5,3,
060319AE,Passive08_0153,exact,same,4,4,
06031A04,Passive08_0154,exact,same,3,3,
06031A30,Passive08_0155,exact,same,3,3,
06031A84,Passive08_0156,exact,same,4,4,
06031AD2,Passive08_0157,events,same,7,7,
06031BA8,Passive08_0158,exact,same,7,7,0xffffffff
06031C42,Passive08_0159,exact,same,9,9,
06031D1A,Passive08_0160,exact,same,4,4,
06031D82,Passive08_0161,exact,same,4,4,
06031E24,Passive08_0162,exact,reordered,5,3,
06031E90,Passive08_0163,exact,reordered,6,4,
06031F40,Passive08_0164,exact,reordered,5,3,
06031FAC,Passive08_0165,exact,same,4,4,
0603203C,Passive08_0166,exact,reordered,4,3,
06032098,Passive08_0167,exact,reordered,5,4,
0603213A,Passive08_0168,exact,same,2,2,
0603215C,Passive08_0169,exact,reordered,3,2,
06032186,Passive08_0170,exact,same,3,3,
060321B2,Passive08_0171,exact,same,3,3,
060321DE,Passive08_0172,exact,same,3,3,
0603222E,Passive08_0173,exact,same,2,2,
06032260,Passive08_0174,exact,same,7,7,
06032320,Passive08_0175,exact,reordered,4,3,
0603236A,Passive08_0176,exact,reordered,6,4,
060323DC,Passive08_0177,exact,same,4,4,
06032458,Passive08_0178,exact,same,5,5,
060324D6,Passive08_0179,exact,same,3,3,
06032534,Passive08_0180,exact,reordered,5,3,
060325A2,Passive08_0181,exact,same,4,4,
060325F2,Passive08_0182,exact,same,2,2,
06032630,Passive08_0183,exact,same,4,4,
06032698,Passive08_0184,exact,reordered,7,5,
0603275A,Passive08_0185,exact,same,2,2,
0603277A,Passive08_0186,exact,same,5,5,
060327E2,Passive08_0187,exact,same,5,5,
0603286E,Passive08_0188,exact,same,5,5,
060328D6,Passive08_0189,exact,same,3,3,
06032922,Passive08_0190,exact,same,3,3,
0603296E,Passive08_0191,exact,same,3,3,
060329B6,Passive08_0192,exact,same,3,3,
06032A28,Passive08_0193,exact,same,3,3,
06032A72,Passive08_0194,exact,same,3,3,
06032AB8,Passive08_0195,exact,same,3,3,
06032B24,Passive08_0196,exact,same,3,3,
06032B70,Passive08_0197,exact,same,3,3,
06032BB4,Passive08_0198,exact,same,3,3,
06032BFA,Passive08_0199,exact,same,3,3,
06032C5A,Passive08_0200,exact,same,6,6,
06032CD2,Passive08_0201,exact,same,5,5,
06032D34,Passive08_0202,exact,same,4,4,
06032D8A,Passive08_0203,exact,same,3,3,
06032DC8,Passive08_0204,exact,same,3,3,
06032E06,Passive08_0205,exact,same,3,3,
06032E2E,Passive08_0206,exact,same,2,2,
06032E9E,Passive08_0207,exact,same,3,3,
06032EF8,Passive08_0208,exact,same,3,3,0xaf
06032F5C,Passive08_0209,exact,same,3,3,
06032FDA,Passive08_0210,exact,same,3,3,
0603302C,Passive08_0211,exact,same,2,2,
0603304C,Passive08_0212,exact,same,2,2,
0603307E,Passive08_0213,exact,same,2,2,
060330F0,Passive09,manual,unknown,0,0,
06033108,Passive09_0000,events,same,2,2,
0603313C,Passive09_0001,exact,same,5,5,
060331A8,Passive09_0002,events,same,3,3,
060331F4,Passive09_0003,events,same,3,3,
06033236,Passive09_0004,exact,same,3,3,
060332AE,Passive09_0005,events,same,3,3,
060332F0,Passive09_0006,exact,same,2,2,
0603330E,Passive09_0007,events,same,5,5,
060333A0,Passive09_0008,events,same,5,5,
0603340C,Passive09_0009,events,same,5,5,
06033478,Passive09_0010,exact,same,3,3,
060334BE,Passive09_0011,exact,same,2,2,
06033502,Passive09_0012,exact,same,3,3,
06033576,Passive09_0013,events,same,3,3,
060335B8,Passive09_0014,exact,same,2,2,
060335D6,Passive09_0015,exact,reordered,5,3,
06033620,Passive09_0016,exact,same,4,4,
0603367E,Passive09_0017,exact,same,4,4,
060336B6,Passive09_0018,exact,same,5,5,
06033718,Passive09_0019,exact,same,2,2,
06033738,Passive09_0020,exact,same,2,2,
0603377C,Passive09_0021,events,same,2,2,
060337C2,Passive09_0022,exact,same,3,3,
06033814,Passive09_0023,exact,same,3,3,
06033890,Passive09_0024,events,same,4,4,
060338DE,Passive09_0025,events,same,4,4,
0603393C,Passive09_0026,exact,same,3,3,
0603399C,Passive09_0027,events,same,3,3,
060339DC,Passive09_0028,exact,same,2,2,
060339FC,Passive09_0029,exact,reordered,4,2,
06033A34,Passive09_0030,exact,same,2,2,
06033A54,Passive09_0031,exact,same,2,2,
06033A76,Passive09_0032,exact,same,2,2,
06033AB2,Passive09_0033,exact,same,2,2,
06033AD4,Passive09_0034,exact,same,3,3,
06033B02,Passive09_0035,exact,same,2,2,
06033B22,Passive09_0036,exact,same,2,2,
06033B40,Passive09_0037,exact,same,3,3,
06033BAC,Passive09_0038,exact,same,3,3,
06033BF2,Passive09_0039,exact,same,4,4,
06033C4C,Passive09_0040,events,reordered,5,4,
06033CDE,Passive09_0041,events,same,7,7,
06033D66,Passive09_0042,exact,same,2,2,
06033D84,Passive09_0043,events,same,6,6,
06033DFC,Passive09_0044,exact,same,4,4,
06033E86,Passive09_0045,events,same,3,3,
06033ED2,Passive09_0046,exact,same,3,3,
06033F18,Passive09_0047,exact,same,2,2,
06033F84,Passive09_0048,exact,reordered,3,2,
06033FAE,Passive09_0049,exact,same,4,4,
06034002,Passive09_0050,exact,same,3,3,
06034046,Passive09_0051,exact,reordered,3,2,
0603408C,Passive09_0052,exact,same,2,2,
060340AC,Passive09_0053,events,same,3,3,
060340F8,Passive09_0054,events,same,2,2,
0603412A,Passive09_0055,events,same,3,3,
06034194,Passive09_0056,exact,same,2,2,
060341D8,Passive09_0057,exact,same,2,2,
0603421C,Passive09_0058,exact,same,2,2,
0603423C,Passive09_0059,events,same,5,5,
060342DA,Passive09_0060,exact,same,2,2,
060342F8,Passive09_0061,exact,same,2,2,
06034318,Passive09_0062,events,same,4,4,
06034368,Passive09_0063,events,same,4,4,
060343EE,Passive09_0064,exact,reordered,5,4,
06034430,Passive09_0065,events,same,4,4,
0603447E,Passive09_0066,exact,same,5,5,
06034502,Passive09_0067,exact,same,2,2,
06034522,Passive09_0068,exact,reordered,4,2,
0603456E,Passive09_0069,exact,reordered,5,4,
060345E6,Passive09_0070,exact,same,3,3,
06034626,Passive09_0071,events,same,3,3,
0603466E,Passive09_0072,exact,same,4,4,
060346CC,Passive09_0073,exact,reordered,4,2,
06034736,Passive09_0074,exact,same,2,2,
06034768,Passive09_0075,events,same,6,6,
060347E0,Passive09_0076,exact,same,4,4,
0603485E,Passive09_0077,events,same,5,5,
060348C8,Passive09_0078,exact,same,2,2,
0603490C,Passive09_0079,exact,same,2,2,
06034968,Passive09_0080,events,same,4,4,
060349D0,Passive09_0081,events,same,4,4,
06034A60,Passive09_0082,events,same,5,5,
06034ACE,Passive09_0083,exact,same,2,2,
06034AEC,Passive09_0084,exact,same,2,2,
06034B60,Passive09_0085,events,reordered,5,3,
06034BBC,Passive09_0086,exact,same,3,3,
06034BE8,Passive09_0087,exact,same,3,3,
06034C68,Passive09_0088,events,reordered,7,5,
06034D06,Passive09_0089,events,same,4,4,
06034D90,Passive09_0090,events,same,2,2,
06034DC2,Passive09_0091,events,same,5,5,
06034E32,Passive09_0092,exact,same,2,2,
06034E6C,Passive09_0093,events,same,5,5,
06034F00,Passive09_0094,exact,same,2,2,
06034F32,Passive09_0095,exact,same,2,2,
06034F64,Passive09_0096,exact,same,2,2,
06034F96,Passive09_0097,exact,same,2,2,
06034FF0,Passive09_0098,events,same,4,4,
0603504A,Passive09_0099,exact,same,4,4,
060350A2,Passive09_0100,events,same,2,2,
060350FC,Passive09_0101,events,same,2,2,
06035142,Passive09_0102,events,reordered,5,4,
0603519A,Passive09_0103,events,reordered,5,4,
06035216,Passive09_0104,events,same,4,4,
06035262,Passive09_0105,events,same,4,4,
060352AE,Passive09_0106,events,same,4,4,
0603530C,Passive09_0107,exact,same,3,3,
06035372,Passive09_0108,exact,same,3,3,
060353B8,Passive09_0109,exact,same,3,3,
060353FE,Passive09_0110,exact,same,3,3,
06035444,Passive09_0111,exact,same,2,2,
06035482,Passive09_0112,events,same,2,2,
060354D4,Passive09_0113,events,same,2,2,
06035526,Passive09_0114,events,same,2,2,
06035578,Passive09_0115,exact,same,2,2,
060355DA,Passive09_0116,exact,same,2,2,
06035624,Passive09_0117,exact,same,2,2,
0603566E,Passive09_0118,exact,same,2,2,
060356D8,Passive09_0119,exact,same,2,2,
06035722,Passive09_0120,exact,same,2,2,
0603575A,Passive09_0121,exact,same,2,2,0xffffffff
060357A4,Passive09_0122,exact,same,2,2,0xffffffff
06035808,Passive09_0123,exact,same,2,2,
06035842,Passive09_0124,exact,same,2,2,
0603587A,Passive09_0125,events,same,2,2,
060358BC,Passive09_0126,events,same,2,2,
060358EE,Passive09_0127,events,same,2,2,
0603593A,Passive09_0128,exact,same,2,2,
0603597C,Passive09_0129,exact,same,2,2,
060359BE,Passive09_0130,exact,same,3,3,
06035A0E,Passive09_0131,events,same,4,4,
06035AA8,Passive10,manual,unknown,0,0,
06035AC0,Passive10_0000,events,same,2,2,
06035AF4,Passive10_0001,exact,same,3,3,
06035B1C,Passive10_0002,events,same,5,5,
06035B86,Passive10_0003,exact,same,2,2,
06035BDC,Passive10_0004,events,same,3,3,
06035C1E,Passive10_0005,exact,same,2,2,
06035C3C,Passive10_0006,exact,same,3,3,
06035C80,Passive10_0007,events,same,3,3,
06035CE0,Passive10_0008,events,same,4,4,
06035D32,Passive10_0009,events,same,3,3,
06035D80,Passive10_0010,exact,same,3,3,
06035DD0,Passive10_0011,exact,same,2,2,
06035E12,Passive10_0012,exact,same,3,3,
06035E5C,Passive10_0013,exact,reordered,8,5,
06035F3A,Passive10_0014,exact,same,3,3,
06035F7E,Passive10_0015,exact,same,2,2,
06035F9E,Passive10_0016,events,reordered,7,5,
0603603C,Passive10_0017,events,reordered,9,7,
060360D6,Passive10_0018,exact,reordered,6,4,
06036166,Passive10_0019,exact,same,2,2,
06036186,Passive10_0020,exact,same,2,2,
060361A6,Passive10_0021,events,same,3,3,
060361E6,Passive10_0022,events,reordered,6,5,
0603627C,Passive10_0023,events,same,5,5,
060362F6,Passive10_0024,exact,same,6,6,
06036370,Passive10_0025,events,same,6,6,
060363D8,Passive10_0026,exact,same,3,3,
0603641C,Passive10_0027,events,same,2,2,
0603647C,Passive10_0028,exact,same,2,2,
060364BE,Passive10_0029,exact,reordered,4,2,
060364F6,Passive10_0030,exact,same,3,3,
0603653A,Passive10_0031,exact,same,2,2,
06036584,Passive10_0032,events,reordered,5,4,
060365E4,Passive10_0033,exact,same,2,2,
06036606,Passive10_0034,events,same,3,3,
06036646,Passive10_0035,exact,reordered,4,2,
060366AA,Passive10_0036,events,reordered,4,3,
060366F4,Passive10_0037,exact,same,3,3,
0603673A,Passive10_0038,exact,same,3,3,
060367A6,Passive10_0039,exact,same,3,3,
060367EC,Passive10_0040,exact,reordered,5,3,
0603684E,Passive10_0041,exact,same,4,4,
060368CE,Passive10_0042,exact,same,2,2,
06036910,Passive10_0043,events,same,3,3,
0603695E,Passive10_0044,events,same,4,4,
060369BC,Passive10_0045,exact,same,3,3,
06036A0A,Passive10_0046,exact,same,2,2,
06036A2A,Passive10_0047,exact,same,3,3,
06036AA6,Passive10_0048,exact,reordered,3,2,
06036AD0,Passive10_0049,exact,same,2,2,
06036AF0,Passive10_0050,exact,reordered,3,2,
06036B18,Passive10_0051,exact,same,2,2,
06036B38,Passive10_0052,exact,same,2,2,
06036B74,Passive10_0053,exact,same,2,2,
06036BB6,Passive10_0054,exact,same,2,2,
06036BF8,Passive10_0055,events,same,2,2,
06036C2A,Passive10_0056,exact,same,2,2,
06036C6C,Passive10_0057,exact,same,2,2,
06036CAE,Passive10_0058,exact,same,2,2,
06036CCE,Passive10_0059,exact,reordered,3,2,
06036CFA,Passive10_0060,exact,same,2,2,
06036D18,Passive10_0061,exact,same,3,3,
06036D8A,Passive10_0062,exact,same,3,3,
06036DB6,Passive10_0063,events,same,3,3,
06036DF6,Passive10_0064,exact,same,2,2,
06036E18,Passive10_0065,events,same,4,4,
06036E88,Passive10_0066,exact,same,3,3,
06036ECE,Passive10_0067,events,same,2,2,
06036F00,Passive10_0068,exact,same,2,2,
06036F42,Passive10_0069,events,same,3,3,
06036F8C,Passive10_0070,events,same,4,4,
06036FDE,Passive10_0071,events,same,4,4,
06037034,Passive10_0072,events,same,4,4,
060370B0,Passive10_0073,events,same,4,4,
0603711A,Passive10_0074,exact,reordered,6,4,
060371BC,Passive10_0075,exact,reordered,8,5,
06037258,Passive10_0076,exact,reordered,8,6,0xffffffff
06037322,Passive10_0077,exact,same,3,3,
06037372,Passive10_0078,events,reordered,5,4,
06037418,Passive10_0079,events,same,3,3,
0603746C,Passive10_0080,exact,same,3,3,
060374BC,Passive10_0081,exact,same,4,4,
06037540,Passive10_0082,events,same,3,3,0xffffffff
06037594,Passive10_0083,events,reordered,6,4,
0603763C,Passive10_0084,exact,reordered,6,4,
060376C4,Passive10_0085,events,same,3,3,
06037702,Passive10_0086,exact,reordered,7,6,
06037790,Passive10_0087,exact,reordered,8,6,
06037866,Passive10_0088,exact,reordered,7,5,
060378F8,Passive10_0089,events,same,2,2,
0603792A,Passive10_0090,events,same,2,2,
0603795C,Passive10_0091,events,same,2,2,
0603798E,Passive10_0092,exact,same,3,3,
060379DC,Passive10_0093,exact,reordered,3,2,
06037A2A,Passive10_0094,exact,same,2,2,
06037A60,Passive10_0095,exact,same,3,3,
06037AA4,Passive10_0096,exact,same,3,3,
06037AE8,Passive10_0097,exact,same,4,4,
06037B62,Passive10_0098,events,reordered,7,5,
06037BEE,Passive10_0099,exact,reordered,5,3,
06037C78,Passive10_0100,events,same,4,4,
06037CC8,Passive10_0101,exact,same,3,3,
06037D0C,Passive10_0102,events,same,4,4,
06037D90,Passive10_0103,exact,same,4,4,
06037DCC,Passive10_0104,exact,same,2,2,
06037DEC,Passive10_0105,events,same,5,5,
06037E6C,Passive10_0106,exact,same,4,4,
06037EA8,Passive10_0107,exact,same,3,3,
06037EF6,Passive10_0108,exact,same,2,2,
06037F16,Passive10_0109,exact,same,3,3,
06037F88,Passive10_0110,exact,same,4,4,
06037FE4,Passive10_0111,exact,same,3,3,
06038028,Passive10_0112,events,same,4,4,
060380AA,Passive10_0113,events,same,3,3,
060380F8,Passive10_0114,exact,same,2,2,
0603813A,Passive10_0115,events,reordered,4,3,
06038184,Passive10_0116,exact,same,2,2,
060381EA,Passive10_0117,exact,same,2,2,
0603822C,Passive10_0118,exact,same,2,2,
0603826E,Passive10_0119,exact,same,2,2,
0603828E,Passive10_0120,events,same,4,4,
060382FE,Passive10_0121,events,reordered,6,4,
0603836C,Passive10_0122,events,reordered,5,3,
060383D4,Passive10_0123,exact,same,2,2,
060383F2,Passive10_0124,exact,same,2,2,
0603842A,Passive10_0125,events,reordered,6,4,
0603848C,Passive10_0126,events,reordered,5,3,
060384DE,Passive10_0127,exact,same,2,2,
06038530,Passive10_0128,low,differs,11,1,0x1e
060385D0,Passive10_0129,events,reordered,7,5,
06038642,Passive10_0130,exact,reordered,8,6,0xffffffff
06038712,Passive10_0131,exact,same,4,4,
06038790,Passive10_0132,low,differs,11,1,0x1e
06038830,Passive10_0133,exact,same,3,3,
06038870,Passive10_0134,low,differs,11,1,0x1e
06038910,Passive10_0135,exact,same,2,2,
0603892E,Passive10_0136,events,same,3,3,
06038970,Passive10_0137,exact,same,2,2,
060389A8,Passive11,manual,unknown,0,0,
060389C0,Passive11_0000,events,same,2,2,
060389F4,Passive11_0001,exact,same,3,3,
06038A1C,Passive11_0002,exact,same,4,4,
06038A54,Passive11_0003,exact,same,6,6,
06038AD2,Passive11_0004,exact,same,4,4,
06038B34,Passive11_0005,exact,same,5,5,
06038BE8,Passive11_0006,exact,same,4,4,
06038C3C,Passive11_0007,exact,same,4,4,
06038C90,Passive11_0008,exact,same,4,4,0xffffffff
06038D00,Passive11_0009,exact,same,3,3,
06038D4E,Passive11_0010,exact,same,5,5,
06038DBC,Passive11_0011,exact,same,2,2,
06038DDA,Passive11_0012,exact,same,3,3,
06038E06,Passive11_0013,exact,same,3,3,
06038E32,Passive11_0014,exact,same,3,3,
06038E7E,Passive11_0015,exact,same,3,3,
06038ED8,Passive11_0016,exact,same,3,3,
06038F04,Passive11_0017,exact,same,3,3,
06038F30,Passive11_0018,exact,same,3,3,
06038F74,Passive11_0019,exact,same,4,4,
06038FFA,Passive11_0020,exact,same,3,3,
06039028,Passive11_0021,exact,same,3,3,
06039056,Passive11_0022,exact,same,3,3,0xffffffff
06039084,Passive11_0023,exact,same,3,3,
060390DC,Passive11_0024,exact,same,3,3,
0603911C,Passive11_0025,exact,same,3,3,
0603915C,Passive11_0026,exact,same,3,3,
060391AA,Passive11_0027,exact,same,3,3,
060391F8,Passive11_0028,exact,same,3,3,
06039246,Passive11_0029,exact,same,4,4,
06039298,Passive11_0030,exact,same,4,4,
060392F0,Passive11_0031,exact,reordered,5,4,
06039336,Passive11_0032,exact,reordered,5,3,
0603938A,Passive11_0033,exact,same,3,3,
060393D4,Passive11_0034,exact,same,4,4,
0603942A,Passive11_0035,exact,same,3,3,
06039478,Passive11_0036,exact,same,3,3,
060394C6,Passive11_0037,exact,same,3,3,
06039514,Passive11_0038,exact,same,3,3,
06039562,Passive11_0039,exact,same,3,3,
060395B0,Passive11_0040,exact,same,3,3,
06039622,Passive11_0041,exact,same,4,4,
06039686,Passive11_0042,exact,same,2,2,
060396A4,Passive11_0043,exact,same,3,3,
060396F0,Passive11_0044,exact,same,2,2,
06039750,Passive11_0045,exact,same,3,3,
0603979E,Passive11_0046,exact,same,3,3,
060397EC,Passive11_0047,exact,same,3,3,
0603985A,Passive11_0048,exact,same,3,3,
0603989E,Passive11_0049,exact,same,2,2,
060398BE,Passive11_0050,exact,same,3,3,
060398FE,Passive11_0051,exact,same,2,2,
06039960,Passive11_0052,exact,same,3,3,
060399BA,Passive11_0053,exact,same,4,4,
06039A22,Passive11_0054,exact,reordered,4,3,
06039A82,Passive11_0055,exact,same,3,3,
06039AB0,Passive11_0056,exact,same,5,5,
06039B14,Passive11_0057,exact,same,3,3,
06039B88,Passive11_0058,exact,same,3,3,
06039BB6,Passive11_0059,exact,same,3,3,
06039BE4,Passive11_0060,exact,unknown,3,3,0xffffffff
06039C12,Passive11_0061,exact,same,3,3,
06039C3C,Passive11_0062,exact,same,3,3,
06039C88,Passive11_0063,exact,same,4,4,
06039CDA,Passive11_0064,exact,same,3,3,
06039D06,Passive11_0065,exact,same,5,5,
06039DB0,Passive11_0066,exact,same,4,4,
06039E06,Passive11_0067,exact,same,4,4,
06039E5C,Passive11_0068,exact,same,3,3,
06039E86,Passive11_0069,exact,same,2,2,
06039EA6,Passive11_0070,exact,same,5,5,
06039F3A,Passive11_0071,exact,same,3,3,
06039F62,Passive11_0072,exact,same,2,2,
06039F94,Passive11_0073,exact,same,2,2,
06039FB4,Passive11_0074,exact,same,3,3,
0603A036,Passive11_0075,exact,same,4,4,
0603A092,Passive11_0076,exact,same,3,3,
0603A0BE,Passive11_0077,exact,same,3,3,
0603A102,Passive11_0078,exact,same,2,2,
0603A14A,Passive11_0079,exact,same,4,4,
0603A1A0,Passive11_0080,exact,same,4,4,
0603A234,Passive11_0081,exact,same,5,5,
0603A2C0,Passive11_0082,exact,reordered,6,4,
0603A378,Passive11_0083,exact,same,2,2,
0603A39A,Passive11_0084,exact,unknown,2,2,0xffffffff
0603A3BC,Passive11_0085,exact,same,2,2,
0603A3DE,Passive11_0086,exact,same,2,2,
0603A3FE,Passive11_0087,exact,same,2,2,
0603A454,Passive11_0088,exact,same,2,2,
0603A472,Passive11_0089,exact,reordered,4,3,
0603A4C4,Passive11_0090,exact,same,2,2,
0603A4F6,Passive11_0091,exact,same,5,5,
0603A57E,Passive11_0092,exact,reordered,5,4,
0603A5E0,Passive11_0093,exact,same,4,4,
0603A634,Passive11_0094,exact,same,4,4,
0603A6AA,Passive11_0095,exact,same,3,3,
0603A6EA,Passive11_0096,exact,same,3,3,
0603A72A,Passive11_0097,exact,same,4,4,
0603A7B6,Passive11_0098,exact,same,3,3,
0603A7FA,Passive11_0099,exact,same,2,2,
0603A81A,Passive11_0100,exact,same,2,2,
0603A83A,Passive11_0101,exact,same,5,5,
0603A8CC,Passive11_0102,exact,same,5,5,
0603A956,Passive11_0103,exact,same,3,3,
0603A9C0,Passive11_0104,exact,same,2,2,
0603A9FA,Passive11_0105,exact,same,5,5,
0603AA6E,Passive11_0106,exact,same,2,2,
0603AAE0,Passive11_0107,exact,same,3,3,
0603AB2E,Passive11_0108,exact,same,3,3,
0603AB7C,Passive11_0109,exact,same,3,3,
0603ABCA,Passive11_0110,exact,same,5,5,
0603AC2E,Passive11_0111,exact,same,5,5,
0603AC92,Passive11_0112,exact,same,2,2,
0603ACB2,Passive11_0113,exact,same,3,3,
0603AD20,Passive11_0114,exact,same,4,4,
0603AD88,Passive11_0115,exact,same,6,6,
0603AE3E,Passive11_0116,exact,same,2,2,
0603AE5C,Passive11_0117,exact,same,3,3,
0603AE9C,Passive11_0118,exact,same,3,3,
0603AEDC,Passive11_0119,exact,same,2,2,
0603AF44,Passive11_0120,exact,same,2,2,
0603AF64,Passive11_0121,exact,same,3,3,
0603AFA8,Passive11_0122,exact,reordered,3,2,
0603AFD4,Passive11_0123,exact,same,3,3,
0603B034,Passive11_0124,exact,reordered,4,3,
0603B07E,Passive11_0125,exact,same,4,4,
0603B0CC,Passive11_0126,exact,same,5,5,
0603B164,Passive11_0127,exact,same,2,2,0xffffffff
0603B1AC,Passive11_0128,exact,same,5,5,
0603B22A,Passive11_0129,exact,same,2,2,
0603B298,Passive11_0130,exact,same,5,5,
0603B316,Passive11_0131,exact,same,3,3,
0603B388,Passive11_0132,exact,same,4,4,
0603B3F0,Passive11_0133,exact,same,5,5,
0603B494,Passive11_0134,exact,same,4,4,
0603B4FC,Passive11_0135,exact,same,2,2,0xffffffff
0603B544,Passive11_0136,exact,same,2,2,
0603B5B4,Passive11_0137,exact,same,4,4,
0603B602,Passive11_0138,exact,same,2,2,
0603B648,Passive11_0139,exact,same,2,2,
0603B68A,Passive11_0140,exact,same,5,5,
0603B710,Passive11_0141,exact,same,4,4,
0603B766,Passive11_0142,exact,same,5,5,
0603B7DA,Passive11_0143,exact,same,5,5,
0603B848,Passive11_0144,exact,same,6,6,
0603B900,Passive11_0145,exact,same,6,6,
0603B984,Passive11_0146,exact,same,4,4,
0603B9DA,Passive11_0147,exact,same,2,2,
0603BA0C,Passive11_0148,exact,same,2,2,
0603BA3E,Passive11_0149,exact,same,4,4,
0603BAD0,Passive11_0150,exact,same,2,2,
0603BAEE,Passive11_0151,exact,reordered,7,5,
0603BB98,Passive11_0152,exact,same,3,3,
0603BBE2,Passive11_0153,exact,same,3,3,
0603BC0E,Passive11_0154,exact,same,3,3,
0603BC3A,Passive11_0155,exact,same,3,3,
0603BC90,Passive11_0156,exact,same,4,4,
0603BCDE,Passive11_0157,exact,same,5,5,
0603BD22,Passive11_0158,exact,reordered,5,3,0xa5
0603BDB2,Passive11_0159,exact,same,5,5,
0603BE16,Passive11_0160,exact,same,4,4,
0603BEB4,Passive11_0161,events,same,5,5,0x200
0603BF3E,Passive11_0162,exact,same,3,3,
0603BF7E,Passive11_0163,exact,reordered,7,5,
0603C046,Passive11_0164,exact,same,3,3,
0603C098,Passive11_0165,exact,same,2,2,
0603C0BA,Passive11_0166,exact,same,3,3,
0603C13E,Passive11_0167,exact,same,4,4,
0603C1A6,Passive11_0168,exact,same,2,2,
0603C1C8,Passive11_0169,exact,same,4,4,
0603C256,Passive11_0170,exact,same,3,3,
0603C282,Passive11_0171,exact,same,4,4,
0603C2D0,Passive11_0172,exact,same,3,3,
0603C338,Passive11_0173,exact,same,5,5,
0603C3A2,Passive11_0174,exact,same,7,7,
0603C466,Passive11_0175,exact,reordered,4,3,
0603C4B0,Passive11_0176,exact,reordered,5,3,0xa5
0603C53C,Passive11_0177,exact,same,5,5,
0603C5B6,Passive11_0178,exact,same,6,6,
0603C676,Passive11_0179,exact,same,2,2,
0603C6A8,Passive11_0180,exact,same,3,3,
0603C6EA,Passive11_0181,exact,same,2,2,
0603C71C,Passive11_0182,exact,same,2,2,
0603C75C,Passive11_0183,exact,same,4,4,
0603C7C4,Passive11_0184,exact,reordered,7,5,
0603C886,Passive11_0185,exact,same,3,3,
0603C8CA,Passive11_0186,exact,same,3,3,
0603C91C,Passive11_0187,exact,same,3,3,
0603C98C,Passive11_0188,exact,same,2,2,
0603C9BE,Passive11_0189,exact,same,3,3,
0603CA0A,Passive11_0190,exact,same,3,3,
0603CA56,Passive11_0191,exact,same,3,3,
0603CA9E,Passive11_0192,exact,same,3,3,
0603CB04,Passive11_0193,exact,same,3,3,
0603CB4E,Passive11_0194,exact,same,3,3,
0603CB94,Passive11_0195,exact,same,3,3,
0603CC00,Passive11_0196,exact,same,3,3,
0603CC4C,Passive11_0197,exact,same,3,3,
0603CC90,Passive11_0198,exact,same,2,2,
0603CCAE,Passive11_0199,exact,same,3,3,
0603CD10,Passive11_0200,exact,same,3,3,
0603CD50,Passive11_0201,exact,same,5,5,
0603CDB2,Passive11_0202,exact,same,5,5,
0603CE26,Passive11_0203,exact,same,3,3,
0603CE9C,Passive11_0204,exact,same,5,5,
0603CF06,Passive11_0205,exact,reordered,5,3,
0603CF88,Passive11_0206,exact,same,2,2,
0603CFA8,Passive11_0207,exact,same,4,4,
0603CFF8,Passive11_0208,exact,same,4,4,
0603D048,Passive11_0209,exact,same,3,3,
0603D0B2,Passive11_0210,exact,same,4,4,
0603D0FC,Passive11_0211,exact,same,7,7,
0603D1BC,Passive11_0212,exact,same,5,5,
0603D230,Passive11_0213,exact,same,3,3,
0603D270,Passive11_0214,exact,same,6,6,
0603D31A,Passive11_0215,exact,same,3,3,
0603D362,Passive11_0216,exact,same,4,4,
0603D3F8,Passive11_0217,exact,same,3,3,
0603D452,Passive11_0218,exact,same,4,4,
0603D4D8,Passive11_0219,exact,reordered,7,6,
0603D564,Passive11_0220,exact,same,5,5,
0603D5F2,Passive11_0221,exact,same,5,5,
0603D65C,Passive11_0222,exact,same,5,5,
0603D6E4,Passive11_0223,exact,same,5,5,0xffffffff
0603D74E,Passive11_0224,exact,same,4,4,
0603D7B2,Passive11_0225,exact,same,3,3,
0603D81C,Passive11_0226,exact,same,5,5,
0603D87C,Passive11_0227,exact,same,4,4,
0603D900,Passive11_0228,exact,same,4,4,
0603D95A,Passive11_0229,exact,same,4,4,
0603D9B4,Passive11_0230,exact,same,5,5,
0603DA44,Passive11_0231,exact,same,3,3,
0603DA94,Passive11_0232,exact,same,2,2,
0603DAC6,Passive11_0233,exact,same,2,2,
0603DB28,Passive11_0234,exact,same,2,2,0xffffffff
0603DB70,Passive11_0235,exact,same,2,2,0xffffffff
0603DBB8,Passive11_0236,exact,remapped,2,2,
0603DBF4,Passive11_0237,events,same,4,4,0xd2
0603DC70,Passive11_0238,exact,same,3,3,
0603DCCA,Passive11_0239,exact,same,2,2,
0603DD02,Passive11_0240,exact,same,3,3,
0603DD2C,Passive11_0241,exact,same,2,2,
0603DD94,Passive11_0242,exact,same,2,2,
0603DDD0,Passive11_0243,exact,same,2,2,
0603DDF2,Passive11_0244,exact,same,2,2,
0603DE14,Passive11_0245,exact,same,2,2,
0603DE46,Passive11_0246,exact,same,2,2,
0603DE68,Passive11_0247,exact,same,2,2,0xf3
0603DEC0,Passive11_0248,exact,same,3,3,
0603DF0E,Passive11_0249,exact,same,4,4,0xef
0603DF66,Passive11_0250,exact,reordered,4,3,
0603DFC2,Passive11_0251,exact,same,2,2,0xf3
0603DFFE,Passive11_0252,exact,same,2,2,
0603E038,Passive11_0253,exact,same,2,2,
0603E058,Passive11_0254,exact,same,3,3,0xef
0603E0D0,Passive12,manual,unknown,0,0,
0603E0E8,Passive12_0000,events,same,2,2,
0603E11C,Passive12_0001,exact,same,3,3,
0603E144,Passive12_0002,exact,same,3,3,
0603E184,Passive12_0003,exact,same,3,3,
0603E200,Passive12_0004,exact,same,4,4,
0603E262,Passive12_0005,exact,same,4,4,
0603E2B8,Passive12_0006,exact,same,4,4,
0603E32E,Passive12_0007,exact,same,4,4,
0603E382,Passive12_0008,exact,same,4,4,
0603E3D4,Passive12_0009,exact,same,3,3,
0603E442,Passive12_0010,exact,same,5,5,
0603E4B0,Passive12_0011,exact,same,2,2,
0603E4CE,Passive12_0012,exact,same,3,3,
0603E524,Passive12_0013,exact,same,3,3,
0603E550,Passive12_0014,exact,same,3,3,
0603E57C,Passive12_0015,exact,same,3,3,
0603E5A8,Passive12_0016,exact,same,3,3,
0603E5D4,Passive12_0017,exact,same,3,3,
0603E618,Passive12_0018,exact,same,3,3,
0603E65C,Passive12_0019,exact,same,3,3,
0603E69C,Passive12_0020,exact,same,3,3,
0603E6CA,Passive12_0021,exact,same,3,3,
0603E71C,Passive12_0022,exact,same,3,3,
0603E748,Passive12_0023,exact,same,3,3,
0603E788,Passive12_0024,exact,same,3,3,
0603E7C8,Passive12_0025,exact,same,3,3,
0603E820,Passive12_0026,exact,same,2,2,
0603E852,Passive12_0027,exact,same,2,2,
0603E884,Passive12_0028,exact,same,2,2,
0603E8B6,Passive12_0029,exact,same,4,4,
0603E908,Passive12_0030,exact,same,4,4,
0603E958,Passive12_0031,exact,reordered,5,4,
0603E99E,Passive12_0032,exact,reordered,5,3,
0603E9F2,Passive12_0033,exact,same,3,3,
0603EA3C,Passive12_0034,exact,same,4,4,
0603EA92,Passive12_0035,exact,same,2,2,
0603EAC4,Passive12_0036,exact,same,2,2,
0603EAF6,Passive12_0037,exact,same,2,2,
0603EB48,Passive12_0038,exact,same,3,3,
0603EB96,Passive12_0039,exact,same,3,3,
0603EBE4,Passive12_0040,exact,same,3,3,
0603EC32,Passive12_0041,exact,same,4,4,
0603EC96,Passive12_0042,exact,same,2,2,
0603ECB4,Passive12_0043,exact,same,2,2,
0603ECFA,Passive12_0044,exact,same,2,2,
0603ED5C,Passive12_0045,exact,same,2,2,
0603ED8E,Passive12_0046,exact,same,2,2,
0603EDC0,Passive12_0047,exact,same,2,2,
0603EDF2,Passive12_0048,exact,same,2,2,
0603EE12,Passive12_0049,exact,same,2,2,
0603EE50,Passive12_0050,exact,same,3,3,
0603EE90,Passive12_0051,exact,reordered,4,3,
0603EED4,Passive12_0052,exact,same,3,3,
0603EF50,Passive12_0053,exact,same,4,4,
0603EFB8,Passive12_0054,exact,reordered,4,3,
0603EFF0,Passive12_0055,exact,same,3,3,
0603F048,Passive12_0056,exact,same,5,5,
0603F0AC,Passive12_0057,exact,same,5,5,
0603F110,Passive12_0058,exact,same,3,3,
0603F158,Passive12_0059,exact,same,3,3,
0603F186,Passive12_0060,exact,same,3,3,
0603F1B2,Passive12_0061,exact,same,3,3,
0603F1DC,Passive12_0062,exact,same,3,3,
0603F228,Passive12_0063,exact,reordered,8,6,
0603F2C8,Passive12_0064,exact,same,3,3,
0603F324,Passive12_0065,exact,same,4,4,
0603F38C,Passive12_0066,exact,same,3,3,
0603F3CC,Passive12_0067,exact,same,3,3,
0603F434,Passive12_0068,exact,same,3,3,
0603F45E,Passive12_0069,exact,same,2,2,
0603F47E,Passive12_0070,exact,same,4,4,
0603F4E6,Passive12_0071,exact,same,3,3,
0603F53C,Passive12_0072,exact,same,3,3,
0603F566,Passive12_0073,exact,same,2,2,
0603F586,Passive12_0074,exact,same,3,3,
0603F5CA,Passive12_0075,exact,same,4,4,
0603F658,Passive12_0076,exact,same,3,3,
0603F684,Passive12_0077,exact,same,2,2,
0603F6A4,Passive12_0078,exact,same,2,2,
0603F6C4,Passive12_0079,exact,same,4,4,
0603F71A,Passive12_0080,exact,same,4,4,
0603F7A4,Passive12_0081,exact,same,4,4,
0603F814,Passive12_0082,exact,reordered,7,5,
0603F8DE,Passive12_0083,exact,same,2,2,
0603F900,Passive12_0084,exact,same,2,2,
0603F920,Passive12_0085,exact,same,2,2,
0603F942,Passive12_0086,exact,same,2,2,
0603F998,Passive12_0087,exact,same,2,2,
0603F9CA,Passive12_0088,exact,same,2,2,
0603F9E8,Passive12_0089,exact,reordered,4,3,
0603FA3A,Passive12_0090,exact,same,5,5,0xffffffff
0603FAC2,Passive12_0091,exact,same,5,5,0xffffffff
0603FB20,Passive12_0092,exact,same,5,5,0xffffffff
0603FBAC,Passive12_0093,exact,same,4,4,
0603FC00,Passive12_0094,exact,same,4,4,
0603FC4E,Passive12_0095,exact,same,3,3,
0603FCBC,Passive12_0096,exact,same,3,3,
0603FCFC,Passive12_0097,exact,same,3,3,
0603FD44,Passive12_0098,exact,same,2,2,
0603FD64,Passive12_0099,exact,same,2,2,
0603FD84,Passive12_0100,exact,same,2,2,
0603FDC0,Passive12_0101,exact,same,4,4,0xffffffff
0603FE16,Passive12_0102,exact,same,4,4,
0603FE84,Passive12_0103,exact,same,3,3,
0603FEE6,Passive12_0104,exact,same,3,3,
0603FF26,Passive12_0105,exact,same,5,5,
0603FF9A,Passive12_0106,exact,unknown,2,3,
06040006,Passive12_0107,exact,same,3,3,
06040054,Passive12_0108,exact,same,3,3,
060400A2,Passive12_0109,exact,same,3,3,
06040116,Passive12_0110,exact,same,5,5,
0604017A,Passive12_0111,exact,same,5,5,
060401FC,Passive12_0112,exact,same,2,2,
0604021C,Passive12_0113,exact,same,2,2,
0604023C,Passive12_0114,exact,reordered,4,3,
06040298,Passive12_0115,exact,same,6,6,
06040342,Passive12_0116,exact,same,2,2,
06040360,Passive12_0117,exact,same,3,3,
060403A0,Passive12_0118,exact,same,3,3,
06040408,Passive12_0119,exact,same,4,4,0xffffffff
0604045E,Passive12_0120,exact,reordered,5,3,
060404B2,Passive12_0121,exact,same,2,2,
060404D2,Passive12_0122,exact,reordered,3,2,
0604051E,Passive12_0123,exact,reordered,4,2,
06040564,Passive12_0124,exact,reordered,4,3,
060405AE,Passive12_0125,exact,same,4,4,0xffffffff
0604061A,Passive12_0126,exact,reordered,5,3,0xffffffff
06040676,Passive12_0127,exact,reordered,6,4,
06040722,Passive12_0128,exact,same,5,5,
060407A0,Passive12_0129,exact,reordered,7,4,
06040852,Passive12_0130,exact,same,5,5,
060408D0,Passive12_0131,exact,same,3,3,
06040948,Passive12_0132,exact,same,4,4,
060409B0,Passive12_0133,exact,same,5,5,0xffffffff
06040A52,Passive12_0134,exact,same,4,4,
06040ABA,Passive12_0135,exact,same,3,3,
06040B08,Passive12_0136,exact,same,4,4,
06040B88,Passive12_0137,exact,same,4,4,
06040BD6,Passive12_0138,exact,same,4,4,
06040C24,Passive12_0139,exact,same,5,5,
06040CAC,Passive12_0140,exact,same,5,5,
06040D10,Passive12_0141,exact,same,3,3,
06040D70,Passive12_0142,exact,same,5,5,
06040DE4,Passive12_0143,exact,same,5,5,
06040E78,Passive12_0144,exact,same,6,6,
06040EFC,Passive12_0145,exact,same,6,6,
06040FA2,Passive12_0146,exact,same,4,4,
06040FF8,Passive12_0147,exact,reordered,7,5,
06041094,Passive12_0148,exact,reordered,5,4,
060410E8,Passive12_0149,exact,reordered,6,4,
0604116C,Passive12_0150,exact,same,6,6,0xffffffff
060411DA,Passive12_0151,exact,reordered,7,5,0xffffffff
06041276,Passive12_0152,exact,same,3,3,
060412C0,Passive12_0153,exact,same,4,4,
06041316,Passive12_0154,exact,same,3,3,
06041370,Passive12_0155,exact,same,3,3,
0604139C,Passive12_0156,exact,same,4,4,
060413EA,Passive12_0157,events,same,7,7,
060414B4,Passive12_0158,exact,same,7,7,0xffffffff
06041578,Passive12_0159,exact,same,5,5,
060415DC,Passive12_0160,exact,same,4,4,
06041644,Passive12_0161,exact,same,4,4,
060416E4,Passive12_0162,exact,same,3,3,
06041724,Passive12_0163,exact,reordered,7,5,
060417E8,Passive12_0164,exact,same,3,3,
0604183A,Passive12_0165,exact,same,4,4,
060418D0,Passive12_0166,exact,same,3,3,
06041922,Passive12_0167,exact,same,4,4,
0604198A,Passive12_0168,exact,same,2,2,
060419D4,Passive12_0169,exact,same,3,3,
06041A14,Passive12_0170,exact,same,3,3,
06041A40,Passive12_0171,exact,same,4,4,
06041A8E,Passive12_0172,exact,same,3,3,
06041AF6,Passive12_0173,exact,reordered,7,5,
06041BC0,Passive12_0174,exact,same,7,7,
06041C52,Passive12_0175,exact,reordered,4,3,
06041CC8,Passive12_0176,exact,reordered,6,4,
06041D3A,Passive12_0177,exact,same,4,4,
06041DB8,Passive12_0178,exact,same,6,6,
06041E42,Passive12_0179,exact,same,3,3,
06041E70,Passive12_0180,exact,same,3,3,
06041EE0,Passive12_0181,exact,same,4,4,
06041F30,Passive12_0182,exact,same,2,2,
06041F50,Passive12_0183,exact,same,4,4,
06041FE4,Passive12_0184,exact,reordered,7,5,
06042082,Passive12_0185,exact,same,2,2,
060420A2,Passive12_0186,exact,same,3,3,
06042120,Passive12_0187,exact,same,3,3,
06042172,Passive12_0188,exact,same,3,3,
060421C4,Passive12_0189,exact,same,3,3,
06042228,Passive12_0190,exact,same,3,3,
06042274,Passive12_0191,exact,same,3,3,
060422BC,Passive12_0192,exact,same,3,3,
0604232C,Passive12_0193,exact,same,3,3,
06042376,Passive12_0194,exact,same,3,3,
060423BC,Passive12_0195,exact,same,3,3,
06042402,Passive12_0196,exact,same,3,3,
06042470,Passive12_0197,exact,same,3,3,
060424B4,Passive12_0198,exact,same,2,2,
060424D2,Passive12_0199,exact,same,3,3,
06042512,Passive12_0200,exact,same,3,3,
06042576,Passive12_0201,exact,same,5,5,
060425D8,Passive12_0202,exact,same,4,4,
0604262E,Passive12_0203,exact,same,3,3,
06042698,Passive12_0204,exact,same,5,5,
06042702,Passive12_0205,exact,reordered,5,3,
0604278A,Passive12_0206,exact,same,2,2,
060427AA,Passive12_0207,exact,same,4,4,
060427FA,Passive12_0208,exact,same,4,4,
0604284A,Passive12_0209,exact,same,2,2,
0604288C,Passive12_0210,exact,same,4,4,
060428D6,Passive12_0211,exact,same,7,7,
06042994,Passive12_0212,exact,same,5,5,
06042A08,Passive12_0213,exact,same,6,6,
06042AC4,Passive12_0214,exact,same,3,3,
06042B04,Passive12_0215,exact,same,3,3,
06042B32,Passive12_0216,exact,same,3,3,
06042B60,Passive12_0217,exact,reordered,7,6,
06042C0C,Passive12_0218,exact,same,2,2,
06042C3E,Passive12_0219,exact,same,2,2,
06042C70,Passive12_0220,exact,same,2,2,
06042CA2,Passive12_0221,exact,same,2,2,
06042D02,Passive12_0222,exact,reordered,5,4,
06042D5C,Passive12_0223,exact,same,2,2,
06042D8E,Passive12_0224,exact,same,2,2,
06042DB0,Passive12_0225,exact,same,2,2,
06042DF4,Passive12_0226,exact,same,2,2,
06042E26,Passive12_0227,exact,same,2,2,
06042E58,Passive12_0228,exact,same,2,2,
06042E9C,Passive12_0229,exact,same,5,5,
06042F2E,Passive12_0230,exact,same,2,2,
06042F84,Passive13,manual,unknown,0,0,
06042F9C,Passive13_0000,events,same,2,2,
06042FD0,Passive13_0001,exact,same,3,3,
06042FF8,Passive13_0002,events,same,5,5,
06043062,Passive13_0003,exact,same,2,2,
060430B8,Passive13_0004,events,same,3,3,
060430FA,Passive13_0005,exact,same,2,2,
06043118,Passive13_0006,exact,same,3,3,
0604315C,Passive13_0007,events,same,2,2,
0604318E,Passive13_0008,events,same,4,4,
060431FE,Passive13_0009,events,same,4,4,
0604325C,Passive13_0010,exact,same,2,2,
0604328E,Passive13_0011,events,same,2,2,
060432E4,Passive13_0012,exact,same,3,3,
0604332E,Passive13_0013,events,reordered,4,3,
06043378,Passive13_0014,exact,same,2,2,
06043398,Passive13_0015,exact,same,2,2,
060433D8,Passive13_0016,exact,reordered,5,4,
0604341C,Passive13_0017,events,reordered,6,5,
06043482,Passive13_0018,exact,reordered,5,4,
060434E2,Passive13_0019,exact,same,2,2,
06043502,Passive13_0020,exact,same,2,2,
06043522,Passive13_0021,events,same,3,3,
06043562,Passive13_0022,exact,reordered,5,4,
060435F2,Passive13_0023,exact,reordered,5,4,
0604365A,Passive13_0024,exact,same,3,3,
06043686,Passive13_0025,events,same,5,5,
0604370C,Passive13_0026,exact,same,2,2,
0604372C,Passive13_0027,events,same,2,2,
0604375E,Passive13_0028,exact,same,2,2,
0604377E,Passive13_0029,exact,reordered,4,2,
060437B6,Passive13_0030,exact,same,3,3,
06043816,Passive13_0031,exact,same,2,2,
06043838,Passive13_0032,exact,reordered,3,2,
06043864,Passive13_0033,exact,same,3,3,
06043892,Passive13_0034,exact,same,2,2,
060438DC,Passive13_0035,exact,reordered,4,2,
06043922,Passive13_0036,exact,reordered,5,4,
0604397E,Passive13_0037,exact,same,4,4,
060439FC,Passive13_0038,exact,same,3,3,
06043A40,Passive13_0039,exact,same,4,4,
06043A92,Passive13_0040,exact,reordered,6,5,
06043B20,Passive13_0041,exact,reordered,4,3,
06043B6E,Passive13_0042,exact,same,2,2,
06043BB0,Passive13_0043,exact,same,3,3,
06043C26,Passive13_0044,events,same,3,3,
06043C74,Passive13_0045,events,same,3,3,
06043CC2,Passive13_0046,exact,same,2,2,
06043CE2,Passive13_0047,exact,reordered,3,2,
06043D36,Passive13_0048,exact,reordered,4,3,
06043D80,Passive13_0049,exact,same,2,2,
06043DA0,Passive13_0050,exact,reordered,3,2,
06043DCC,Passive13_0051,events,reordered,4,3,
06043E34,Passive13_0052,exact,same,2,2,
06043E54,Passive13_0053,events,same,2,2,
06043E86,Passive13_0054,events,same,3,3,
06043EC6,Passive13_0055,events,same,4,4,
06043F14,Passive13_0056,exact,same,2,2,
06043F6E,Passive13_0057,exact,same,2,2,
06043FB0,Passive13_0058,exact,same,2,2,
06043FD0,Passive13_0059,exact,same,3,3,
06043FFE,Passive13_0060,exact,same,2,2,
0604401C,Passive13_0061,events,same,2,2,
0604407A,Passive13_0062,exact,same,3,3,
060440C0,Passive13_0063,events,same,2,2,
060440F2,Passive13_0064,exact,same,2,2,
06044114,Passive13_0065,exact,same,3,3,
06044164,Passive13_0066,events,same,3,3,
060441A6,Passive13_0067,events,same,2,2,
060441D8,Passive13_0068,exact,same,2,2,
06044216,Passive13_0069,events,same,4,4,
06044268,Passive13_0070,exact,same,3,3,
060442B6,Passive13_0071,events,reordered,5,4,
0604430E,Passive13_0072,events,same,4,4,
06044358,Passive13_0073,exact,reordered,4,3,
060443D6,Passive13_0074,exact,reordered,4,2,
0604441C,Passive13_0075,events,reordered,4,3,
06044488,Passive13_0076,events,reordered,6,5,
0604450C,Passive13_0077,exact,same,3,3,
0604458C,Passive13_0078,exact,reordered,5,3,
060445F8,Passive13_0079,events,same,3,3,
0604464A,Passive13_0080,exact,reordered,4,3,
060446C6,Passive13_0081,exact,reordered,4,3,
06044720,Passive13_0082,events,same,3,3,0xffffffff
06044798,Passive13_0083,events,reordered,5,4,
0604480C,Passive13_0084,events,reordered,5,4,
060448A8,Passive13_0085,events,same,3,3,
060448E6,Passive13_0086,events,same,6,6,
0604495E,Passive13_0087,events,same,7,7,
060449EE,Passive13_0088,events,same,8,8,
06044AC4,Passive13_0089,events,same,2,2,
06044AF6,Passive13_0090,events,same,2,2,
06044B28,Passive13_0091,events,same,2,2,
06044B8C,Passive13_0092,events,same,3,3,
06044BDA,Passive13_0093,exact,reordered,3,2,
06044BFE,Passive13_0094,exact,same,2,2,
06044C38,Passive13_0095,exact,same,3,3,
06044CAC,Passive13_0096,exact,same,3,3,
06044CF0,Passive13_0097,exact,same,4,4,
06044D44,Passive13_0098,events,reordered,6,5,
06044DE2,Passive13_0099,events,reordered,4,3,
06044E2C,Passive13_0100,events,same,3,3,
06044E6C,Passive13_0101,exact,same,3,3,
06044EB4,Passive13_0102,exact,same,3,3,
06044F02,Passive13_0103,exact,same,4,4,
06044F3E,Passive13_0104,exact,same,2,2,
06044F5E,Passive13_0105,events,same,5,5,
06044FE4,Passive13_0106,exact,same,4,4,
06045020,Passive13_0107,exact,reordered,5,4,
06045076,Passive13_0108,exact,same,2,2,
06045096,Passive13_0109,events,reordered,5,4,
0604512C,Passive13_0110,events,same,4,4,
0604518A,Passive13_0111,exact,same,4,4,
060451DC,Passive13_0112,events,same,5,5,
06045246,Passive13_0113,events,same,8,8,
06045320,Passive13_0114,events,reordered,5,4,
0604538A,Passive13_0115,events,reordered,7,6,
06045416,Passive13_0116,exact,same,2,2,
0604547A,Passive13_0117,exact,same,2,2,
060454BC,Passive13_0118,exact,same,2,2,
060454FE,Passive13_0119,exact,same,2,2,
06045540,Passive13_0120,exact,same,2,2,
06045596,Passive13_0121,exact,same,2,2,
060455D8,Passive13_0122,exact,same,3,3,
0604561C,Passive13_0123,exact,reordered,6,5,
0604569E,Passive13_0124,exact,reordered,6,5,
06045700,Passive13_0125,exact,same,4,4,
0604573C,Passive13_0126,exact,same,2,2,
06045780,Passive13_0127,exact,same,4,4,
060457BC,Passive13_0128,exact,reordered,4,3,
06045806,Passive13_0129,exact,same,2,2,
06045828,Passive13_0130,events,same,5,5,
0604589A,Passive13_0131,exact,same,3,3,
060458EE,Passive13_0132,events,same,3,3,
06045938,Passive13_0133,exact,same,4,4,0xffffffff
06045990,Passive13_0134,events,same,3,3,
060459F8,Passive13_0135,exact,same,2,2,
06045A16,Passive13_0136,exact,same,4,4,
06045A6A,Passive13_0137,events,reordered,5,3,
06045AF8,Passive13_0138,events,reordered,5,3,
06045B5E,Passive13_0139,events,same,5,5,
06045BD2,Passive13_0140,exact,same,2,2,
06045C22,Passive13_0141,exact,same,2,2,
06045C54,Passive13_0142,exact,same,2,2,
06045C86,Passive13_0143,exact,same,2,2,
06045CB8,Passive13_0144,exact,same,2,2,
06045CEE,Passive13_0145,exact,same,2,2,
06045D3E,Passive13_0146,exact,same,2,2,
06045D70,Passive13_0147,exact,same,2,2,
06045DA2,Passive13_0148,exact,same,2,2,
06045DC0,Passive13_0149,events,same,2,2,
06045E02,Passive13_0150,exact,same,2,2,
06045E48,Passive13_0151,exact,same,3,3,
06045E8A,Passive13_0152,exact,same,4,4,
06045EE2,Passive13_0153,events,same,4,4,
06045F78,Passive13_0154,events,reordered,7,5,
06046008,Passive13_0155,exact,same,3,3,
0604604E,Passive13_0156,exact,same,4,4,
060460D4,Passive13_0157,exact,same,2,2,
060460F6,Passive13_0158,exact,same,2,2,
06046116,Passive13_0159,exact,same,2,2,
06046136,Passive13_0160,exact,same,2,2,
06046158,Passive13_0161,exact,same,2,2,
0604617A,Passive13_0162,exact,same,2,2,
060461BC,Passive13_0163,exact,same,3,3,
060461FC,Passive14,manual,unknown,0,0,
06046214,Passive14_0000,events,same,2,2,
06046248,Passive14_0001,exact,same,3,3,
06046270,Passive14_0002,exact,same,4,4,
060462C2,Passive14_0003,exact,same,4,4,
06046314,Passive14_0004,exact,same,4,4,
0604639A,Passive14_0005,exact,same,4,4,
060463EE,Passive14_0006,exact,same,4,4,
06046442,Passive14_0007,exact,same,4,4,
060464B4,Passive14_0008,exact,same,3,3,
060464F4,Passive14_0009,exact,same,5,5,
0604655C,Passive14_0010,exact,same,6,6,
060465DA,Passive14_0011,exact,same,8,8,
0604669C,Passive14_0012,exact,same,4,4,
060466F6,Passive14_0013,exact,same,3,3,
06046742,Passive14_0014,exact,same,3,3,
0604678E,Passive14_0015,exact,same,4,4,
0604680A,Passive14_0016,exact,same,10,10,
060468EC,Passive14_0017,exact,same,7,7,
06046976,Passive14_0018,exact,same,5,5,
060469DE,Passive14_0019,exact,same,5,5,
06046A4C,Passive14_0020,exact,same,4,4,
06046A9E,Passive14_0021,exact,same,4,4,
06046B22,Passive14_0022,exact,same,3,3,
06046B6E,Passive14_0023,exact,same,4,4,
06046C00,Passive14_0024,exact,same,6,6,
06046C8A,Passive14_0025,exact,same,5,5,
06046D22,Passive14_0026,exact,same,5,5,
06046D92,Passive14_0027,exact,same,5,5,
06046E1C,Passive14_0028,exact,same,8,8,
06046EC4,Passive14_0029,exact,same,8,8,
06046F96,Passive14_0030,exact,same,9,9,
06047078,Passive14_0031,exact,same,6,6,
060470FC,Passive14_0032,exact,same,5,5,
0604718C,Passive14_0033,exact,same,6,6,
06047210,Passive14_0034,exact,same,7,7,
060472D0,Passive14_0035,low,differs,11,1,0x1e 0x20 0x31 0x40 0x47 0x7c
060473A0,Passive14_0036,exact,same,3,3,
060473E8,Passive14_0037,exact,same,4,4,
0604744A,Passive14_0038,exact,same,3,3,
06047492,Passive14_0039,exact,same,4,4,
060474F4,Passive14_0040,exact,same,4,4,
0604757A,Passive14_0041,exact,same,5,5,
060475E2,Passive14_0042,exact,reordered,3,2,
06047624,Passive14_0043,exact,same,2,2,
0604768A,Passive14_0044,exact,same,2,2,
060476CC,Passive14_0045,exact,same,5,5,
0604776C,Passive14_0046,exact,same,7,7,
060477FE,Passive14_0047,exact,same,7,7,
060478B6,Passive14_0048,exact,same,2,2,
060478F8,Passive14_0049,exact,same,3,3,
0604793C,Passive14_0050,exact,same,3,3,
060479B6,Passive14_0051,exact,same,4,4,
06047A12,Passive14_0052,exact,same,3,3,
06047A3E,Passive14_0053,exact,same,2,2,
06047A5C,Passive14_0054,exact,same,2,2,
06047A7C,Passive14_0055,exact,same,2,2,
06047AC4,Passive14_0056,exact,same,3,3,
06047AF0,Passive14_0057,exact,same,3,3,
06047B1E,Passive14_0058,exact,same,3,3,
06047B4A,Passive14_0059,exact,same,3,3,
06047B78,Passive14_0060,exact,same,3,3,
06047BC0,Passive14_0061,exact,same,3,3,
06047BEC,Passive14_0062,exact,same,4,4,
06047C3A,Passive14_0063,exact,same,4,4,
06047C72,Passive14_0064,exact,same,3,3,
06047CC0,Passive14_0065,exact,same,3,3,
06047CEC,Passive14_0066,exact,same,4,4,
06047D3A,Passive14_0067,exact,same,3,3,
06047D66,Passive14_0068,exact,same,5,5,
06047DFE,Passive14_0069,exact,same,4,4,
06047E54,Passive14_0070,exact,same,4,4,
06047ED4,Passive14_0071,exact,same,4,4,
06047F0C,Passive14_0072,exact,same,4,4,
06047F46,Passive14_0073,exact,same,4,4,
06047FC0,Passive14_0074,exact,same,4,4,
06048016,Passive14_0075,exact,same,4,4,
0604806C,Passive14_0076,exact,same,4,4,
060480C2,Passive14_0077,exact,same,5,5,
06048152,Passive14_0078,exact,same,4,4,
0604818A,Passive14_0079,exact,same,2,2,
060481BC,Passive14_0080,exact,reordered,3,2,
06048228,Passive14_0081,exact,same,6,6,
060482B0,Passive14_0082,exact,remapped,6,6,
06048360,Passive14_0083,exact,same,6,6,
060483E8,Passive14_0084,exact,same,6,6,
06048496,Passive14_0085,exact,same,5,5,
060484F8,Passive14_0086,exact,reordered,3,2,
06048550,Passive14_0087,exact,same,3,3,
06048590,Passive14_0088,exact,same,3,3,
060485D0,Passive14_0089,exact,same,3,3,
06048610,Passive14_0090,exact,same,3,3,
06048668,Passive14_0091,exact,same,4,4,
060486BE,Passive14_0092,exact,same,4,4,
06048714,Passive14_0093,exact,same,4,4,
06048782,Passive14_0094,exact,reordered,5,3,
060487DC,Passive14_0095,exact,reordered,6,5,
06048868,Passive14_0096,exact,reordered,6,5,
060488D4,Passive14_0097,exact,same,3,3,
0604891C,Passive14_0098,exact,reordered,3,2,
06048970,Passive14_0099,exact,reordered,3,2,
0604899C,Passive14_0100,exact,reordered,3,2,
060489C8,Passive14_0101,exact,reordered,4,2,
06048A0E,Passive14_0102,exact,reordered,4,3,
06048A6E,Passive14_0103,exact,reordered,4,3,
06048AB8,Passive14_0104,exact,reordered,6,5,
06048B40,Passive14_0105,exact,reordered,3,2,
06048B82,Passive14_0106,exact,reordered,3,2,
06048BC4,Passive14_0107,exact,same,2,2,
06048BE2,Passive14_0108,exact,same,3,3,
06048C0E,Passive14_0109,exact,same,3,3,
06048C3A,Passive14_0110,exact,same,3,3,
06048C7E,Passive14_0111,exact,same,3,3,
06048CAA,Passive14_0112,exact,same,4,4,
06048CF8,Passive14_0113,exact,same,2,2,
06048D42,Passive14_0114,exact,same,2,2,
06048DAC,Passive14_0115,exact,same,2,2,
06048DF6,Passive14_0116,exact,same,2,2,
06048E40,Passive14_0117,exact,same,2,2,
06048E9C,Passive14_0118,exact,same,2,2,
06048EE6,Passive14_0119,exact,same,2,2,
06048F30,Passive14_0120,exact,same,2,2,
06048F7A,Passive14_0121,exact,same,2,2,
06048FD6,Passive14_0122,exact,same,2,2,
06049010,Passive14_0123,exact,same,2,2,
0604904A,Passive14_0124,exact,same,2,2,
06049084,Passive14_0125,exact,same,3,3,
060490D8,Passive14_0126,exact,same,3,3,
0604912C,Passive14_0127,exact,same,3,3,
06049174,Passive14_0128,exact,same,3,3,
060491BC,Passive14_0129,exact,same,3,3,
06049204,Passive14_0130,exact,same,3,3,
06049232,Passive14_0131,exact,same,2,2,
0604926A,Passive14_0132,exact,same,2,2,
0604929C,Passive14_0133,exact,same,2,2,
060492CE,Passive14_0134,exact,same,2,2,
06049320,Passive14_0135,exact,same,2,2,
06049352,Passive14_0136,exact,same,2,2,
06049384,Passive14_0137,exact,same,2,2,
060493B6,Passive14_0138,exact,same,2,2,
060493F0,Passive14_0139,exact,same,2,2,
06049448,Passive14_0140,exact,same,3,3,
06049490,Passive14_0141,exact,same,3,3,
060494D8,Passive14_0142,exact,same,3,3,
06049520,Passive14_0143,exact,same,3,3,
0604958A,Passive14_0144,exact,same,2,2,
060495BC,Passive14_0145,exact,same,3,3,
0604960E,Passive14_0146,exact,same,3,3,
06049690,Passive14_0147,low,differs,11,1,0x10 0x40 0x76 0x100
06049732,Passive14_0148,exact,same,3,3,
06049788,Passive14_0149,exact,same,2,2,
060497C2,Passive14_0150,exact,same,3,3,
06049834,Passive14_0151,exact,same,6,6,
060498BC,Passive14_0152,exact,same,7,7,
06049986,Passive14_0153,exact,same,2,2,
060499A8,Passive14_0154,exact,same,3,3,
060499EC,Passive14_0155,exact,same,5,5,
06049A9C,Passive14_0156,exact,same,7,7,
06049B64,Passive14_0157,exact,same,5,5,
06049BDA,Passive14_0158,exact,same,8,8,
06049CAE,Passive14_0159,exact,same,4,4,
06049D16,Passive14_0160,exact,same,6,6,
06049DCA,Passive14_0161,exact,same,4,4,
06049E32,Passive14_0162,exact,same,6,6,
06049EE6,Passive14_0163,exact,same,2,2,
06049F18,Passive14_0164,exact,same,5,5,
06049FC0,Passive14_0165,exact,same,5,5,
0604A02C,Passive14_0166,exact,same,3,3,
0604A07C,Passive14_0167,exact,reordered,6,5,
0604A120,Passive14_0168,exact,reordered,8,7,
0604A1F4,Passive14_0169,exact,same,6,6,0xffffffff
0604A288,Passive14_0170,exact,same,7,7,0xffffffff
0604A354,Passive14_0171,exact,same,6,6,
0604A418,Passive14_0172,exact,reordered,5,4,
0604A48A,Passive14_0173,exact,reordered,7,6,
0604A542,Passive14_0174,exact,same,5,5,0xffffffff
0604A5C8,Passive14_0175,exact,same,6,6,0xffffffff
0604A684,Passive14_0176,exact,same,5,5,
0604A70A,Passive14_0177,exact,same,2,2,
0604A772,Passive14_0178,exact,reordered,5,4,
0604A7E4,Passive14_0179,exact,reordered,7,6,
0604A8A0,Passive14_0180,exact,same,5,5,0xffffffff
0604A958,Passive14_0181,exact,same,6,6,0xffffffff
0604A9E6,Passive14_0182,exact,same,5,5,
0604AA9E,Passive14_0183,exact,same,6,6,
0604AB2C,Passive14_0184,exact,same,5,5,
0604ABC4,Passive14_0185,exact,same,6,6,
0604AC4E,Passive14_0186,exact,same,3,3,0xb2
0604ACD0,Passive14_0187,exact,same,4,4,
0604AD38,Passive14_0188,exact,same,5,5,0xffffffff
0604ADE8,Passive14_0189,exact,same,5,5,
0604AE6E,Passive14_0190,exact,same,3,3,0xb9
0604AEE8,Passive14_0191,exact,same,6,6,
0604AF76,Passive14_0192,exact,reordered,8,7,
0604B03C,Passive14_0193,exact,same,3,3,0xb5
0604B086,Passive14_0194,exact,same,2,2,0xb2
0604B0C2,Passive14_0195,exact,same,2,2,0xb9
0604B138,Passive14_0196,exact,same,2,2,0xb5
0604B174,Passive14_0197,exact,same,10,10,
0604B26C,Passive14_0198,exact,same,2,2,
0604B28C,Passive14_0199,exact,same,5,5,
0604B2F0,Passive14_0200,exact,same,4,4,
0604B388,Passive14_0201,exact,same,4,4,
0604B3F2,Passive14_0202,exact,same,4,4,
0604B478,Passive14_0203,exact,same,4,4,
0604B4E2,Passive14_0204,exact,same,3,3,
0604B532,Passive14_0205,exact,same,3,3,
0604B5A0,Passive14_0206,exact,same,3,3,
0604B5F0,Passive14_0207,exact,same,3,3,
0604B640,Passive14_0208,exact,same,4,4,
0604B6DA,Passive14_0209,exact,same,4,4,
0604B750,Passive14_0210,exact,same,4,4,
0604B7E8,Passive14_0211,exact,same,4,4,
0604B85E,Passive14_0212,exact,same,3,3,
0604B8AE,Passive14_0213,exact,same,3,3,
0604B92E,Passive14_0214,exact,same,3,3,
0604B982,Passive14_0215,exact,same,3,3,
0604B9D6,Passive14_0216,exact,same,3,3,
0604BA2A,Passive14_0217,exact,same,5,5,
0604BACC,Passive14_0218,exact,same,5,5,
0604BB50,Passive14_0219,exact,same,5,5,
0604BBF4,Passive14_0220,exact,same,5,5,
0604BC78,Passive14_0221,exact,same,6,6,
0604BD20,Passive14_0222,exact,remapped,6,6,
0604BDD0,Passive14_0223,exact,same,6,6,
0604BE58,Passive14_0224,exact,same,6,6,
0604BF08,Passive14_0225,exact,same,5,5,
0604BF80,Passive14_0226,exact,same,5,5,
0604BFF8,Passive14_0227,exact,same,5,5,
0604C070,Passive14_0228,exact,same,5,5,
0604C104,Passive14_0229,exact,same,5,5,
0604C17C,Passive14_0230,exact,same,9,9,
0604C226,Passive14_0231,exact,same,9,9,
0604C306,Passive14_0232,exact,same,3,3,
0604C330,Passive14_0233,exact,same,3,3,
0604C35A,Passive14_0234,exact,same,5,5,
0604C3F4,Passive14_0235,exact,same,4,4,
0604C456,Passive14_0236,exact,same,7,7,
0604C520,Passive14_0237,exact,same,3,3,
0604C56C,Passive14_0238,exact,reordered,4,3,
0604C5B6,Passive14_0239,exact,same,2,2,
0604C600,Passive14_0240,exact,remapped,3,3,
0604C64A,Passive14_0241,exact,same,6,6,
0604C700,Passive14_0242,exact,same,5,5,
0604C77A,Passive14_0243,exact,same,2,2,
0604C7B4,Passive14_0244,exact,same,6,6,
0604C864,Passive14_0245,exact,same,6,6,
0604C8EA,Passive14_0246,exact,same,6,6,
0604C992,Passive14_0247,exact,same,6,6,
0604CA18,Passive14_0248,exact,same,2,2,0x89
0604CA78,Passive14_0249,exact,same,3,3,
0604CAB8,Passive14_0250,exact,same,2,2,
0604CAF2,Passive14_0251,exact,same,3,3,
0604CB60,Passive14_0252,exact,same,4,4,
06053460,Passive15,manual,unknown,0,0,
06053478,Passive15_0000,events,same,2,2,
060534AC,Passive15_0001,exact,same,3,3,
060534D4,Passive15_0002,events,same,5,5,
0605353E,Passive15_0003,exact,same,2,2,
06053594,Passive15_0004,events,same,3,3,
060535D6,Passive15_0005,exact,same,2,2,
060535F4,Passive15_0006,exact,same,3,3,
06053638,Passive15_0007,events,same,3,3,
06053678,Passive15_0008,events,same,2,2,
060536CA,Passive15_0009,events,same,2,2,
060536FC,Passive15_0010,exact,same,2,2,
0605372E,Passive15_0011,exact,same,2,2,
06053770,Passive15_0012,exact,same,2,2,
06053790,Passive15_0013,events,same,3,3,
060537F6,Passive15_0014,exact,same,2,2,
0605382C,Passive15_0015,exact,same,2,2,
0605384C,Passive15_0016,exact,same,6,6,
060538D8,Passive15_0017,exact,reordered,5,3,
06053926,Passive15_0018,exact,same,7,7,
0605399E,Passive15_0019,exact,same,2,2,
060539E6,Passive15_0020,exact,same,2,2,
06053A06,Passive15_0021,events,same,3,3,
06053A46,Passive15_0022,exact,reordered,5,4,
06053AD4,Passive15_0023,exact,same,4,4,
06053B34,Passive15_0024,exact,same,6,6,
06053BB0,Passive15_0025,exact,reordered,7,6,
06053C08,Passive15_0026,exact,same,3,3,
06053C4C,Passive15_0027,events,same,3,3,
06053CBC,Passive15_0028,exact,same,2,2,
06053CEE,Passive15_0029,exact,reordered,3,2,
06053D16,Passive15_0030,exact,same,3,3,
06053D5C,Passive15_0031,exact,same,3,3,
06053D8C,Passive15_0032,exact,same,3,3,
06053DFE,Passive15_0033,exact,same,2,2,
06053E36,Passive15_0034,events,same,3,3,
06053E76,Passive15_0035,exact,reordered,4,2,
06053ED8,Passive15_0036,events,same,3,3,
06053F26,Passive15_0037,exact,same,3,3,
06053F78,Passive15_0038,events,same,3,3,
06053FEC,Passive15_0039,events,same,3,3,
0605403A,Passive15_0040,exact,reordered,5,3,
0605409A,Passive15_0041,exact,same,3,3,
06054106,Passive15_0042,exact,same,2,2,
06054138,Passive15_0043,events,same,3,3,
06054186,Passive15_0044,events,same,4,4,
060541E4,Passive15_0045,exact,same,3,3,
06054256,Passive15_0046,exact,same,2,2,
06054276,Passive15_0047,events,same,3,3,
060542B6,Passive15_0048,exact,reordered,3,2,
060542E0,Passive15_0049,exact,same,3,3,
0605434E,Passive15_0050,exact,same,3,3,
06054392,Passive15_0051,exact,reordered,3,2,
060543BE,Passive15_0052,exact,same,2,2,
060543DE,Passive15_0053,exact,same,2,2,
06054400,Passive15_0054,events,same,2,2,
0605445E,Passive15_0055,exact,same,2,2,
06054490,Passive15_0056,exact,same,2,2,
060544D2,Passive15_0057,exact,same,2,2,
06054514,Passive15_0058,exact,same,2,2,
06054534,Passive15_0059,events,same,2,2,
0605458A,Passive15_0060,exact,same,2,2,
060545A8,Passive15_0061,events,same,3,3,
060545F0,Passive15_0062,exact,same,4,4,
0605462C,Passive15_0063,exact,same,4,4,
06054690,Passive15_0064,exact,same,2,2,
060546B0,Passive15_0065,events,same,5,5,
0605471C,Passive15_0066,events,same,5,5,
060547AA,Passive15_0067,exact,same,3,3,
060547D6,Passive15_0068,exact,same,2,2,
06054818,Passive15_0069,exact,same,2,2,
0605484A,Passive15_0070,exact,same,3,3,
06054878,Passive15_0071,exact,same,3,3,
060548E8,Passive15_0072,events,same,5,5,
06054948,Passive15_0073,exact,same,4,4,
06054998,Passive15_0074,exact,same,3,3,
06054A0E,Passive15_0075,events,same,5,5,
06054A7A,Passive15_0076,events,reordered,7,5,
06054B2C,Passive15_0077,exact,same,3,3,
06054B7C,Passive15_0078,exact,reordered,4,3,
06054C00,Passive15_0079,exact,same,3,3,
06054C52,Passive15_0080,exact,same,3,3,
06054CA2,Passive15_0081,exact,reordered,4,3,
06054D20,Passive15_0082,exact,same,3,3,
06054D70,Passive15_0083,exact,reordered,5,3,
06054DD4,Passive15_0084,exact,reordered,5,3,
06054E44,Passive15_0085,events,same,3,3,
06054E82,Passive15_0086,events,reordered,7,6,
06054F4A,Passive15_0087,events,reordered,7,6,
06054FE2,Passive15_0088,events,reordered,7,6,
0605507A,Passive15_0089,events,same,2,2,
060550AC,Passive15_0090,events,same,2,2,
060550DE,Passive15_0091,events,same,2,2,
06055110,Passive15_0092,exact,same,3,3,
06055188,Passive15_0093,exact,reordered,3,2,
060551B2,Passive15_0094,exact,same,2,2,
060551D4,Passive15_0095,exact,reordered,4,3,
0605521C,Passive15_0096,exact,same,3,3,
06055286,Passive15_0097,exact,same,4,4,
060552E6,Passive15_0098,events,same,5,5,
0605538A,Passive15_0099,exact,same,4,4,
060553EA,Passive15_0100,exact,same,5,5,
06055454,Passive15_0101,events,same,4,4,0xffffffff
060554DA,Passive15_0102,exact,same,3,3,
06055520,Passive15_0103,exact,same,2,2,
06055540,Passive15_0104,events,same,2,2,
06055572,Passive15_0105,events,same,2,2,
060555C8,Passive15_0106,events,same,2,2,
060555FA,Passive15_0107,exact,same,4,4,
06055636,Passive15_0108,exact,same,2,2,
06055656,Passive15_0109,events,same,5,5,
060556B0,Passive15_0110,exact,same,4,4,
060556EC,Passive15_0111,exact,same,4,4,
0605574E,Passive15_0112,exact,same,2,2,
060557A0,Passive15_0113,exact,same,3,3,
060557E8,Passive15_0114,events,same,3,3,
06055836,Passive15_0115,exact,same,2,2,
06055878,Passive15_0116,exact,same,2,2,
060558E6,Passive15_0117,exact,same,2,2,
06055918,Passive15_0118,exact,same,2,2,
06055938,Passive15_0119,exact,same,5,5,
060559DC,Passive15_0120,exact,same,2,2,
06055A1E,Passive15_0121,exact,same,2,2,
06055A60,Passive15_0122,exact,same,2,2,
06055AA2,Passive15_0123,exact,same,2,2,
06055AE4,Passive15_0124,exact,same,2,2,
06055B34,Passive15_0125,exact,same,2,2,
06055B76,Passive15_0126,exact,same,3,3,
06055BBA,Passive15_0127,exact,same,2,2,
06055BDA,Passive15_0128,exact,same,3,3,
06055C3C,Passive15_0129,events,same,2,2,
06055C6E,Passive15_0130,events,same,2,2,
06055CA0,Passive15_0131,events,same,2,2,
06055CD2,Passive15_0132,exact,same,2,2,
06055D08,Passive15_0133,exact,same,3,3,
06055D68,Passive15_0134,exact,same,2,2,
06055D9A,Passive15_0135,exact,same,3,3,
06055DDA,Passive15_0136,exact,same,3,3,
06055E1A,Passive15_0137,exact,same,3,3,
06055E84,Passive15_0138,exact,same,3,3,
06055EC4,Passive15_0139,exact,same,2,2,
06055EF6,Passive15_0140,exact,same,2,2,
06055F14,Passive15_0141,exact,same,3,3,
06055F58,Passive15_0142,exact,same,2,2,
06055FA2,Passive15_0143,exact,same,3,3,
06055FEA,Passive15_0144,exact,same,4,4,
06056048,Passive15_0145,exact,same,6,6,
060560E4,Passive15_0146,events,same,5,5,
06056154,Passive15_0147,exact,same,3,3,
060561C8,Passive15_0148,exact,same,3,3,
060561F0,Passive15_0149,exact,same,2,2,
06056232,Passive15_0150,exact,same,3,3,
06056284,Passive15_0151,exact,reordered,3,2,
060562CC,Passive15_0152,exact,reordered,4,3,
06056314,Passive15_0153,exact,same,3,3,
06056358,Passive15_0154,exact,reordered,4,3,
060563BC,Passive15_0155,exact,same,3,3,
060563FE,Passive15_0156,exact,same,4,4,
0605644A,Passive15_0157,exact,same,2,2,
0605646C,Passive15_0158,exact,same,2,2,
0605648E,Passive15_0159,exact,same,2,2,
060564D4,Passive15_0160,exact,reordered,7,5,
0605654E,Passive15_0161,exact,reordered,6,4,
060565A0,Passive15_0162,exact,reordered,6,4,
0605660C,Passive15_0163,exact,same,2,2,
06056670,Passive16,manual,unknown,0,0,
06056688,Passive16_0000,events,same,2,2,
060566BC,Passive16_0001,exact,same,3,3,
060566E4,Passive16_0002,events,same,5,5,
0605674E,Passive16_0003,exact,same,2,2,
060567A4,Passive16_0004,events,same,3,3,
060567E6,Passive16_0005,exact,same,2,2,
06056804,Passive16_0006,exact,same,3,3,
06056848,Passive16_0007,events,same,3,3,
060568A8,Passive16_0008,events,same,4,4,
060568FA,Passive16_0009,events,same,2,2,
0605692C,Passive16_0010,exact,same,2,2,
0605695E,Passive16_0011,exact,same,2,2,
060569C4,Passive16_0012,exact,same,2,2,
060569E4,Passive16_0013,events,same,3,3,
06056A26,Passive16_0014,exact,same,3,3,
06056A68,Passive16_0015,exact,same,2,2,
06056AAC,Passive16_0016,exact,same,6,6,
06056B18,Passive16_0017,exact,reordered,5,3,
06056B8C,Passive16_0018,events,same,7,7,
06056C02,Passive16_0019,exact,same,2,2,
06056C22,Passive16_0020,exact,same,2,2,
06056C42,Passive16_0021,events,same,3,3,
06056CA4,Passive16_0022,exact,reordered,6,4,
06056D18,Passive16_0023,exact,same,4,4,
06056D98,Passive16_0024,exact,same,6,6,
06056DE8,Passive16_0025,exact,reordered,8,6,
06056E84,Passive16_0026,exact,same,3,3,
06056EC8,Passive16_0027,events,same,3,3,
06056F08,Passive16_0028,exact,same,2,2,
06056F3A,Passive16_0029,exact,reordered,4,2,
06056F94,Passive16_0030,exact,same,3,3,
06056FDA,Passive16_0031,exact,same,2,2,
06056FFC,Passive16_0032,events,same,4,4,
06057062,Passive16_0033,exact,same,2,2,0x9d
060570C8,Passive16_0034,events,same,4,4,
06057126,Passive16_0035,exact,reordered,4,2,
06057168,Passive16_0036,events,same,3,3,
060571D2,Passive16_0037,exact,same,3,3,0x9d
06057226,Passive16_0038,events,same,5,5,
060572A2,Passive16_0039,events,same,3,3,
06057312,Passive16_0040,exact,reordered,5,3,
0605736A,Passive16_0041,exact,same,3,3,
060573B0,Passive16_0042,exact,same,2,2,
0605740C,Passive16_0043,events,same,3,3,
0605745A,Passive16_0044,events,same,5,5,
060574D6,Passive16_0045,exact,same,4,4,
0605752C,Passive16_0046,exact,same,2,2,
0605754C,Passive16_0047,events,same,3,3,
060575B8,Passive16_0048,exact,reordered,3,2,
060575E2,Passive16_0049,exact,same,3,3,
06057626,Passive16_0050,exact,same,3,3,
0605766A,Passive16_0051,exact,reordered,3,2,
060576BA,Passive16_0052,exact,same,2,2,
060576DA,Passive16_0053,events,same,2,2,
0605770C,Passive16_0054,exact,same,2,2,
06057742,Passive16_0055,events,same,2,2,
06057774,Passive16_0056,exact,same,2,2,
060577E0,Passive16_0057,exact,same,2,2,
06057822,Passive16_0058,exact,same,2,2,
06057842,Passive16_0059,events,same,2,2,
06057874,Passive16_0060,exact,same,2,2,
06057892,Passive16_0061,events,same,6,6,
0605791C,Passive16_0062,exact,same,4,4,0x9d
060579A6,Passive16_0063,exact,reordered,5,3,
060579F2,Passive16_0064,exact,same,2,2,
06057A14,Passive16_0065,events,same,5,5,
06057AA6,Passive16_0066,events,same,4,4,
06057B04,Passive16_0067,exact,same,3,3,
06057B30,Passive16_0068,exact,same,2,2,
06057B72,Passive16_0069,exact,same,2,2,
06057BD2,Passive16_0070,exact,same,3,3,
06057C00,Passive16_0071,exact,same,3,3,0x9d
06057C48,Passive16_0072,events,same,6,6,
06057CEA,Passive16_0073,exact,same,3,3,
06057D2E,Passive16_0074,events,same,5,5,
06057DA2,Passive16_0075,events,same,6,6,
06057E4A,Passive16_0076,events,same,3,3,
06057E92,Passive16_0077,exact,same,3,3,
06057F0C,Passive16_0078,exact,reordered,4,3,
06057F66,Passive16_0079,exact,same,3,3,
06057FB8,Passive16_0080,exact,same,3,3,
06058030,Passive16_0081,exact,reordered,4,3,
06058088,Passive16_0082,exact,same,3,3,
060580D8,Passive16_0083,exact,reordered,5,3,
0605815A,Passive16_0084,exact,reordered,5,3,
060581AE,Passive16_0085,exact,same,3,3,
060581F0,Passive16_0086,events,same,6,6,
060582A2,Passive16_0087,events,same,6,6,
06058334,Passive16_0088,events,same,6,6,
060583C6,Passive16_0089,events,same,2,2,
060583F8,Passive16_0090,events,same,2,2,
0605842A,Passive16_0091,events,same,2,2,
06058480,Passive16_0092,exact,same,3,3,0x8010
060584D2,Passive16_0093,exact,reordered,3,2,
060584FC,Passive16_0094,exact,same,2,2,
0605851E,Passive16_0095,exact,reordered,4,3,
06058584,Passive16_0096,exact,same,3,3,
060585CA,Passive16_0097,exact,same,4,4,0x9d
0605862C,Passive16_0098,events,same,5,5,
060586D4,Passive16_0099,exact,same,4,4,
06058734,Passive16_0100,events,same,6,6,
060587E6,Passive16_0101,events,same,4,4,
0605883C,Passive16_0102,exact,same,3,3,
06058882,Passive16_0103,exact,same,2,2,
060588A2,Passive16_0104,events,same,2,2,
06058914,Passive16_0105,events,same,2,2,
0605895C,Passive16_0106,events,same,2,2,
060589A4,Passive16_0107,exact,same,4,4,
06058A04,Passive16_0108,exact,same,2,2,
06058A24,Passive16_0109,events,same,5,5,
06058A7E,Passive16_0110,exact,same,4,4,
06058ABA,Passive16_0111,exact,same,4,4,
06058B44,Passive16_0112,exact,same,2,2,
06058B66,Passive16_0113,exact,same,3,3,
06058BAE,Passive16_0114,exact,same,3,3,
06058BFE,Passive16_0115,exact,same,2,2,
06058C62,Passive16_0116,exact,same,2,2,
06058CA4,Passive16_0117,exact,same,2,2,
06058CD6,Passive16_0118,exact,same,2,2,
06058CF6,Passive16_0119,exact,same,5,5,
06058D8E,Passive16_0120,exact,same,2,2,
06058DD0,Passive16_0121,exact,same,2,2,
06058E12,Passive16_0122,exact,same,2,2,
06058E54,Passive16_0123,exact,same,2,2,
06058EB6,Passive16_0124,exact,same,2,2,
06058EF8,Passive16_0125,exact,same,2,2,
06058F3A,Passive16_0126,exact,same,3,3,
06058F98,Passive16_0127,exact,reordered,4,2,
06058FDC,Passive16_0128,exact,same,3,3,
06059034,Passive16_0129,events,same,2,2,
06059066,Passive16_0130,events,same,2,2,
060590BC,Passive16_0131,events,same,2,2,
060590EE,Passive16_0132,exact,same,2,2,
06059124,Passive16_0133,exact,same,3,3,
06059164,Passive16_0134,exact,same,2,2,
06059196,Passive16_0135,exact,same,3,3,
0605920A,Passive16_0136,exact,same,3,3,
06059262,Passive16_0137,exact,same,3,3,
060592AE,Passive16_0138,exact,same,3,3,
0605932E,Passive16_0139,exact,same,2,2,
06059378,Passive16_0140,exact,same,2,2,
06059396,Passive16_0141,exact,same,3,3,
060593DA,Passive16_0142,exact,same,2,2,
06059424,Passive16_0143,exact,same,3,3,
0605946C,Passive16_0144,exact,same,4,4,
060594CA,Passive16_0145,exact,same,4,4,
06059542,Passive16_0146,events,reordered,7,5,
060595CE,Passive16_0147,exact,same,3,3,
06059654,Passive16_0148,exact,same,3,3,
0605967C,Passive16_0149,exact,same,2,2,
060596BE,Passive16_0150,exact,same,3,3,
06059710,Passive16_0151,exact,reordered,3,2,
06059758,Passive16_0152,exact,reordered,4,3,
060597A0,Passive16_0153,exact,same,3,3,
060597E4,Passive16_0154,exact,reordered,4,3,
06059844,Passive16_0155,exact,same,3,3,
06059886,Passive16_0156,exact,same,4,4,
060598EA,Passive16_0157,exact,same,2,2,
0605990C,Passive16_0158,exact,same,2,2,
06059958,Passive16_0159,exact,same,2,2,
06059978,Passive16_0160,exact,reordered,7,5,
060599F2,Passive16_0161,exact,reordered,6,4,
06059A60,Passive16_0162,exact,reordered,6,4,
06059ACC,Passive16_0163,exact,same,2,2,
06059AEC,Passive16_0164,events,same,3,3,
06059B28,Passive16_0165,exact,same,2,2,
06059B6A,Passive16_0166,exact,same,3,3,
06059BC4,Passive17,manual,unknown,0,0,
06059BDC,Passive17_0000,events,same,2,2,
06059C10,Passive17_0001,exact,same,3,3,
06059C38,Passive17_0002,events,same,5,5,
06059CA2,Passive17_0003,exact,same,2,2,
06059CF8,Passive17_0004,events,same,3,3,
06059D3A,Passive17_0005,exact,same,2,2,
06059D58,Passive17_0006,exact,same,3,3,
06059D9C,Passive17_0007,events,same,3,3,
06059DFC,Passive17_0008,events,same,4,4,
06059E4E,Passive17_0009,events,same,2,2,
06059E80,Passive17_0010,exact,same,2,2,
06059EB2,Passive17_0011,exact,same,2,2,
06059F18,Passive17_0012,exact,same,2,2,
06059F38,Passive17_0013,events,same,3,3,
06059F7A,Passive17_0014,events,same,3,3,
06059FB8,Passive17_0015,exact,same,2,2,
06059FF8,Passive17_0016,exact,same,6,6,
0605A064,Passive17_0017,exact,reordered,5,3,
0605A0D8,Passive17_0018,exact,same,7,7,
0605A152,Passive17_0019,exact,same,2,2,
0605A172,Passive17_0020,exact,same,2,2,
0605A192,Passive17_0021,events,same,3,3,
0605A1F6,Passive17_0022,exact,reordered,6,4,
0605A26A,Passive17_0023,exact,same,4,4,
0605A2F4,Passive17_0024,exact,same,6,6,
0605A344,Passive17_0025,exact,reordered,8,6,
0605A3E0,Passive17_0026,exact,same,3,3,
0605A424,Passive17_0027,events,same,3,3,
0605A464,Passive17_0028,exact,same,2,2,
0605A496,Passive17_0029,exact,reordered,4,2,
0605A4F0,Passive17_0030,exact,same,3,3,
0605A536,Passive17_0031,exact,same,2,2,
0605A558,Passive17_0032,events,same,3,3,
0605A5A0,Passive17_0033,exact,same,2,2,0x9d
0605A604,Passive17_0034,events,same,3,3,
0605A644,Passive17_0035,exact,reordered,4,2,
0605A686,Passive17_0036,events,same,3,3,
0605A6D4,Passive17_0037,exact,same,3,3,0x9d
0605A740,Passive17_0038,events,same,4,4,
0605A79E,Passive17_0039,events,same,3,3,
0605A810,Passive17_0040,exact,reordered,5,3,
0605A868,Passive17_0041,exact,same,3,3,
0605A8AE,Passive17_0042,exact,same,2,2,
0605A8E0,Passive17_0043,events,same,3,3,
0605A952,Passive17_0044,events,same,4,4,
0605A9B0,Passive17_0045,exact,same,3,3,
0605A9F6,Passive17_0046,exact,same,2,2,
0605AA16,Passive17_0047,events,same,3,3,
0605AA80,Passive17_0048,exact,reordered,3,2,
0605AAAA,Passive17_0049,exact,same,3,3,
0605AAEE,Passive17_0050,exact,same,3,3,
0605AB32,Passive17_0051,exact,reordered,3,2,
0605AB82,Passive17_0052,exact,same,2,2,
0605ABA2,Passive17_0053,events,same,2,2,
0605ABD4,Passive17_0054,exact,same,2,2,
0605AC0A,Passive17_0055,events,same,2,2,
0605AC3C,Passive17_0056,exact,same,2,2,
0605AC9C,Passive17_0057,exact,same,2,2,
0605ACE0,Passive17_0058,exact,same,2,2,
0605AD00,Passive17_0059,events,same,2,2,
0605AD32,Passive17_0060,exact,same,2,2,
0605AD74,Passive17_0061,events,same,5,5,
0605ADE0,Passive17_0062,exact,same,4,4,0x9d
0605AE38,Passive17_0063,exact,reordered,4,3,
0605AE92,Passive17_0064,exact,same,2,2,
0605AEB2,Passive17_0065,events,same,4,4,
0605AF0E,Passive17_0066,events,same,3,3,
0605AF4E,Passive17_0067,exact,same,3,3,
0605AF96,Passive17_0068,exact,same,2,2,
0605AFDA,Passive17_0069,exact,same,2,2,
0605B00C,Passive17_0070,exact,same,3,3,
0605B038,Passive17_0071,exact,same,3,3,0x9d
0605B0AC,Passive17_0072,events,same,5,5,
0605B10C,Passive17_0073,exact,same,4,4,
0605B15E,Passive17_0074,events,same,3,3,
0605B1CA,Passive17_0075,events,same,6,6,
0605B244,Passive17_0076,events,same,5,5,
0605B2B0,Passive17_0077,exact,same,3,3,
0605B314,Passive17_0078,exact,reordered,4,3,
0605B36E,Passive17_0079,exact,same,3,3,
0605B3E4,Passive17_0080,exact,same,3,3,
0605B43A,Passive17_0081,exact,reordered,4,3,
0605B494,Passive17_0082,exact,same,3,3,
0605B502,Passive17_0083,exact,reordered,5,3,
0605B566,Passive17_0084,exact,reordered,5,3,
0605B5BA,Passive17_0085,events,same,3,3,
0605B61E,Passive17_0086,events,reordered,5,4,
0605B694,Passive17_0087,events,reordered,5,4,
0605B72A,Passive17_0088,events,reordered,5,4,
0605B7A0,Passive17_0089,events,same,2,2,
0605B7D2,Passive17_0090,events,same,2,2,
0605B804,Passive17_0091,events,same,2,2,
0605B836,Passive17_0092,exact,same,3,3,
0605B886,Passive17_0093,exact,reordered,3,2,
0605B8D0,Passive17_0094,exact,same,2,2,
0605B8F2,Passive17_0095,exact,reordered,4,3,
0605B93A,Passive17_0096,exact,same,3,3,
0605B980,Passive17_0097,exact,same,4,4,0x9d
0605BA0C,Passive17_0098,events,same,5,5,
0605BA86,Passive17_0099,exact,same,4,4,
0605BB20,Passive17_0100,events,same,5,5,
0605BB84,Passive17_0101,exact,same,4,4,
0605BBDE,Passive17_0102,exact,same,3,3,
0605BC4E,Passive17_0103,exact,same,2,2,
0605BC6E,Passive17_0104,events,same,2,2,
0605BCA0,Passive17_0105,events,same,2,2,
0605BCD2,Passive17_0106,events,same,2,2,
0605BD28,Passive17_0107,exact,same,4,4,
0605BD64,Passive17_0108,exact,same,2,2,
0605BD84,Passive17_0109,events,same,5,5,
0605BDDE,Passive17_0110,exact,same,4,4,
0605BE1A,Passive17_0111,exact,same,4,4,
0605BE7C,Passive17_0112,exact,same,2,2,
0605BE9C,Passive17_0113,exact,same,3,3,
0605BEE4,Passive17_0114,events,same,3,3,
0605BF62,Passive17_0115,exact,same,2,2,
0605BFA4,Passive17_0116,exact,same,2,2,
0605BFE6,Passive17_0117,exact,same,2,2,
0605C018,Passive17_0118,exact,same,2,2,
0605C038,Passive17_0119,exact,same,2,2,
0605C094,Passive17_0120,exact,same,2,2,
0605C0D6,Passive17_0121,exact,same,2,2,
0605C118,Passive17_0122,exact,same,2,2,
0605C15A,Passive17_0123,exact,same,2,2,
0605C1AC,Passive17_0124,exact,same,2,2,
0605C1EE,Passive17_0125,exact,same,2,2,
0605C230,Passive17_0126,exact,same,3,3,
0605C274,Passive17_0127,exact,same,2,2,
0605C294,Passive17_0128,exact,same,3,3,
0605C2EE,Passive17_0129,events,same,2,2,
0605C320,Passive17_0130,events,same,2,2,
0605C352,Passive17_0131,events,same,2,2,
0605C384,Passive17_0132,exact,same,2,2,
0605C3BA,Passive17_0133,exact,same,3,3,
0605C418,Passive17_0134,exact,same,2,2,
0605C44A,Passive17_0135,exact,same,3,3,
0605C48A,Passive17_0136,exact,same,3,3,
0605C4CA,Passive17_0137,exact,same,3,3,
0605C530,Passive17_0138,exact,same,3,3,
0605C570,Passive17_0139,exact,same,2,2,
0605C5A2,Passive17_0140,exact,same,2,2,
0605C5C0,Passive17_0141,exact,same,2,2,
0605C5E2,Passive17_0142,exact,same,2,2,
0605C62E,Passive17_0143,exact,same,3,3,0x85
0605C676,Passive17_0144,exact,same,4,4,
0605C6D4,Passive17_0145,exact,same,4,4,
0605C752,Passive17_0146,events,reordered,6,4,
0605C7C0,Passive17_0147,exact,same,3,3,
0605C800,Passive17_0148,exact,same,3,3,
0605C85A,Passive17_0149,exact,same,2,2,
0605C89A,Passive17_0150,exact,same,3,3,
0605C8EC,Passive17_0151,exact,reordered,3,2,
0605C910,Passive17_0152,exact,reordered,4,3,
0605C978,Passive17_0153,exact,same,3,3,
0605C9BC,Passive17_0154,exact,reordered,4,3,
0605CA04,Passive17_0155,exact,same,3,3,
0605CA64,Passive17_0156,exact,same,4,4,
0605CAB0,Passive17_0157,exact,same,2,2,
0605CAD2,Passive17_0158,exact,same,2,2,
0605CAF4,Passive17_0159,exact,same,2,2,
0605CB38,Passive17_0160,exact,reordered,7,5,
0605CBB2,Passive17_0161,exact,reordered,6,4,
0605CC04,Passive17_0162,exact,reordered,6,4,
0605CC70,Passive17_0163,events,same,3,3,
0605CCB0,Passive17_0164,events,same,5,5,
0605CD2C,Passive17_0165,events,same,4,4,
0605CD78,Passive17_0166,events,same,5,5,
0605CDE2,Passive17_0167,exact,same,3,3,
0605CE32,Passive17_0168,exact,same,4,4,
0605CE94,Passive17_0169,events,same,6,6,
0605CF2A,Passive17_0170,events,same,7,7,
0605CFBC,Passive17_0171,events,reordered,5,4,
0605D040,Passive17_0172,events,reordered,5,4,0xffffffff
0605D098,Passive17_0173,events,same,5,5,0xffffffff
0605D0F2,Passive17_0174,events,reordered,5,4,0xffffffff
0605D16C,Passive17_0175,events,reordered,5,4,
0605D1BE,Passive17_0176,events,reordered,7,6,0xffffffff
0605D272,Passive17_0177,events,reordered,7,6,0xffffffff
0605D300,Passive17_0178,events,same,6,6,0xffffffff
0605D3AC,Passive17_0179,events,same,3,3,
0605D3EC,Passive17_0180,events,same,4,4,
0605D436,Passive17_0181,events,same,2,2,
0605D498,Passive18,manual,unknown,0,0,
0605D4B0,Passive18_0000,events,same,2,2,
0605D4E4,Passive18_0001,exact,same,3,3,
0605D50C,Passive18_0002,events,same,4,4,
0605D556,Passive18_0003,exact,same,2,2,
0605D574,Passive18_0004,events,same,3,3,
0605D5B6,Passive18_0005,exact,same,2,2,
0605D5D4,Passive18_0006,exact,same,3,3,
0605D656,Passive18_0007,events,same,3,3,
0605D696,Passive18_0008,events,same,4,4,
0605D6E8,Passive18_0009,exact,same,2,2,
0605D71E,Passive18_0010,exact,same,2,2,
0605D76E,Passive18_0011,exact,same,2,2,
0605D7B0,Passive18_0012,exact,same,2,2,
0605D7D0,Passive18_0013,events,same,3,3,
0605D812,Passive18_0014,events,same,3,3,
0605D87C,Passive18_0015,exact,same,2,2,
0605D89C,Passive18_0016,exact,same,6,6,
0605D906,Passive18_0017,exact,reordered,5,3,
0605D97C,Passive18_0018,exact,same,7,7,
0605D9F6,Passive18_0019,exact,same,2,2,
0605DA16,Passive18_0020,exact,same,2,2,
0605DA36,Passive18_0021,events,same,3,3,
0605DA9A,Passive18_0022,exact,reordered,6,4,
0605DB0E,Passive18_0023,exact,same,4,4,
0605DB94,Passive18_0024,exact,same,6,6,
0605DBE4,Passive18_0025,exact,reordered,8,6,
0605DC80,Passive18_0026,exact,same,3,3,
0605DCC4,Passive18_0027,events,same,3,3,
0605DD04,Passive18_0028,exact,same,2,2,
0605DD36,Passive18_0029,exact,reordered,4,2,
0605DD90,Passive18_0030,exact,same,4,4,
0605DDE4,Passive18_0031,exact,same,2,2,
0605DE06,Passive18_0032,events,same,3,3,
0605DE4E,Passive18_0033,exact,same,2,2,0x9d
0605DEB8,Passive18_0034,events,same,3,3,
0605DF12,Passive18_0035,exact,reordered,4,2,
0605DF54,Passive18_0036,events,same,3,3,
0605DFC4,Passive18_0037,exact,same,4,4,0x9d
0605E026,Passive18_0038,events,same,3,3,
0605E088,Passive18_0039,exact,same,4,4,
0605E110,Passive18_0040,exact,reordered,5,3,
0605E168,Passive18_0041,exact,same,4,4,
0605E1E8,Passive18_0042,exact,same,2,2,
0605E21A,Passive18_0043,events,same,3,3,
0605E27E,Passive18_0044,events,same,4,4,
0605E304,Passive18_0045,exact,same,3,3,
0605E34C,Passive18_0046,exact,same,2,2,
0605E36C,Passive18_0047,events,same,3,3,
0605E3AC,Passive18_0048,exact,reordered,3,2,
0605E3FC,Passive18_0049,exact,same,4,4,
0605E450,Passive18_0050,exact,same,3,3,
0605E494,Passive18_0051,exact,reordered,3,2,
0605E4C0,Passive18_0052,exact,same,2,2,
0605E508,Passive18_0053,events,same,2,2,
0605E53A,Passive18_0054,exact,same,2,2,
0605E570,Passive18_0055,events,same,2,2,
0605E5A2,Passive18_0056,exact,same,2,2,
0605E5E4,Passive18_0057,exact,same,2,2,
0605E646,Passive18_0058,exact,same,2,2,
0605E666,Passive18_0059,events,same,2,2,
0605E698,Passive18_0060,exact,same,2,2,
0605E6B6,Passive18_0061,exact,same,3,3,
0605E702,Passive18_0062,exact,same,4,4,
0605E770,Passive18_0063,exact,same,4,4,
0605E7AC,Passive18_0064,exact,same,2,2,
0605E7CC,Passive18_0065,events,same,5,5,
0605E838,Passive18_0066,events,same,2,2,
0605E8A8,Passive18_0067,exact,same,3,3,
0605E8D4,Passive18_0068,exact,same,2,2,
0605E916,Passive18_0069,exact,same,2,2,
0605E948,Passive18_0070,exact,same,3,3,
0605E9AC,Passive18_0071,exact,same,3,3,0x9d
0605E9F4,Passive18_0072,events,same,4,4,
0605EA5E,Passive18_0073,exact,same,4,4,
0605EAE2,Passive18_0074,events,same,3,3,
0605EB2A,Passive18_0075,exact,same,3,3,
0605EB76,Passive18_0076,exact,same,3,3,
0605EBC2,Passive18_0077,exact,same,3,3,
0605EC28,Passive18_0078,exact,reordered,4,3,
0605EC82,Passive18_0079,exact,same,3,3,
0605ECD4,Passive18_0080,exact,same,3,3,
0605ED48,Passive18_0081,exact,reordered,4,3,
0605EDA0,Passive18_0082,exact,same,3,3,
0605EE10,Passive18_0083,exact,reordered,5,3,
0605EE74,Passive18_0084,events,reordered,5,3,
0605EEC8,Passive18_0085,events,same,3,3,
0605EF44,Passive18_0086,events,reordered,7,5,
0605F000,Passive18_0087,events,reordered,6,4,
0605F086,Passive18_0088,events,reordered,6,4,
0605F10C,Passive18_0089,events,same,2,2,
0605F174,Passive18_0090,events,same,2,2,
0605F1BE,Passive18_0091,events,same,2,2,
0605F208,Passive18_0092,exact,same,3,3,
0605F278,Passive18_0093,exact,reordered,3,2,
0605F2A2,Passive18_0094,exact,same,2,2,
0605F2C4,Passive18_0095,exact,reordered,4,3,
0605F30A,Passive18_0096,exact,same,4,4,
0605F384,Passive18_0097,exact,same,4,4,0x9d
0605F3E6,Passive18_0098,events,same,5,5,
0605F48C,Passive18_0099,exact,same,4,4,
0605F4EC,Passive18_0100,exact,same,4,4,
0605F544,Passive18_0101,exact,same,4,4,0xffffffff
0605F5C4,Passive18_0102,exact,same,3,3,
0605F60A,Passive18_0103,exact,same,2,2,
0605F62A,Passive18_0104,events,same,2,2,
0605F65C,Passive18_0105,events,same,2,2,
0605F68E,Passive18_0106,events,same,2,2,
0605F6C0,Passive18_0107,exact,same,4,4,
0605F6FC,Passive18_0108,exact,same,2,2,
0605F71C,Passive18_0109,events,same,5,5,
0605F776,Passive18_0110,exact,same,4,4,
0605F7E8,Passive18_0111,exact,same,4,4,
0605F84A,Passive18_0112,exact,same,2,2,
0605F86A,Passive18_0113,exact,same,3,3,
0605F8B2,Passive18_0114,events,same,3,3,
0605F900,Passive18_0115,exact,same,2,2,
0605F95E,Passive18_0116,exact,same,2,2,
0605F9A0,Passive18_0117,exact,same,2,2,
0605F9D2,Passive18_0118,exact,same,2,2,
0605F9F2,Passive18_0119,exact,same,5,5,
0605FA8A,Passive18_0120,exact,same,2,2,
0605FACC,Passive18_0121,exact,same,2,2,
0605FB0E,Passive18_0122,exact,same,2,2,
0605FB50,Passive18_0123,exact,same,2,2,
0605FBB2,Passive18_0124,exact,same,2,2,
0605FBF4,Passive18_0125,exact,same,2,2,
0605FC36,Passive18_0126,exact,same,3,3,
0605FC7A,Passive18_0127,exact,same,2,2,
0605FCB0,Passive18_0128,exact,same,3,3,
0605FCF0,Passive18_0129,events,same,2,2,
0605FD36,Passive18_0130,events,same,2,2,
0605FD7C,Passive18_0131,events,same,2,2,
0605FDDC,Passive18_0132,exact,same,2,2,
0605FE12,Passive18_0133,events,same,3,3,
0605FE6C,Passive18_0134,exact,same,2,2,
0605FE9E,Passive18_0135,exact,same,3,3,
0605FF08,Passive18_0136,exact,same,3,3,
0605FF48,Passive18_0137,exact,same,3,3,
0605FF94,Passive18_0138,exact,same,3,3,
0605FFD4,Passive18_0139,exact,unknown,2,3,
06060024,Passive18_0140,exact,same,2,2,
06060042,Passive18_0141,exact,same,3,3,
06060086,Passive18_0142,exact,same,2,2,
060600A4,Passive18_0143,exact,same,3,3,
060600EC,Passive18_0144,exact,remapped,4,4,
0606016E,Passive18_0145,exact,same,4,4,
060601CC,Passive18_0146,events,same,5,5,
06060250,Passive18_0147,exact,same,3,3,
06060290,Passive18_0148,exact,same,3,3,
060602B8,Passive18_0149,exact,same,2,2,
060602FA,Passive18_0150,exact,same,3,3,
06060378,Passive18_0151,exact,reordered,3,2,
0606039C,Passive18_0152,exact,reordered,4,3,
060603E4,Passive18_0153,exact,same,3,3,
06060428,Passive18_0154,exact,reordered,4,3,
0606048A,Passive18_0155,exact,same,3,3,
060604CA,Passive18_0156,exact,same,4,4,
06060516,Passive18_0157,exact,same,2,2,
06060538,Passive18_0158,exact,same,2,2,
06060580,Passive18_0159,exact,same,2,2,
060605A0,Passive18_0160,exact,reordered,7,5,
0606061A,Passive18_0161,exact,reordered,6,4,
06060688,Passive18_0162,exact,reordered,6,4,
060606F4,Passive18_0163,exact,same,3,3,
06060744,Passive18_0164,exact,same,2,2,
06060788,Passive18_0165,exact,same,3,3,
060607C8,Passive18_0166,exact,same,2,2,
0606080A,Passive18_0167,exact,same,2,2,
06060854,Passive18_0168,exact,same,3,3,
060608C0,Passive18_0169,exact,same,3,3,
06060902,Passive18_0170,events,same,2,2,
06060934,Passive18_0171,events,same,4,4,
0606097E,Passive18_0172,events,same,4,4,
060609C8,Passive18_0173,exact,same,3,3,
060609F4,Passive18_0174,exact,same,2,2,
06060A14,Passive18_0175,exact,same,2,2,
06060A34,Passive18_0176,events,same,3,3,
06060A94,Passive18_0177,exact,same,2,2,
06060ADA,Passive18_0178,events,same,3,3,
06060B1A,Passive18_0179,events,same,3,3,
06060B5A,Passive18_0180,events,same,3,3,
06060BB4,Passive18_0181,exact,same,3,3,
06060BF4,Passive18_0182,exact,same,3,3,
06060C34,Passive18_0183,exact,same,3,3,
06060C88,Passive18_0184,exact,same,3,3,
06060CC8,Passive18_0185,exact,same,3,3,
06060D08,Passive18_0186,exact,same,3,3,
06060D48,Passive18_0187,exact,reordered,4,2,
06060DA2,Passive18_0188,events,reordered,4,2,
06060DF2,Passive18_0189,events,reordered,5,3,
06060E50,Passive18_0190,exact,same,3,3,
06060EB2,Passive18_0191,exact,same,2,2,
06060EEC,Passive18_0192,events,same,3,3,
06060F34,Passive18_0193,events,same,4,4,
06060F86,Passive18_0194,exact,same,2,2,
06060FA6,Passive18_0195,exact,same,2,2,
06060FEC,Passive18_0196,exact,same,2,2,
06061046,Passive18_0197,events,same,2,2,
06061078,Passive18_0198,events,same,2,2,
060610C2,Passive18_0199,exact,same,2,2,
060610FC,Passive18_0200,exact,same,3,3,
06061172,Passive18_0201,exact,same,2,2,
060611AC,Passive18_0202,events,same,5,5,
06061216,Passive18_0203,events,same,3,3,
0606129C,Passive19,manual,unknown,0,0,
060612B4,Passive19_0000,events,same,2,2,
060612E8,Passive19_0001,exact,same,3,3,
06061310,Passive19_0002,events,same,5,5,
0606137A,Passive19_0003,exact,same,2,2,
060613D0,Passive19_0004,events,same,3,3,
06061412,Passive19_0005,exact,same,2,2,
06061430,Passive19_0006,exact,same,3,3,
06061474,Passive19_0007,events,same,2,2,
060614A6,Passive19_0008,events,same,2,2,
060614F8,Passive19_0009,events,same,2,2,
0606152A,Passive19_0010,exact,same,2,2,
0606155C,Passive19_0011,exact,same,2,2,
0606159E,Passive19_0012,exact,same,2,2,
060615BE,Passive19_0013,events,same,3,3,
06061626,Passive19_0014,events,same,2,2,
06061658,Passive19_0015,exact,same,2,2,
06061678,Passive19_0016,exact,same,6,6,
06061708,Passive19_0017,exact,reordered,5,3,
06061756,Passive19_0018,exact,same,7,7,
060617CE,Passive19_0019,exact,same,2,2,
06061816,Passive19_0020,exact,same,2,2,
06061836,Passive19_0021,events,same,3,3,
06061876,Passive19_0022,exact,reordered,6,4,
06061910,Passive19_0023,exact,same,4,4,
06061970,Passive19_0024,exact,same,6,6,
060619EC,Passive19_0025,exact,reordered,8,6,
06061A66,Passive19_0026,exact,same,3,3,
06061AAA,Passive19_0027,events,same,3,3,
06061B14,Passive19_0028,exact,same,2,2,
06061B46,Passive19_0029,exact,reordered,4,2,
06061B7E,Passive19_0030,exact,same,3,3,
06061BC4,Passive19_0031,exact,same,2,2,
06061C0C,Passive19_0032,exact,same,3,3,0x9d
06061C5C,Passive19_0033,exact,same,2,2,0x9d
06061C96,Passive19_0034,events,same,3,3,
06061CD6,Passive19_0035,exact,reordered,4,2,
06061D38,Passive19_0036,events,same,3,3,
06061D86,Passive19_0037,exact,same,3,3,0x9d
06061DDA,Passive19_0038,exact,same,3,3,
06061E52,Passive19_0039,exact,same,3,3,
06061EA4,Passive19_0040,exact,same,3,3,
06061EF6,Passive19_0041,exact,same,4,4,
06061F4A,Passive19_0042,exact,same,2,2,
06061F9E,Passive19_0043,events,same,3,3,
06061FEA,Passive19_0044,events,same,4,4,
06062048,Passive19_0045,exact,same,3,3,
060620B6,Passive19_0046,exact,same,2,2,
060620D6,Passive19_0047,events,same,3,3,
06062116,Passive19_0048,exact,reordered,3,2,
0606213E,Passive19_0049,exact,same,3,3,
060621A4,Passive19_0050,exact,same,3,3,
060621E8,Passive19_0051,exact,reordered,3,2,
06062214,Passive19_0052,exact,same,2,2,
06062234,Passive19_0053,events,same,2,2,
06062266,Passive19_0054,exact,same,2,2,
060622C0,Passive19_0055,events,same,2,2,
060622F2,Passive19_0056,exact,same,2,2,
06062334,Passive19_0057,exact,same,2,2,
06062376,Passive19_0058,exact,same,2,2,
06062396,Passive19_0059,events,same,2,2,
060623E8,Passive19_0060,exact,same,2,2,
06062406,Passive19_0061,events,same,3,3,
0606244E,Passive19_0062,exact,same,4,4,0x9d
060624A6,Passive19_0063,exact,same,4,4,0x9d
06062526,Passive19_0064,exact,same,2,2,
06062546,Passive19_0065,events,same,5,5,
060625B8,Passive19_0066,events,same,3,3,
0606261C,Passive19_0067,exact,same,3,3,
06062648,Passive19_0068,exact,same,2,2,
0606268A,Passive19_0069,exact,same,2,2,
060626BC,Passive19_0070,exact,same,3,3,
060626E8,Passive19_0071,exact,same,3,3,0x9d
06062756,Passive19_0072,events,same,4,4,
060627A8,Passive19_0073,exact,same,4,4,
060627FA,Passive19_0074,exact,same,3,3,0x9d
0606287A,Passive19_0075,events,same,3,3,
060628C2,Passive19_0076,events,same,5,5,
0606292E,Passive19_0077,exact,same,3,3,
0606299C,Passive19_0078,exact,reordered,4,3,
060629F6,Passive19_0079,exact,same,3,3,
06062A48,Passive19_0080,exact,same,3,3,
06062AB8,Passive19_0081,exact,reordered,4,3,
06062B10,Passive19_0082,exact,same,3,3,
06062B7C,Passive19_0083,exact,reordered,5,3,
06062BE0,Passive19_0084,events,reordered,5,3,
06062C34,Passive19_0085,exact,same,3,3,
06062C9E,Passive19_0086,events,reordered,6,4,
06062D24,Passive19_0087,events,reordered,6,4,
06062DAA,Passive19_0088,events,reordered,6,4,
06062E30,Passive19_0089,events,same,2,2,
06062E62,Passive19_0090,events,same,2,2,
06062EBA,Passive19_0091,events,same,2,2,
06062EEC,Passive19_0092,exact,same,3,3,
06062F3A,Passive19_0093,exact,reordered,3,2,
06062F64,Passive19_0094,exact,same,2,2,
06062FA8,Passive19_0095,exact,reordered,4,3,
06062FF0,Passive19_0096,exact,same,4,4,
06063044,Passive19_0097,exact,same,4,4,0x9d
060630D4,Passive19_0098,events,same,5,5,
0606314E,Passive19_0099,exact,same,4,4,
060631E0,Passive19_0100,events,same,5,5,
06063244,Passive19_0101,exact,same,4,4,
0606329C,Passive19_0102,exact,same,3,3,
0606330C,Passive19_0103,exact,same,2,2,
0606332C,Passive19_0104,events,same,2,2,
0606335E,Passive19_0105,events,same,2,2,
06063390,Passive19_0106,events,same,2,2,
060633C2,Passive19_0107,exact,same,4,4,
060633FE,Passive19_0108,exact,same,2,2,
0606341E,Passive19_0109,events,same,5,5,
06063478,Passive19_0110,exact,same,4,4,
060634B4,Passive19_0111,exact,same,4,4,
0606354C,Passive19_0112,exact,same,2,2,
0606356E,Passive19_0113,exact,same,3,3,
060635B6,Passive19_0114,events,same,3,3,
06063604,Passive19_0115,exact,same,2,2,
0606366A,Passive19_0116,exact,same,2,2,
060636AC,Passive19_0117,exact,same,2,2,
060636DE,Passive19_0118,exact,same,2,2,
060636FE,Passive19_0119,exact,same,5,5,
06063796,Passive19_0120,exact,same,2,2,
060637D8,Passive19_0121,exact,same,2,2,
0606381A,Passive19_0122,exact,same,2,2,
0606385C,Passive19_0123,exact,same,2,2,
060638BE,Passive19_0124,exact,same,2,2,
06063900,Passive19_0125,exact,same,2,2,
06063942,Passive19_0126,exact,same,3,3,
06063986,Passive19_0127,exact,same,2,2,
060639BC,Passive19_0128,exact,same,3,3,
060639FC,Passive19_0129,events,same,2,2,
06063A2E,Passive19_0130,events,same,2,2,
06063A60,Passive19_0131,events,same,2,2,
06063A92,Passive19_0132,exact,same,2,2,
06063AE8,Passive19_0133,exact,same,3,3,
06063B28,Passive19_0134,exact,same,2,2,
06063B5A,Passive19_0135,exact,same,3,3,
06063B9A,Passive19_0136,exact,same,3,3,
06063BF4,Passive19_0137,exact,same,3,3,
06063C40,Passive19_0138,exact,same,3,3,
06063C80,Passive19_0139,exact,same,2,2,
06063CB2,Passive19_0140,exact,same,2,2,
06063CD0,Passive19_0141,exact,same,3,3,
06063D3C,Passive19_0142,exact,same,2,2,
06063D5A,Passive19_0143,exact,same,3,3,
06063DA2,Passive19_0144,exact,same,4,4,
06063E24,Passive19_0145,exact,same,6,6,
06063EA6,Passive19_0146,events,same,5,5,
06063F2C,Passive19_0147,exact,same,3,3,
06063F6C,Passive19_0148,exact,same,3,3,
06063F94,Passive19_0149,exact,same,2,2,
06063FD6,Passive19_0150,exact,same,3,3,
06064058,Passive19_0151,exact,reordered,3,2,
0606407C,Passive19_0152,exact,reordered,4,3,
060640C4,Passive19_0153,exact,same,3,3,
06064108,Passive19_0154,exact,reordered,4,3,
0606416A,Passive19_0155,exact,same,3,3,
060641AC,Passive19_0156,exact,same,4,4,
060641F8,Passive19_0157,exact,same,2,2,
0606421A,Passive19_0158,exact,same,2,2,
06064264,Passive19_0159,exact,same,2,2,
06064284,Passive19_0160,exact,reordered,7,5,
060642FE,Passive19_0161,exact,reordered,6,4,
0606436C,Passive19_0162,exact,reordered,6,4,
060643D8,Passive19_0163,exact,same,2,2,
060643FA,Passive19_0164,events,same,2,2,
0606442C,Passive19_0165,events,same,2,2,
0606447C,Passive19_0166,events,same,4,4,
060644E0,Passive19_0167,events,same,3,3,
06064528,Passive19_0168,high,unknown,4,5,
0606457A,Passive19_0169,events,same,4,4,
060645CC,Passive19_0170,events,reordered,4,3,
0606462C,Passive19_0171,events,reordered,5,4,
0606469A,Passive19_0172,exact,same,2,2,
060646B8,Passive19_0173,exact,same,2,2,
060646D6,Passive19_0174,exact,same,2,2,
06064718,Passive19_0175,exact,same,2,2,
06064744,Computer00,manual,unknown,0,0,
0606475C,Pattern00_0000,exact,same,3,3,
06064784,Pattern00_0001,exact,reordered,3,2,
060647B0,Pattern00_0002,events,same,2,2,
060647E2,Pattern00_0003,exact,same,3,3,
0606480E,Pattern00_0004,events,same,2,2,
06064840,Pattern00_0005,exact,same,3,3,
06064898,Pattern00_0006,exact,same,2,2,
060648B6,Pattern00_0007,exact,same,2,2,
060648D6,Pattern00_0008,exact,reordered,3,2,
06064902,Pattern00_0009,exact,same,4,4,
06064938,Pattern00_0010,exact,same,2,2,
06064980,Pattern00_0011,exact,reordered,3,2,
060649AC,Pattern00_0012,exact,same,2,2,
060649CC,Pattern00_0013,exact,same,2,2,
060649EC,Pattern00_0014,exact,same,2,2,
06064A2E,Pattern00_0015,exact,differs,2,2,
06064A50,Pattern00_0016,exact,same,3,3,
06064AA2,Pattern00_0017,events,same,2,2,
06064AD4,Pattern00_0018,events,same,2,2,
06064B06,Pattern00_0019,events,same,3,3,
06064B48,Pattern00_0020,exact,same,2,2,
06064BB0,Pattern00_0021,exact,same,2,2,
06064BF2,Pattern00_0022,events,same,5,5,
06064C54,Pattern00_0023,exact,same,2,2,
06064C74,Pattern00_0024,exact,same,2,2,
06064CC8,Pattern00_0025,exact,same,3,3,
06064CF8,Pattern00_0026,events,same,3,3,
06064D36,Pattern00_0027,exact,same,2,2,
06064D78,Pattern00_0028,exact,same,2,2,
06064DC4,Pattern00_0029,exact,reordered,4,2,
06064E04,Pattern00_0030,exact,reordered,4,2,
06064E48,Pattern00_0031,events,same,3,3,
06064E88,Pattern00_0032,exact,same,3,3,
06064ED0,Pattern00_0033,exact,same,3,3,
06064EFC,Pattern00_0034,events,same,4,4,
06064F4C,Pattern00_0035,exact,same,2,2,
06064F6C,Pattern00_0036,exact,same,2,2,
06064F8C,Pattern00_0037,exact,same,3,3,
06064FDC,Pattern00_0038,events,same,4,4,
0606502A,Pattern00_0039,events,same,3,3,
0606506A,Pattern00_0040,events,same,3,3,
060650D0,Pattern00_0041,events,same,3,3,
06065110,Pattern00_0042,exact,reordered,4,2,
06065150,Pattern00_0043,events,same,2,2,
06065192,Pattern00_0044,events,same,2,2,
060651F2,Pattern00_0045,events,same,2,2,0xffffffff
06065234,Pattern00_0046,exact,same,2,2,
0606526C,Pattern00_0047,exact,same,2,2,
060652A4,Pattern00_0048,exact,same,2,2,
060652DC,Pattern00_0049,events,same,2,2,
06065328,Pattern00_0050,high,unknown,2,3,
0606535A,Pattern00_0051,events,same,2,2,
0606538C,Pattern00_0052,exact,same,3,3,
060653DC,Pattern00_0053,exact,same,2,2,
06065416,Pattern00_0054,exact,same,2,2,
06065466,Pattern00_0055,exact,same,3,3,
06065492,Pattern00_0056,exact,same,3,3,
060654E4,Pattern00_0057,events,same,3,3,
0606555C,Pattern00_0058,exact,same,3,3,
06065584,Pattern00_0059,events,same,2,2,
060655B6,Pattern00_0060,exact,same,2,2,
060655D8,Pattern00_0061,exact,reordered,3,2,
06065604,Pattern00_0062,exact,same,2,2,
06065624,Pattern00_0063,exact,same,2,2,
06065664,Pattern00_0064,exact,same,2,2,
06065682,Pattern00_0065,events,same,3,3,
060656C2,Pattern00_0066,events,same,3,3,
06065704,Pattern00_0067,events,same,5,5,
06065794,Computer01,manual,unknown,0,0,
060657AC,Pattern01_0000,exact,same,3,3,
060657D4,Pattern01_0001,exact,reordered,3,2,
060657F8,Pattern01_0002,events,same,3,3,
06065838,Pattern01_0003,exact,same,3,3,
06065864,Pattern01_0004,events,same,2,2,
060658C2,Pattern01_0005,exact,same,3,3,
06065908,Pattern01_0006,exact,same,2,2,
06065926,Pattern01_0007,events,same,4,4,
06065972,Pattern01_0008,exact,same,2,2,
060659B8,Pattern01_0009,exact,same,4,4,
060659EE,Pattern01_0010,exact,same,2,2,
06065A0E,Pattern01_0011,exact,same,2,2,
06065A2E,Pattern01_0012,exact,same,2,2,
06065A4E,Pattern01_0013,exact,same,2,2,
06065A70,Pattern01_0014,exact,same,2,2,
06065AD2,Pattern01_0015,exact,same,2,2,
06065AF4,Pattern01_0016,exact,same,2,2,
06065B16,Pattern01_0017,events,same,2,2,
06065B48,Pattern01_0018,exact,same,2,2,
06065B7A,Pattern01_0019,exact,same,2,2,
06065BC4,Pattern01_0020,events,same,3,3,
06065C0C,Pattern01_0021,exact,same,2,2,
06065C4E,Pattern01_0022,exact,same,2,2,
06065C80,Pattern01_0023,exact,same,2,2,
06065CA0,Pattern01_0024,exact,same,2,2,
06065CE8,Pattern01_0025,exact,same,2,2,
06065D0A,Pattern01_0026,events,same,3,3,
06065D48,Pattern01_0027,exact,same,2,2,
06065D66,Pattern01_0028,exact,same,2,2,
06065D86,Pattern01_0029,exact,reordered,4,2,
06065DF4,Pattern01_0030,exact,reordered,3,2,
06065E20,Pattern01_0031,exact,same,3,3,
06065E70,Pattern01_0032,events,same,3,3,
06065EB0,Pattern01_0033,events,same,3,3,
06065F14,Pattern01_0034,exact,reordered,4,2,
06065F52,Pattern01_0035,exact,same,2,2,
06065F72,Pattern01_0036,exact,same,2,2,
06065F92,Pattern01_0037,events,same,3,3,
06065FD4,Pattern01_0038,exact,same,4,4,
0606602C,Pattern01_0039,events,same,3,3,
06066074,Pattern01_0040,events,same,3,3,
060660B4,Pattern01_0041,events,same,3,3,
06066110,Pattern01_0042,exact,reordered,4,2,
0606614C,Pattern01_0043,exact,reordered,7,5,
060661E0,Pattern01_0044,exact,reordered,6,4,
06066232,Pattern01_0045,exact,reordered,6,4,
0606629E,Pattern01_0046,events,same,2,2,
060662D0,Pattern01_0047,events,same,2,2,
06066302,Pattern01_0048,exact,same,2,2,
06066338,Pattern01_0049,events,same,2,2,
0606636A,Pattern01_0050,events,same,2,2,
0606639C,Pattern01_0051,events,same,2,2,
060663FC,Pattern01_0052,events,same,5,5,
06066468,Pattern01_0053,events,same,5,5,
060664D4,Pattern01_0054,exact,same,4,4,
06066540,Pattern01_0055,exact,same,3,3,
06066568,Pattern01_0056,events,same,2,2,
0606659A,Pattern01_0057,events,same,2,2,
060665CC,Pattern01_0058,events,same,2,2,
060665FE,Pattern01_0059,exact,same,2,2,
0606664E,Pattern01_0060,exact,same,2,2,
06066680,Pattern01_0061,exact,same,2,2,
060666B2,Pattern01_0062,exact,same,2,2,
060666D4,Pattern01_0063,exact,same,2,2,
060666F6,Pattern01_0064,events,same,2,2,
06066740,Pattern01_0065,events,same,2,2,
06066772,Pattern01_0066,events,same,2,2,
060667A4,Pattern01_0067,exact,same,2,2,
060667C6,Pattern01_0068,exact,same,2,2,
060667FC,Pattern01_0069,exact,same,3,3,
06066874,Computer02,manual,unknown,0,0,
0606688C,Pattern02_0000,exact,same,3,3,
060668B4,Pattern02_0001,exact,reordered,4,2,
060668F4,Pattern02_0002,exact,same,2,2,
06066926,Pattern02_0003,exact,reordered,3,2,
06066952,Pattern02_0004,exact,same,2,2,
060669AA,Pattern02_0005,exact,same,2,2,
060669CC,Pattern02_0006,exact,same,2,2,
060669EA,Pattern02_0007,exact,same,3,3,
06066A26,Pattern02_0008,exact,same,2,2,
06066A6A,Pattern02_0009,exact,same,2,2,
06066AC4,Pattern02_0010,exact,same,2,2,
06066AE4,Pattern02_0011,exact,same,2,2,
06066B04,Pattern02_0012,exact,same,2,2,
06066B24,Pattern02_0013,exact,same,2,2,
06066B44,Pattern02_0014,exact,same,2,2,
06066B88,Pattern02_0015,exact,same,2,2,
06066BCC,Pattern02_0016,exact,same,2,2,
06066BEE,Pattern02_0017,exact,same,2,2,
06066C20,Pattern02_0018,exact,same,4,4,
06066C52,Pattern02_0019,exact,same,3,3,
06066C9E,Pattern02_0020,exact,same,2,2,
06066CFE,Pattern02_0021,exact,same,2,2,
06066D30,Pattern02_0022,exact,same,2,2,
06066D74,Pattern02_0023,exact,same,2,2,
06066D94,Pattern02_0024,exact,same,2,2,
06066DB6,Pattern02_0025,exact,same,2,2,
06066E00,Pattern02_0026,exact,same,4,4,
06066E48,Pattern02_0027,exact,same,2,2,
06066E66,Pattern02_0028,exact,same,2,2,
06066E86,Pattern02_0029,exact,same,3,3,
06066EC6,Pattern02_0030,exact,same,3,3,
06066F18,Pattern02_0031,exact,same,3,3,
06066F6A,Pattern02_0032,exact,reordered,3,2,
06066F96,Pattern02_0033,exact,same,3,3,
06066FD6,Pattern02_0034,exact,same,4,4,
06067032,Pattern02_0035,exact,same,2,2,
06067052,Pattern02_0036,exact,same,2,2,
06067072,Pattern02_0037,exact,same,2,2,
06067094,Pattern02_0038,exact,same,4,4,
060670E2,Pattern02_0039,exact,same,3,3,
06067150,Pattern02_0040,exact,same,3,3,
06067190,Pattern02_0041,exact,same,4,4,
060671DE,Pattern02_0042,exact,reordered,5,2,
0606723A,Pattern02_0043,exact,same,2,2,
0606727E,Pattern02_0044,exact,same,2,2,
060672C2,Pattern02_0045,exact,same,2,2,
06067306,Pattern02_0046,exact,reordered,4,2,
06067370,Pattern02_0047,exact,same,2,2,
060673B6,Pattern02_0048,exact,same,7,7,
06067490,Pattern02_0049,exact,same,6,6,
06067518,Pattern02_0050,exact,same,2,2,
0606754A,Pattern02_0051,exact,same,2,2,
060675BC,Pattern02_0052,exact,same,2,2,
06067602,Pattern02_0053,exact,same,2,2,
06067634,Pattern02_0054,exact,same,2,2,
06067666,Pattern02_0055,exact,same,2,2,
06067684,Pattern02_0056,exact,same,2,2,
060676B6,Pattern02_0057,exact,same,3,3,
060676F4,Pattern02_0058,exact,same,3,3,
06067732,Pattern02_0059,exact,same,3,3,
06067770,Pattern02_0060,exact,same,3,3,
060677D4,Pattern02_0061,events,same,1,1,
060677E8,Pattern02_0062,exact,same,3,3,
06067830,Pattern02_0063,exact,same,2,2,
06067874,Pattern02_0064,exact,same,6,6,
06067922,Pattern02_0065,exact,same,3,3,
0606796A,Pattern02_0066,exact,same,3,3,
060679DC,Pattern02_0067,exact,same,3,3,
06067A24,Pattern02_0068,exact,same,3,3,
06067A6C,Pattern02_0069,exact,same,3,3,
06067AAE,Pattern02_0070,exact,same,4,4,
06067AFA,Pattern02_0071,exact,same,3,3,
06067B26,Pattern02_0072,exact,same,2,2,
06067B6E,Pattern02_0073,exact,same,2,2,
06067B90,Pattern02_0074,exact,same,3,3,
06067C00,Computer03,manual,unknown,0,0,
06067C18,Pattern03_0000,exact,same,3,3,
06067C40,Pattern03_0001,exact,reordered,3,2,
06067C64,Pattern03_0002,exact,same,2,2,
06067C9A,Pattern03_0003,exact,same,3,3,
06067CC6,Pattern03_0004,exact,same,2,2,
06067CF8,Pattern03_0005,exact,same,2,2,
06067D44,Pattern03_0006,exact,same,2,2,
06067D62,Pattern03_0007,exact,same,4,4,
06067DAE,Pattern03_0008,exact,reordered,3,2,
06067DDA,Pattern03_0009,exact,same,4,4,
06067E40,Pattern03_0010,exact,same,2,2,
06067E60,Pattern03_0011,exact,reordered,3,2,
06067E8C,Pattern03_0012,exact,same,2,2,
06067EAC,Pattern03_0013,exact,same,2,2,
06067ECE,Pattern03_0014,exact,same,2,2,
06067F10,Pattern03_0015,exact,same,2,2,
06067F5C,Pattern03_0016,exact,same,3,3,
06067F8C,Pattern03_0017,exact,same,2,2,
06067FBE,Pattern03_0018,exact,same,2,2,
06067FF0,Pattern03_0019,exact,same,2,2,
06068022,Pattern03_0020,exact,same,3,3,
06068088,Pattern03_0021,exact,same,2,2,
060680CA,Pattern03_0022,exact,same,2,2,
0606810C,Pattern03_0023,exact,same,2,2,
0606812C,Pattern03_0024,exact,same,2,2,
06068198,Pattern03_0025,exact,same,3,3,
060681C8,Pattern03_0026,exact,same,3,3,
06068206,Pattern03_0027,exact,same,2,2,
06068224,Pattern03_0028,exact,same,2,2,
06068244,Pattern03_0029,exact,reordered,5,3,
060682C4,Pattern03_0030,exact,reordered,5,3,
06068320,Pattern03_0031,exact,same,3,3,
06068362,Pattern03_0032,exact,same,3,3,
060683C4,Pattern03_0033,exact,same,3,3,
060683F0,Pattern03_0034,exact,same,3,3,
06068430,Pattern03_0035,exact,same,2,2,
06068450,Pattern03_0036,exact,same,2,2,
06068470,Pattern03_0037,exact,same,3,3,
060684CA,Pattern03_0038,exact,same,4,4,
0606851C,Pattern03_0039,exact,same,3,3,
06068568,Pattern03_0040,exact,same,3,3,
060685C4,Pattern03_0041,exact,same,3,3,
06068604,Pattern03_0042,exact,reordered,4,2,
0606864A,Pattern03_0043,exact,same,2,2,
0606868C,Pattern03_0044,exact,same,2,2,
060686EE,Pattern03_0045,exact,reordered,4,2,
0606873A,Pattern03_0046,exact,same,2,2,
0606876C,Pattern03_0047,exact,same,2,2,
0606879E,Pattern03_0048,exact,same,2,2,
060687F6,Pattern03_0049,exact,same,2,2,
06068828,Pattern03_0050,exact,same,2,2,
0606885A,Pattern03_0051,exact,same,2,2,
0606888C,Pattern03_0052,exact,same,3,3,
060688D4,Pattern03_0053,exact,same,3,3,
0606891C,Pattern03_0054,exact,same,3,3,0xffffffff
06068978,Pattern03_0055,exact,same,2,2,
060689BA,Pattern03_0056,exact,same,3,3,
06068A3A,Pattern03_0057,exact,same,3,3,
06068A8C,Pattern03_0058,exact,same,6,6,
06068B44,Pattern03_0059,exact,same,6,6,
06068BC2,Pattern03_0060,exact,same,6,6,
06068C76,Pattern03_0061,exact,same,5,5,
06068CEC,Pattern03_0062,exact,same,3,3,
06068D74,Pattern03_0063,exact,same,3,3,
06068DB6,Pattern03_0064,exact,reordered,5,3,
06068E18,Pattern03_0065,exact,same,3,3,
06068E74,Pattern03_0066,exact,same,2,2,
06068EAE,Pattern03_0067,exact,same,2,2,
06068EE4,Pattern03_0068,exact,same,2,2,
06068F16,Pattern03_0069,exact,same,2,2,
06068F48,Pattern03_0070,exact,same,2,2,
06068F7A,Pattern03_0071,exact,same,2,2,
06068FC0,Computer04,manual,unknown,0,0,
06068FD8,Pattern04_0000,exact,same,3,3,
06069000,Pattern04_0001,exact,reordered,4,2,
06069038,Pattern04_0002,exact,same,2,2,
0606906A,Pattern04_0003,exact,reordered,3,2,
0606908E,Pattern04_0004,exact,same,2,2,
060690C0,Pattern04_0005,exact,same,3,3,
0606911A,Pattern04_0006,exact,same,2,2,
06069138,Pattern04_0007,exact,same,4,4,
06069184,Pattern04_0008,exact,same,2,2,
060691C8,Pattern04_0009,exact,same,2,2,
06069228,Pattern04_0010,exact,same,2,2,
06069248,Pattern04_0011,exact,same,2,2,
06069268,Pattern04_0012,exact,same,2,2,
06069288,Pattern04_0013,exact,same,2,2,
060692A8,Pattern04_0014,exact,same,2,2,
060692EC,Pattern04_0015,exact,same,2,2,
06069334,Pattern04_0016,exact,same,2,2,
06069356,Pattern04_0017,exact,same,2,2,
06069388,Pattern04_0018,exact,same,6,6,
060693D2,Pattern04_0019,exact,same,3,3,
06069448,Pattern04_0020,exact,same,3,3,
06069490,Pattern04_0021,exact,same,2,2,
060694C2,Pattern04_0022,exact,same,2,2,
06069506,Pattern04_0023,exact,same,2,2,
06069526,Pattern04_0024,exact,same,2,2,
06069570,Pattern04_0025,exact,same,2,2,
06069592,Pattern04_0026,exact,same,4,4,
060695DA,Pattern04_0027,exact,same,2,2,
060695F8,Pattern04_0028,exact,same,2,2,
06069618,Pattern04_0029,exact,same,3,3,
06069680,Pattern04_0030,exact,same,4,4,
060696B8,Pattern04_0031,exact,same,3,3,
0606970A,Pattern04_0032,exact,reordered,3,2,
06069736,Pattern04_0033,exact,same,4,4,
060697AE,Pattern04_0034,exact,same,4,4,
060697E2,Pattern04_0035,exact,same,2,2,
06069802,Pattern04_0036,exact,same,2,2,
06069822,Pattern04_0037,exact,same,3,3,
06069874,Pattern04_0038,exact,reordered,6,5,0xffffffff
060698D6,Pattern04_0039,exact,same,3,3,
0606991E,Pattern04_0040,exact,same,4,4,
0606999A,Pattern04_0041,exact,same,4,4,
060699E8,Pattern04_0042,exact,reordered,6,3,
06069A38,Pattern04_0043,exact,same,2,2,
06069AA0,Pattern04_0044,exact,same,2,2,
06069AE4,Pattern04_0045,exact,same,2,2,
06069B28,Pattern04_0046,exact,reordered,4,2,
06069B74,Pattern04_0047,exact,same,2,2,
06069BD6,Pattern04_0048,exact,same,3,3,
06069C04,Pattern04_0049,exact,same,2,2,
06069C36,Pattern04_0050,exact,same,2,2,
06069C68,Pattern04_0051,exact,same,2,2,
06069CD0,Pattern04_0052,exact,same,2,2,
06069D16,Pattern04_0053,exact,same,2,2,
06069D48,Pattern04_0054,exact,same,2,2,
06069D7A,Pattern04_0055,exact,same,2,2,
06069DAC,Pattern04_0056,exact,same,2,2,
06069DDE,Pattern04_0057,exact,same,2,2,
06069E10,Pattern04_0058,exact,same,4,4,
06069E80,Pattern04_0059,exact,same,3,3,
06069EC8,Pattern04_0060,exact,same,5,5,
06069F38,Pattern04_0061,exact,same,2,2,
06069F9A,Pattern04_0062,exact,same,2,2,
06069FD4,Pattern04_0063,events,same,2,2,0x7f68
0606A018,Pattern04_0064,exact,same,2,2,
0606A04A,Pattern04_0065,exact,same,2,2,
0606A07C,Pattern04_0066,exact,same,2,2,
0606A0D0,Pattern04_0067,exact,same,2,2,
0606A110,Computer05,manual,unknown,0,0,
0606A128,Pattern05_0000,exact,same,3,3,
0606A150,Pattern05_0001,exact,reordered,4,2,
0606A190,Pattern05_0002,high,same,2,2,
0606A1C2,Pattern05_0003,exact,reordered,3,2,
0606A1EE,Pattern05_0004,exact,same,2,2,
0606A24A,Pattern05_0005,exact,same,2,2,
0606A26C,Pattern05_0006,exact,same,2,2,
0606A28A,Pattern05_0007,exact,same,4,4,
0606A2D6,Pattern05_0008,exact,same,2,2,
0606A344,Pattern05_0009,exact,same,2,2,
0606A376,Pattern05_0010,exact,same,2,2,
0606A396,Pattern05_0011,exact,same,2,2,
0606A3B6,Pattern05_0012,exact,same,2,2,
0606A3D6,Pattern05_0013,exact,same,2,2,
0606A3F6,Pattern05_0014,exact,same,2,2,
0606A45C,Pattern05_0015,exact,same,2,2,
0606A47E,Pattern05_0016,exact,same,2,2,
0606A4A0,Pattern05_0017,exact,same,2,2,
0606A4D2,Pattern05_0018,exact,same,4,4,
0606A504,Pattern05_0019,exact,same,3,3,
0606A574,Pattern05_0020,exact,same,2,2,
0606A5A6,Pattern05_0021,exact,same,2,2,
0606A5D8,Pattern05_0022,exact,same,2,2,
0606A61A,Pattern05_0023,exact,same,2,2,
0606A63A,Pattern05_0024,exact,same,2,2,
0606A65C,Pattern05_0025,exact,same,2,2,
0606A6A4,Pattern05_0026,exact,same,4,4,
0606A6EC,Pattern05_0027,exact,same,2,2,
0606A70A,Pattern05_0028,exact,same,2,2,
0606A72A,Pattern05_0029,exact,same,3,3,
0606A794,Pattern05_0030,exact,same,3,3,
0606A7D4,Pattern05_0031,exact,same,3,3,
0606A826,Pattern05_0032,exact,reordered,3,2,
0606A852,Pattern05_0033,exact,same,3,3,
0606A8C0,Pattern05_0034,exact,same,4,4,
0606A8F4,Pattern05_0035,exact,same,2,2,
0606A914,Pattern05_0036,exact,same,2,2,
0606A934,Pattern05_0037,exact,same,2,2,
0606A956,Pattern05_0038,exact,same,6,6,0xffffffff
0606A9DE,Pattern05_0039,exact,same,3,3,
0606AA26,Pattern05_0040,exact,same,3,3,
0606AA66,Pattern05_0041,exact,same,3,3,
0606AACC,Pattern05_0042,exact,reordered,5,2,
0606AB0C,Pattern05_0043,exact,same,2,2,
0606AB50,Pattern05_0044,exact,same,2,2,
0606AB94,Pattern05_0045,exact,reordered,5,3,
0606AC10,Pattern05_0046,exact,reordered,4,2,
0606AC5C,Pattern05_0047,exact,same,2,2,
0606ACA2,Pattern05_0048,events,same,1,1,
0606ACB6,Pattern05_0049,events,same,1,1,
0606ACCA,Pattern05_0050,exact,same,2,2,
0606AD16,Pattern05_0051,exact,same,2,2,
0606AD58,Pattern05_0052,exact,same,2,2,
0606AD9E,Pattern05_0053,exact,same,2,2,
0606ADD0,Pattern05_0054,exact,same,2,2,
0606AE24,Pattern05_0055,exact,same,2,2,
0606AE56,Pattern05_0056,exact,same,2,2,
0606AE88,Pattern05_0057,exact,same,2,2,
0606AEBA,Pattern05_0058,exact,same,2,2,
0606AEEC,Pattern05_0059,exact,same,2,2,
0606AF1E,Pattern05_0060,exact,same,2,2,
0606AF50,Pattern05_0061,exact,same,2,2,
0606AF82,Pattern05_0062,exact,same,2,2,
0606AFB4,Pattern05_0063,exact,same,2,2,
0606B014,Pattern05_0064,exact,same,2,2,
0606B056,Pattern05_0065,exact,same,2,2,
0606B098,Pattern05_0066,exact,same,2,2,
0606B0DC,Computer06,manual,unknown,0,0,
0606B0F4,Pattern06_0000,exact,same,3,3,
0606B11C,Pattern06_0001,exact,same,2,2,
0606B14E,Pattern06_0002,exact,same,2,2,
0606B182,Pattern06_0003,exact,same,2,2,
0606B1B4,Pattern06_0004,exact,same,2,2,
0606B1E6,Pattern06_0005,exact,same,2,2,
0606B218,Pattern06_0006,exact,same,2,2,
0606B24A,Pattern06_0007,exact,same,4,4,
0606B2D6,Pattern06_0008,exact,same,4,4,
0606B32A,Pattern06_0009,exact,same,3,3,
0606B36C,Pattern06_0010,exact,same,3,3,
0606B3D0,Pattern06_0011,exact,same,3,3,
0606B412,Pattern06_0012,exact,same,3,3,
0606B454,Pattern06_0013,exact,same,2,2,
0606B474,Pattern06_0014,exact,same,2,2,
0606B494,Pattern06_0015,exact,same,2,2,
0606B4CC,Pattern06_0016,exact,same,2,2,
0606B4EC,Pattern06_0017,exact,same,2,2,
0606B50C,Pattern06_0018,exact,same,3,3,
0606B550,Pattern06_0019,exact,same,2,2,
0606B570,Pattern06_0020,exact,same,2,2,
0606B590,Pattern06_0021,exact,same,2,2,
0606B5CC,Pattern06_0022,exact,same,2,2,
0606B5EC,Pattern06_0023,exact,same,2,2,
0606B60C,Pattern06_0024,exact,same,2,2,
0606B62C,Pattern06_0025,exact,same,3,3,
0606B66C,Pattern06_0026,exact,same,3,3,
0606B6C8,Pattern06_0027,exact,same,3,3,
0606B708,Pattern06_0028,exact,same,2,2,
0606B73A,Pattern06_0029,exact,same,2,2,
0606B76C,Pattern06_0030,exact,same,2,2,
0606B79E,Pattern06_0031,exact,same,2,2,
0606B7D0,Pattern06_0032,exact,same,2,2,
0606B802,Pattern06_0033,exact,same,2,2,
0606B834,Pattern06_0034,exact,same,2,2,
0606B866,Pattern06_0035,exact,same,2,2,
0606B898,Pattern06_0036,exact,same,2,2,
0606B8CA,Pattern06_0037,exact,same,2,2,
0606B91E,Pattern06_0038,exact,same,2,2,
0606B960,Pattern06_0039,exact,same,2,2,
0606B9A2,Pattern06_0040,exact,same,2,2,
0606BA04,Pattern06_0041,exact,same,5,5,
0606BA64,Pattern06_0042,exact,same,5,5,
0606BAC4,Pattern06_0043,exact,same,3,3,
0606BB04,Pattern06_0044,exact,same,2,2,
0606BB24,Pattern06_0045,exact,same,2,2,
0606BB5A,Pattern06_0046,exact,same,2,2,
0606BB7A,Pattern06_0047,exact,reordered,5,3,
0606BBDE,Pattern06_0048,exact,same,4,4,
0606BC48,Pattern06_0049,exact,same,2,2,
0606BC7A,Pattern06_0050,exact,reordered,4,3,
0606BCCC,Pattern06_0051,exact,same,2,2,
0606BCEC,Pattern06_0052,exact,same,2,2,
0606BD0C,Pattern06_0053,exact,reordered,3,2,
0606BD4C,Pattern06_0054,exact,reordered,4,2,
0606BD84,Pattern06_0055,exact,same,2,2,
0606BDBE,Pattern06_0056,exact,same,3,3,
0606BE0C,Pattern06_0057,exact,same,6,6,
0606BEAC,Pattern06_0058,exact,same,2,2,
0606BEE2,Pattern06_0059,exact,same,2,2,
0606BF14,Pattern06_0060,exact,same,2,2,
0606BF46,Pattern06_0061,exact,same,2,2,
0606BFA0,Pattern06_0062,exact,same,2,2,
0606BFD6,Pattern06_0063,exact,same,2,2,
0606C024,Computer07,manual,unknown,0,0,
0606C03C,Pattern07_0000,exact,same,3,3,
0606C064,Pattern07_0001,exact,reordered,4,2,
0606C0AA,Pattern07_0002,exact,same,4,4,
0606C130,Pattern07_0003,exact,reordered,5,2,
0606C17E,Pattern07_0004,exact,same,3,3,
0606C1C6,Pattern07_0005,exact,reordered,4,3,
0606C230,Pattern07_0006,exact,same,2,2,
0606C24E,Pattern07_0007,exact,same,4,4,
0606C29A,Pattern07_0008,exact,reordered,5,4,
0606C338,Pattern07_0009,exact,same,3,3,
0606C380,Pattern07_0010,exact,same,4,4,
0606C3E0,Pattern07_0011,exact,reordered,4,3,
0606C448,Pattern07_0012,exact,same,3,3,
0606C476,Pattern07_0013,exact,same,5,5,
0606C4DC,Pattern07_0014,exact,same,4,4,
0606C578,Pattern07_0015,exact,same,2,2,
0606C59A,Pattern07_0016,exact,same,2,2,
0606C5BC,Pattern07_0017,exact,same,2,2,
0606C5EE,Pattern07_0018,exact,same,5,5,
0606C62E,Pattern07_0019,exact,reordered,5,4,
0606C6C6,Pattern07_0020,exact,same,3,3,
0606C70E,Pattern07_0021,exact,reordered,5,4,
0606C7AA,Pattern07_0022,exact,same,3,3,
0606C804,Pattern07_0023,exact,same,2,2,
0606C824,Pattern07_0024,exact,same,2,2,
0606C846,Pattern07_0025,exact,same,2,2,
0606C890,Pattern07_0026,exact,same,5,5,
0606C8EE,Pattern07_0027,exact,same,7,7,
0606C96E,Pattern07_0028,exact,same,2,2,
0606C98E,Pattern07_0029,exact,same,3,3,
0606C9F4,Pattern07_0030,exact,reordered,4,3,
0606CA26,Pattern07_0031,exact,same,3,3,
0606CA78,Pattern07_0032,exact,reordered,5,4,
0606CAFA,Pattern07_0033,exact,same,3,3,
0606CB3A,Pattern07_0034,exact,reordered,6,4,
0606CB9A,Pattern07_0035,exact,same,2,2,
0606CBDC,Pattern07_0036,exact,same,2,2,
0606CBFC,Pattern07_0037,exact,same,4,4,
0606CC4E,Pattern07_0038,exact,same,6,6,
0606CCE0,Pattern07_0039,exact,same,3,3,
0606CD28,Pattern07_0040,exact,same,3,3,
0606CD68,Pattern07_0041,exact,reordered,4,3,
0606CDCC,Pattern07_0042,exact,reordered,5,3,
0606CE1E,Pattern07_0043,exact,same,2,2,
0606CE62,Pattern07_0044,exact,same,2,2,
0606CEA6,Pattern07_0045,exact,same,2,2,
0606CF0A,Pattern07_0046,events,same,1,1,
0606CF1E,Pattern07_0047,exact,same,2,2,
0606CF66,Pattern07_0048,exact,same,4,4,0xffffffff
0606CFF8,Pattern07_0049,exact,reordered,5,4,
0606D062,Pattern07_0050,exact,same,2,2,
0606D094,Pattern07_0051,exact,same,3,3,
0606D118,Pattern07_0052,exact,same,2,2,
0606D15E,Pattern07_0053,exact,same,2,2,
0606D196,Pattern07_0054,exact,same,2,2,
0606D1C8,Pattern07_0055,exact,same,2,2,
0606D1FA,Pattern07_0056,exact,same,2,2,
0606D240,Pattern07_0057,exact,same,2,2,
0606D286,Pattern07_0058,exact,same,2,2,
0606D2CC,Pattern07_0059,exact,reordered,5,4,
0606D350,Pattern07_0060,exact,reordered,4,2,
0606D39C,Pattern07_0061,exact,reordered,5,2,
0606D408,Pattern07_0062,exact,reordered,5,3,
0606D462,Pattern07_0063,exact,same,3,3,
0606D4AE,Pattern07_0064,exact,same,2,2,
0606D4E0,Pattern07_0065,exact,same,2,2,
0606D512,Pattern07_0066,exact,same,2,2,
0606D544,Pattern07_0067,exact,same,2,2,
0606D576,Pattern07_0068,exact,same,2,2,
0606D5A8,Pattern07_0069,exact,same,3,3,
0606D5F0,Pattern07_0070,exact,same,4,4,
0606D672,Pattern07_0071,exact,reordered,5,4,
0606D6E2,Pattern07_0072,exact,same,2,2,
0606D718,Pattern07_0073,exact,same,2,2,
0606D74A,Pattern07_0074,exact,same,2,2,
0606D77C,Pattern07_0075,exact,same,2,2,
0606D7D0,Computer08,manual,unknown,0,0,
0606D7E8,Pattern08_0000,exact,same,3,3,
0606D810,Pattern08_0001,exact,reordered,4,2,
0606D84E,Pattern08_0002,exact,reordered,3,2,
0606D878,Pattern08_0003,exact,reordered,3,2,
0606D8CC,Pattern08_0004,exact,reordered,5,4,
0606D932,Pattern08_0005,exact,same,4,4,
0606D982,Pattern08_0006,exact,same,2,2,
0606D9C4,Pattern08_0007,exact,same,4,4,
0606DA10,Pattern08_0008,exact,same,4,4,
0606DA78,Pattern08_0009,exact,reordered,5,2,
0606DB0E,Pattern08_0010,exact,same,2,2,
0606DB2E,Pattern08_0011,exact,reordered,5,4,
0606DB8E,Pattern08_0012,exact,same,2,2,
0606DBC4,Pattern08_0013,exact,reordered,4,2,
0606DC0A,Pattern08_0014,exact,same,3,3,
0606DC5C,Pattern08_0015,exact,same,2,2,
0606DC7E,Pattern08_0016,exact,same,2,2,
0606DCC8,Pattern08_0017,exact,same,2,2,
0606DCFA,Pattern08_0018,exact,same,6,6,
0606DD5E,Pattern08_0019,exact,same,3,3,
0606DDD0,Pattern08_0020,exact,same,3,3,
0606DE18,Pattern08_0021,exact,same,2,2,
0606DE4A,Pattern08_0022,exact,same,3,3,
0606DEA4,Pattern08_0023,exact,same,2,2,
0606DEE4,Pattern08_0024,exact,same,2,2,
0606DF06,Pattern08_0025,exact,same,2,2,
0606DF28,Pattern08_0026,exact,same,4,4,
0606DF70,Pattern08_0027,exact,same,2,2,
0606DF8E,Pattern08_0028,exact,same,2,2,
0606DFD0,Pattern08_0029,exact,same,5,5,
0606E02E,Pattern08_0030,exact,reordered,5,4,
0606E088,Pattern08_0031,exact,same,3,3,
0606E0F6,Pattern08_0032,exact,reordered,4,3,
0606E12A,Pattern08_0033,exact,reordered,3,2,
0606E15A,Pattern08_0034,exact,reordered,8,6,
0606E200,Pattern08_0035,exact,same,2,2,
0606E220,Pattern08_0036,exact,same,2,2,
0606E240,Pattern08_0037,exact,same,2,2,
0606E262,Pattern08_0038,exact,reordered,6,5,0xffffffff
0606E2F4,Pattern08_0039,exact,same,3,3,
0606E33C,Pattern08_0040,exact,same,3,3,
0606E37C,Pattern08_0041,exact,same,4,4,
0606E3E8,Pattern08_0042,exact,same,2,2,
0606E42C,Pattern08_0043,exact,same,2,2,
0606E470,Pattern08_0044,exact,same,3,3,
0606E4C2,Pattern08_0045,exact,reordered,4,3,
0606E540,Pattern08_0046,exact,reordered,4,2,
0606E58C,Pattern08_0047,exact,reordered,6,3,
0606E614,Pattern08_0048,exact,same,2,2,
0606E632,Pattern08_0049,exact,same,2,2,
0606E664,Pattern08_0050,exact,same,2,2,
0606E6A8,Pattern08_0051,exact,same,2,2,
0606E6EC,Pattern08_0052,exact,same,2,2,
0606E750,Pattern08_0053,exact,same,4,4,
0606E7A2,Pattern08_0054,exact,same,2,2,
0606E7D4,Pattern08_0055,exact,reordered,7,5,
0606E844,Pattern08_0056,exact,same,7,7,
0606E8CC,Pattern08_0057,exact,same,2,2,
0606E8FE,Pattern08_0058,exact,same,2,2,
0606E960,Pattern08_0059,exact,same,2,2,
0606E992,Pattern08_0060,events,same,1,1,
0606E9A6,Pattern08_0061,exact,same,3,3,
0606E9EE,Pattern08_0062,exact,same,2,2,
0606EA20,Pattern08_0063,events,same,1,1,
0606EA34,Pattern08_0064,exact,same,2,2,
0606EA66,Pattern08_0065,exact,same,2,2,
0606EA98,Pattern08_0066,exact,same,2,2,
0606EACA,Pattern08_0067,exact,same,2,2,
0606EAFC,Pattern08_0068,exact,same,2,2,
0606EB42,Pattern08_0069,exact,same,3,3,
0606EB80,Pattern08_0070,exact,same,3,3,
0606EBFC,Computer09,manual,unknown,0,0,
0606EC14,Pattern09_0000,exact,same,2,2,
0606EC4C,Pattern09_0001,exact,reordered,3,2,
0606EC70,Pattern09_0002,exact,same,3,3,
0606ECBE,Pattern09_0003,exact,same,3,3,
0606ED32,Pattern09_0004,exact,same,2,2,
0606ED64,Pattern09_0005,exact,same,2,2,
0606ED84,Pattern09_0006,exact,same,2,2,
0606EDA2,Pattern09_0007,exact,same,4,4,
0606EDEE,Pattern09_0008,exact,same,2,2,
0606EE5A,Pattern09_0009,exact,same,3,3,
0606EEA8,Pattern09_0010,exact,same,3,3,
0606EEEC,Pattern09_0011,exact,same,3,3,
0606EF50,Pattern09_0012,exact,same,3,3,
0606EF94,Pattern09_0013,exact,same,3,3,
0606EFD8,Pattern09_0014,exact,same,2,2,
0606F01C,Pattern09_0015,exact,same,2,2,
0606F068,Pattern09_0016,exact,same,2,2,
0606F08A,Pattern09_0017,exact,same,3,3,
0606F0D6,Pattern09_0018,exact,same,3,3,
0606F0FE,Pattern09_0019,exact,same,3,3,
0606F14A,Pattern09_0020,exact,same,4,4,
0606F19C,Pattern09_0021,exact,same,3,3,
0606F1E8,Pattern09_0022,exact,same,2,2,
0606F260,Pattern09_0023,exact,same,2,2,
0606F280,Pattern09_0024,exact,same,2,2,
0606F2A2,Pattern09_0025,exact,same,2,2,
0606F2C4,Pattern09_0026,exact,same,3,3,
0606F302,Pattern09_0027,exact,same,2,2,
0606F34C,Pattern09_0028,exact,same,2,2,
0606F36C,Pattern09_0029,exact,same,4,4,
0606F3CA,Pattern09_0030,exact,same,4,4,
0606F41E,Pattern09_0031,exact,same,3,3,
0606F492,Pattern09_0032,exact,reordered,3,2,
0606F4BE,Pattern09_0033,exact,same,3,3,
0606F4FE,Pattern09_0034,exact,same,3,3,
0606F528,Pattern09_0035,exact,same,3,3,
0606F598,Pattern09_0036,exact,same,3,3,
0606F5E4,Pattern09_0037,exact,same,2,2,
0606F606,Pattern09_0038,exact,reordered,4,2,
0606F66C,Pattern09_0039,exact,same,3,3,
0606F6B4,Pattern09_0040,exact,same,3,3,
0606F6F4,Pattern09_0041,exact,same,4,4,
0606F770,Pattern09_0042,exact,reordered,5,2,
0606F7B0,Pattern09_0043,exact,same,2,2,
0606F7F4,Pattern09_0044,exact,same,2,2,
0606F838,Pattern09_0045,exact,same,2,2,
0606F89E,Pattern09_0046,exact,reordered,4,2,
0606F8EA,Pattern09_0047,exact,same,2,2,
0606F930,Pattern09_0048,exact,same,4,4,
0606F9C8,Pattern09_0049,exact,same,4,4,
0606FA30,Pattern09_0050,exact,same,2,2,
0606FA62,Pattern09_0051,exact,same,2,2,
0606FAA4,Pattern09_0052,exact,same,2,2,
0606FB14,Pattern09_0053,exact,same,2,2,
0606FB4C,Pattern09_0054,exact,same,2,2,
0606FB7E,Pattern09_0055,exact,same,2,2,
0606FBB0,Pattern09_0056,exact,same,2,2,
0606FBE2,Pattern09_0057,exact,same,2,2,
0606FC14,Pattern09_0058,exact,same,2,2,
0606FC4C,Pattern09_0059,exact,same,3,3,
0606FCB6,Pattern09_0060,exact,same,2,2,
0606FCE8,Pattern09_0061,exact,same,2,2,
0606FD1A,Pattern09_0062,exact,same,2,2,
0606FD4C,Pattern09_0063,exact,same,2,2,
0606FDBC,Pattern09_0064,exact,same,6,6,
0606FE46,Pattern09_0065,exact,same,3,3,
0606FE8E,Pattern09_0066,exact,same,3,3,
0606FF00,Pattern09_0067,exact,same,3,3,
0606FF48,Pattern09_0068,exact,same,3,3,
0606FF90,Pattern09_0069,exact,same,2,2,
0606FFD6,Pattern09_0070,exact,same,2,2,
0606FFF4,Pattern09_0071,exact,same,3,3,
0607001E,Pattern09_0072,exact,same,3,3,
06070064,Pattern09_0073,exact,same,3,3,
060700AA,Pattern09_0074,exact,same,3,3,
0607011C,Pattern09_0075,exact,same,2,2,
0607015E,Pattern09_0076,exact,same,3,3,
060701AE,Pattern09_0077,exact,same,4,4,
06070244,Pattern09_0078,events,reordered,7,6,
060702CE,Pattern09_0079,exact,same,4,4,
0607034C,Pattern09_0080,exact,same,4,4,
060703A2,Pattern09_0081,exact,same,3,3,
060703FA,Pattern09_0082,exact,same,3,3,
06070426,Pattern09_0083,exact,same,2,2,
0607049C,Pattern09_0084,exact,same,2,2,
060704DE,Pattern09_0085,exact,same,2,2,0xffffffff
06070528,Pattern09_0086,exact,same,2,2,0xffffffff
06070594,Pattern09_0087,exact,same,2,2,0xffffffff
060705DE,Pattern09_0088,exact,same,2,2,0xffffffff
06070628,Pattern09_0089,exact,same,2,2,
06070662,Pattern09_0090,exact,same,2,2,0xffffffff
060706C8,Pattern09_0091,exact,same,2,2,0xffffffff
06070712,Pattern09_0092,exact,same,2,2,0xffffffff
0607075C,Pattern09_0093,exact,same,2,2,0xffffffff
060707A6,Pattern09_0094,exact,same,2,2,
060707FC,Pattern09_0095,exact,same,2,2,
0607084C,Pattern09_0096,exact,same,2,2,
0607089E,Pattern09_0097,exact,same,2,2,
060708F0,Pattern09_0098,exact,same,2,2,0xffffffff
06070958,Pattern09_0099,exact,same,4,4,
060709B6,Pattern09_0100,exact,same,2,2,
06070A18,Computer10,manual,unknown,0,0,
06070A30,Pattern10_0000,exact,same,3,3,
06070A58,Pattern10_0001,exact,reordered,3,2,
06070A7C,Pattern10_0002,exact,same,2,2,
06070AB2,Pattern10_0003,exact,same,3,3,
06070ADE,Pattern10_0004,exact,same,2,2,
06070B10,Pattern10_0005,exact,same,2,2,
06070B5C,Pattern10_0006,exact,same,2,2,
06070B7A,Pattern10_0007,exact,same,4,4,
06070BC6,Pattern10_0008,exact,reordered,3,2,
06070BF2,Pattern10_0009,exact,same,4,4,
06070C58,Pattern10_0010,exact,same,2,2,
06070C78,Pattern10_0011,exact,reordered,3,2,
06070CA4,Pattern10_0012,exact,same,2,2,
06070CC4,Pattern10_0013,exact,same,2,2,
06070CE6,Pattern10_0014,exact,same,2,2,
06070D28,Pattern10_0015,exact,same,2,2,
06070D74,Pattern10_0016,exact,same,3,3,
06070DA4,Pattern10_0017,exact,reordered,7,5,
06070E16,Pattern10_0018,exact,same,2,2,
06070E48,Pattern10_0019,exact,reordered,7,5,
06070EBA,Pattern10_0020,exact,same,3,3,
06070F22,Pattern10_0021,exact,same,2,2,
06070F64,Pattern10_0022,exact,same,2,2,
06070FA6,Pattern10_0023,exact,same,2,2,
06070FC6,Pattern10_0024,exact,same,2,2,
0607103A,Pattern10_0025,exact,same,3,3,
0607106A,Pattern10_0026,exact,same,3,3,
060710A8,Pattern10_0027,exact,same,2,2,
060710C6,Pattern10_0028,exact,same,2,2,
060710E6,Pattern10_0029,exact,reordered,5,3,
06071166,Pattern10_0030,exact,reordered,5,3,
060711C2,Pattern10_0031,exact,same,3,3,
06071204,Pattern10_0032,exact,same,3,3,
06071266,Pattern10_0033,exact,same,3,3,
06071292,Pattern10_0034,exact,same,3,3,
060712D2,Pattern10_0035,exact,same,2,2,
060712F2,Pattern10_0036,exact,same,2,2,
06071312,Pattern10_0037,exact,same,3,3,
0607136A,Pattern10_0038,exact,same,4,4,
060713BC,Pattern10_0039,exact,same,3,3,
06071408,Pattern10_0040,exact,same,3,3,
06071464,Pattern10_0041,exact,reordered,8,6,
060714E8,Pattern10_0042,exact,reordered,4,2,
0607152E,Pattern10_0043,exact,same,2,2,
0607158A,Pattern10_0044,exact,same,2,2,
060715CC,Pattern10_0045,exact,reordered,4,2,
06071618,Pattern10_0046,exact,same,2,2,
0607164A,Pattern10_0047,exact,same,2,2,
060716A2,Pattern10_0048,exact,same,2,2,
060716D4,Pattern10_0049,exact,same,2,2,
06071706,Pattern10_0050,exact,same,2,2,
06071738,Pattern10_0051,exact,same,2,2,
0607176A,Pattern10_0052,exact,same,3,3,
060717B2,Pattern10_0053,exact,same,3,3,
060717FA,Pattern10_0054,exact,same,3,3,0xffffffff
06071856,Pattern10_0055,exact,same,2,2,
060718CC,Pattern10_0056,exact,same,3,3,
0607191C,Pattern10_0057,exact,same,3,3,
0607196E,Pattern10_0058,exact,same,6,6,
06071A24,Pattern10_0059,exact,same,6,6,
06071AA2,Pattern10_0060,exact,same,6,6,
06071B4C,Pattern10_0061,exact,same,5,5,
06071BC2,Pattern10_0062,exact,same,3,3,
06071C50,Pattern10_0063,exact,same,3,3,
06071C92,Pattern10_0064,exact,reordered,5,3,
06071CF4,Pattern10_0065,exact,same,3,3,
06071D4E,Pattern10_0066,exact,same,2,2,
06071D88,Pattern10_0067,exact,same,2,2,
06071DA8,Pattern10_0068,exact,same,2,2,
06071DDA,Pattern10_0069,exact,same,3,3,
06071E38,Computer11,manual,unknown,0,0,
06071E50,Pattern11_0000,exact,same,3,3,
06071E78,Pattern11_0001,exact,same,2,2,
06071E96,Pattern11_0002,exact,same,3,3,
06071EC4,Pattern11_0003,exact,same,3,3,
06071EF2,Pattern11_0004,exact,same,3,3,0xffffffff
06071F48,Pattern11_0005,exact,same,2,2,
06071F7A,Pattern11_0006,exact,same,2,2,
06071FAC,Pattern11_0007,exact,same,2,2,
06071FDE,Pattern11_0008,exact,same,2,2,
06072010,Pattern11_0009,exact,same,2,2,
06072042,Pattern11_0010,exact,same,2,2,
06072074,Pattern11_0011,exact,same,2,2,
06072094,Pattern11_0012,exact,same,2,2,
060720B4,Pattern11_0013,exact,same,2,2,
060720D4,Pattern11_0014,exact,same,2,2,
06072106,Pattern11_0015,exact,same,2,2,
06072126,Pattern11_0016,exact,same,2,2,
06072146,Pattern11_0017,exact,same,2,2,
06072178,Pattern11_0018,exact,same,2,2,
060721AA,Pattern11_0019,exact,same,2,2,
060721DC,Pattern11_0020,exact,same,2,2,
06072214,Pattern11_0021,exact,same,2,2,
06072234,Pattern11_0022,exact,same,2,2,
06072254,Pattern11_0023,exact,same,2,2,
06072276,Pattern11_0024,exact,same,2,2,
060722A8,Pattern11_0025,exact,same,2,2,
060722C6,Pattern11_0026,exact,same,4,4,
06072328,Pattern11_0027,exact,same,4,4,
06072362,Pattern11_0028,exact,same,4,4,
060723B2,Pattern11_0029,exact,same,4,4,
06072424,Pattern11_0030,exact,same,3,3,
0607246C,Pattern11_0031,exact,same,3,3,
060724B6,Pattern11_0032,exact,same,3,3,
060724F6,Pattern11_0033,exact,same,4,4,
06072570,Pattern11_0034,exact,same,2,2,
06072590,Pattern11_0035,exact,same,3,3,
060725D0,Pattern11_0036,exact,same,3,3,
06072610,Pattern11_0037,exact,same,3,3,
06072672,Pattern11_0038,exact,reordered,5,3,
060726EA,Pattern11_0039,exact,same,5,5,
0607274E,Pattern11_0040,exact,same,3,3,
060727C6,Pattern11_0041,exact,same,4,4,
0607282E,Pattern11_0042,exact,same,4,4,
060728BE,Pattern11_0043,exact,same,4,4,
06072926,Pattern11_0044,exact,same,3,3,
06072978,Pattern11_0045,exact,same,4,4,
06072A08,Pattern11_0046,exact,same,6,6,
06072A92,Pattern11_0047,exact,same,4,4,
06072B16,Pattern11_0048,exact,same,2,2,
06072B48,Pattern11_0049,exact,same,2,2,
06072B7A,Pattern11_0050,exact,same,2,2,
06072BAC,Pattern11_0051,exact,same,2,2,
06072BCC,Pattern11_0052,exact,same,4,4,
06072C3A,Pattern11_0053,exact,same,2,2,
06072C5A,Pattern11_0054,exact,reordered,3,2,
06072C7E,Pattern11_0055,exact,reordered,4,3,
06072CC8,Pattern11_0056,exact,same,2,2,
06072D00,Pattern11_0057,exact,reordered,6,4,
06072D8A,Pattern11_0058,exact,same,2,2,
06072DCE,Pattern11_0059,exact,same,2,2,
06072E18,Pattern11_0060,exact,same,2,2,
06072E38,Pattern11_0061,exact,same,2,2,
06072E58,Pattern11_0062,exact,same,3,3,
06072E9A,Pattern11_0063,exact,same,3,3,
06072EDC,Pattern11_0064,exact,same,3,3,
06072F36,Pattern11_0065,exact,same,5,5,
06072F96,Pattern11_0066,exact,reordered,6,4,
0607303A,Pattern11_0067,exact,reordered,5,4,
060730A0,Pattern11_0068,exact,reordered,4,3,
060730FA,Pattern11_0069,exact,same,3,3,
0607313C,Pattern11_0070,exact,same,3,3,
0607317E,Pattern11_0071,exact,same,3,3,
060731C0,Pattern11_0072,exact,same,2,2,0xffffffff
06073222,Pattern11_0073,exact,same,2,2,0xffffffff
0607326A,Pattern11_0074,exact,same,2,2,
060732A4,Pattern11_0075,exact,same,2,2,
060732C2,Pattern11_0076,exact,same,3,3,
060732EE,Pattern11_0077,exact,same,2,2,
06073330,Pattern11_0078,exact,same,2,2,
06073352,Pattern11_0079,exact,same,2,2,
06073384,Pattern11_0080,exact,same,3,3,
060733AE,Pattern11_0081,exact,same,2,2,
060733E8,Pattern11_0082,exact,reordered,4,3,
06073444,Pattern11_0083,exact,same,2,2,
0607347C,Pattern11_0084,exact,same,3,3,
060734CC,Pattern11_0085,exact,same,4,4,
06073544,Pattern11_0086,exact,same,2,2,
0607357E,Pattern11_0087,exact,same,2,2,
060735BC,Pattern11_0088,exact,same,2,2,
060735F8,Pattern11_0089,exact,same,4,4,
06073664,Computer12,manual,unknown,0,0,
0607367C,Pattern12_0000,exact,same,3,3,
060736A4,Pattern12_0001,exact,same,2,2,
060736C2,Pattern12_0002,exact,same,3,3,
060736F0,Pattern12_0003,exact,same,3,3,
0607371E,Pattern12_0004,exact,same,3,3,
06073774,Pattern12_0005,exact,same,2,2,
060737A6,Pattern12_0006,exact,same,2,2,
060737D8,Pattern12_0007,exact,same,2,2,
0607380A,Pattern12_0008,exact,same,2,2,
0607383C,Pattern12_0009,exact,same,2,2,
0607386E,Pattern12_0010,exact,same,2,2,
060738A0,Pattern12_0011,exact,reordered,4,2,
060738D8,Pattern12_0012,exact,same,2,2,
060738F8,Pattern12_0013,exact,same,2,2,
06073918,Pattern12_0014,exact,same,2,2,
0607394A,Pattern12_0015,exact,same,2,2,
0607396A,Pattern12_0016,exact,same,2,2,
0607398A,Pattern12_0017,exact,same,2,2,
060739BC,Pattern12_0018,exact,same,2,2,
060739EE,Pattern12_0019,exact,same,2,2,
06073A20,Pattern12_0020,exact,same,2,2,
06073A5E,Pattern12_0021,exact,same,2,2,
06073A7E,Pattern12_0022,exact,same,2,2,
06073A9E,Pattern12_0023,exact,same,2,2,
06073AC0,Pattern12_0024,exact,same,2,2,
06073AF2,Pattern12_0025,exact,same,2,2,
06073B10,Pattern12_0026,exact,same,2,2,
06073B54,Pattern12_0027,exact,same,2,2,
06073B74,Pattern12_0028,exact,same,4,4,
06073BC4,Pattern12_0029,exact,same,4,4,
06073C14,Pattern12_0030,exact,same,3,3,
06073C76,Pattern12_0031,exact,same,3,3,
06073CC0,Pattern12_0032,exact,same,3,3,
06073D00,Pattern12_0033,exact,same,4,4,
06073D56,Pattern12_0034,exact,same,2,2,
06073D96,Pattern12_0035,exact,same,3,3,
06073DD6,Pattern12_0036,exact,same,3,3,
06073E16,Pattern12_0037,exact,same,3,3,
06073E78,Pattern12_0038,exact,reordered,5,3,
06073EE0,Pattern12_0039,exact,same,5,5,
06073F44,Pattern12_0040,exact,same,3,3,
06073FBA,Pattern12_0041,exact,same,4,4,
06074022,Pattern12_0042,exact,same,4,4,
060740B2,Pattern12_0043,exact,same,4,4,
0607411A,Pattern12_0044,exact,same,3,3,
0607416C,Pattern12_0045,exact,same,4,4,
060741FC,Pattern12_0046,exact,same,6,6,
06074286,Pattern12_0047,exact,same,4,4,
0607430A,Pattern12_0048,exact,same,2,2,
0607433C,Pattern12_0049,exact,same,2,2,
0607436E,Pattern12_0050,exact,same,2,2,
060743A0,Pattern12_0051,exact,same,2,2,
060743C0,Pattern12_0052,exact,same,4,4,
0607442E,Pattern12_0053,exact,same,2,2,
0607444E,Pattern12_0054,exact,reordered,3,2,
06074472,Pattern12_0055,exact,reordered,4,3,
060744BC,Pattern12_0056,exact,same,2,2,
060744F4,Pattern12_0057,exact,reordered,7,5,
06074592,Pattern12_0058,exact,same,2,2,
06074600,Pattern12_0059,exact,same,2,2,
06074620,Pattern12_0060,exact,same,2,2,
06074640,Pattern12_0061,exact,same,2,2,
06074660,Pattern12_0062,exact,same,2,2,
06074680,Pattern12_0063,exact,same,2,2,
060746A0,Pattern12_0064,exact,same,2,2,
060746C0,Pattern12_0065,exact,same,2,2,
060746F8,Pattern12_0066,exact,reordered,4,3,
0607473C,Pattern12_0067,exact,reordered,4,3,
06074780,Pattern12_0068,exact,reordered,5,3,
060747EC,Pattern12_0069,exact,same,2,2,
0607481E,Pattern12_0070,exact,same,2,2,
06074850,Pattern12_0071,exact,reordered,5,4,
060748E4,Pattern12_0072,exact,same,6,6,
0607496E,Pattern12_0073,exact,same,4,4,
060749EC,Pattern12_0074,exact,same,4,4,
06074A42,Pattern12_0075,exact,reordered,5,4,0xffffffff
06074A9C,Pattern12_0076,exact,same,3,3,
06074B04,Pattern12_0077,exact,reordered,5,2,
06074B52,Pattern12_0078,exact,reordered,4,3,
06074B96,Pattern12_0079,exact,reordered,4,3,
06074BF4,Pattern12_0080,exact,reordered,4,3,
06074C3C,Pattern12_0081,exact,same,2,2,
06074C6E,Pattern12_0082,exact,same,2,2,
06074CA0,Pattern12_0083,exact,same,3,3,
06074CE0,Pattern12_0084,exact,same,3,3,
06074D0C,Pattern12_0085,exact,same,2,2,
06074D5C,Computer13,manual,unknown,0,0,
06074D74,Pattern13_0000,exact,same,3,3,
06074D9C,Pattern13_0001,exact,reordered,3,2,
06074DC8,Pattern13_0002,exact,same,2,2,
06074DFA,Pattern13_0003,exact,same,3,3,
06074E26,Pattern13_0004,exact,same,2,2,
06074E58,Pattern13_0005,exact,same,3,3,
06074EB0,Pattern13_0006,exact,same,2,2,
06074ECE,Pattern13_0007,exact,same,2,2,
06074EEE,Pattern13_0008,exact,reordered,3,2,
06074F1A,Pattern13_0009,exact,same,5,5,
06074F5C,Pattern13_0010,exact,same,2,2,
06074FA8,Pattern13_0011,exact,reordered,4,3,
06074FE0,Pattern13_0012,exact,same,2,2,
06075000,Pattern13_0013,exact,same,2,2,
06075020,Pattern13_0014,exact,same,2,2,
06075062,Pattern13_0015,exact,same,2,2,
060750AC,Pattern13_0016,exact,same,3,3,
060750DC,Pattern13_0017,exact,same,2,2,
0607510E,Pattern13_0018,exact,same,2,2,
06075140,Pattern13_0019,exact,same,2,2,
06075172,Pattern13_0020,exact,same,2,2,
060751B4,Pattern13_0021,exact,same,2,2,
0607521A,Pattern13_0022,exact,same,5,5,
0607527C,Pattern13_0023,exact,same,2,2,
0607529C,Pattern13_0024,exact,same,2,2,
060752BE,Pattern13_0025,exact,same,3,3,
06075320,Pattern13_0026,exact,same,3,3,
0607535E,Pattern13_0027,exact,same,2,2,
060753A0,Pattern13_0028,exact,same,2,2,
060753C0,Pattern13_0029,exact,reordered,4,2,
0607542C,Pattern13_0030,exact,reordered,4,2,
06075470,Pattern13_0031,exact,same,3,3,
060754B0,Pattern13_0032,exact,same,5,5,
06075508,Pattern13_0033,exact,same,3,3,
06075556,Pattern13_0034,exact,same,2,2,
06075588,Pattern13_0035,exact,same,2,2,
060755A8,Pattern13_0036,exact,same,2,2,
060755C8,Pattern13_0037,exact,same,5,5,
06075640,Pattern13_0038,exact,same,5,5,
0607569C,Pattern13_0039,exact,same,3,3,
060756DC,Pattern13_0040,exact,same,3,3,
06075740,Pattern13_0041,exact,same,3,3,
06075780,Pattern13_0042,exact,reordered,5,3,
060757D0,Pattern13_0043,exact,same,2,2,
06075812,Pattern13_0044,exact,same,2,2,
06075874,Pattern13_0045,exact,same,2,2,0xffffffff
060758B6,Pattern13_0046,exact,same,2,2,
060758E8,Pattern13_0047,exact,same,2,2,
0607591A,Pattern13_0048,exact,same,2,2,
0607596C,Pattern13_0049,exact,same,2,2,
0607599E,Pattern13_0050,exact,same,2,2,
060759D0,Pattern13_0051,exact,same,2,2,
06075A02,Pattern13_0052,exact,same,2,2,
06075A40,Pattern13_0053,exact,same,2,2,
06075A7A,Pattern13_0054,exact,same,2,2,
06075AB4,Pattern13_0055,exact,same,3,3,
06075AF8,Pattern13_0056,exact,same,3,3,
06075B4A,Pattern13_0057,exact,same,2,2,
06075B7C,Pattern13_0058,exact,same,2,2,
06075BAE,Pattern13_0059,exact,same,2,2,
06075C14,Pattern13_0060,exact,same,2,2,
06075C46,Pattern13_0061,exact,same,2,2,
06075C78,Pattern13_0062,exact,same,2,2,
06075CAA,Pattern13_0063,exact,same,4,4,
06075CFE,Pattern13_0064,exact,reordered,5,3,
06075D64,Pattern13_0065,exact,reordered,5,3,
06075DCA,Pattern13_0066,exact,same,5,5,
06075E5A,Pattern13_0067,exact,same,3,3,
06075EA2,Pattern13_0068,exact,same,3,3,
06075EEA,Pattern13_0069,exact,same,2,2,
06075F50,Pattern13_0070,exact,same,2,2,
06075F72,Pattern13_0071,exact,same,2,2,
06075F94,Pattern13_0072,exact,same,2,2,
06075FB6,Pattern13_0073,exact,same,2,2,
06075FD8,Pattern13_0074,exact,same,3,3,
06076006,Pattern13_0075,exact,same,2,2,
06076054,Pattern13_0076,exact,same,2,2,
06076086,Pattern13_0077,exact,same,2,2,
060760B8,Pattern13_0078,exact,same,2,2,
060760F6,Pattern13_0079,exact,same,2,2,
06076130,Pattern13_0080,exact,same,2,2,
06076180,Computer14,manual,unknown,0,0,
06076198,Pattern14_0000,exact,same,3,3,
060761C0,Pattern14_0001,exact,same,2,2,
060761DE,Pattern14_0002,exact,same,2,2,
060761FE,Pattern14_0003,exact,same,2,2,
0607621E,Pattern14_0004,exact,same,2,2,
0607623E,Pattern14_0005,exact,same,2,2,
06076280,Pattern14_0006,exact,same,2,2,
060762A0,Pattern14_0007,exact,same,2,2,
060762C0,Pattern14_0008,exact,same,2,2,
060762E0,Pattern14_0009,exact,same,2,2,
06076300,Pattern14_0010,exact,same,2,2,
06076320,Pattern14_0011,exact,same,2,2,
06076340,Pattern14_0012,exact,same,2,2,
06076374,Pattern14_0013,exact,same,2,2,
06076394,Pattern14_0014,exact,same,2,2,
060763C6,Pattern14_0015,exact,same,2,2,
060763F8,Pattern14_0016,exact,same,2,2,
0607642A,Pattern14_0017,exact,same,3,3,
06076488,Pattern14_0018,exact,same,2,2,
060764BA,Pattern14_0019,exact,same,2,2,
060764EC,Pattern14_0020,exact,same,2,2,
0607651E,Pattern14_0021,exact,same,2,2,
06076550,Pattern14_0022,exact,same,3,3,
06076598,Pattern14_0023,exact,same,3,3,
060765E0,Pattern14_0024,exact,same,2,2,
06076600,Pattern14_0025,exact,same,2,2,
06076632,Pattern14_0026,exact,same,9,9,0xffffffff
060766F4,Pattern14_0027,exact,same,2,2,
0607674C,Pattern14_0028,exact,same,4,4,
060767B8,Pattern14_0029,exact,same,5,5,
0607685C,Pattern14_0030,exact,same,7,7,
060768F4,Pattern14_0031,exact,same,5,5,
06076998,Pattern14_0032,exact,same,7,7,
06076A60,Pattern14_0033,exact,reordered,8,7,
06076B08,Pattern14_0034,exact,same,5,5,
06076BAA,Pattern14_0035,exact,same,5,5,
06076C20,Pattern14_0036,exact,same,7,7,
06076CE2,Pattern14_0037,exact,reordered,8,7,
06076DB4,Pattern14_0038,exact,same,3,3,
06076DF6,Pattern14_0039,exact,same,3,3,
06076E38,Pattern14_0040,exact,same,3,3,
06076E7A,Pattern14_0041,exact,same,4,4,
06076ED2,Pattern14_0042,exact,same,6,6,
06076F56,Pattern14_0043,exact,same,4,4,
06076FA6,Pattern14_0044,exact,same,2,2,
06076FE0,Pattern14_0045,exact,same,2,2,
0607703C,Pattern14_0046,exact,same,2,2,
06077076,Pattern14_0047,exact,same,2,2,
060770A8,Pattern14_0048,exact,same,2,2,
060770DA,Pattern14_0049,exact,same,2,2,
0607710C,Pattern14_0050,exact,same,2,2,
06077142,Pattern14_0051,exact,same,2,2,
060771BC,Pattern14_0052,low,differs,12,1,0x10 0x40 0x7c 0x100 0x80d0
06077276,Pattern14_0053,exact,same,2,2,
060772BC,Pattern14_0054,exact,same,2,2,
06077302,Pattern14_0055,exact,same,2,2,
0607736C,Pattern14_0056,exact,same,4,4,
060773CA,Pattern14_0057,exact,same,3,3,
06077444,Pattern14_0058,exact,reordered,6,5,
060774C4,Pattern14_0059,exact,reordered,8,7,
06077590,Pattern14_0060,exact,same,6,6,0xffffffff
06077658,Pattern14_0061,exact,same,7,7,0xffffffff
060776F4,Pattern14_0062,exact,same,6,6,
060777B2,Pattern14_0063,exact,reordered,9,7,
060778A8,Pattern14_0064,exact,reordered,10,8,
060779AE,Pattern14_0065,exact,reordered,7,6,0xffffffff
06077A50,Pattern14_0066,exact,same,5,5,
06077B04,Pattern14_0067,exact,same,5,5,
06077B7A,Pattern14_0068,exact,same,2,2,
06077BD8,Pattern14_0069,exact,same,3,3,0xb2
06077C22,Pattern14_0070,exact,same,3,3,0xb9
06077C6C,Pattern14_0071,exact,same,3,3,0xb5
06077CB6,Pattern14_0072,exact,same,2,2,0xb2
06077D14,Pattern14_0073,exact,same,2,2,0xb9
06077D50,Pattern14_0074,exact,same,2,2,0xb5
06077D8C,Pattern14_0075,exact,same,2,2,
06077DAC,Pattern14_0076,exact,reordered,4,3,
06077E24,Pattern14_0077,exact,reordered,4,2,
06077E68,Pattern14_0078,exact,reordered,5,3,
06077ED8,Pattern14_0079,exact,reordered,6,3,
06077F3A,Pattern14_0080,exact,reordered,3,2,
06077F66,Pattern14_0081,exact,reordered,4,2,
06077FC4,Pattern14_0082,exact,reordered,3,2,
06077FF0,Pattern14_0083,exact,reordered,7,3,
06078078,Pattern14_0084,exact,reordered,9,3,
06078106,Pattern14_0085,exact,reordered,5,2,
0607816E,Pattern14_0086,exact,reordered,5,2,
060781BC,Pattern14_0087,exact,reordered,9,5,
06078268,Pattern14_0088,exact,same,5,5,
060782C6,Pattern14_0089,exact,same,5,5,
0607834C,Pattern14_0090,exact,same,7,7,
060783CE,Pattern14_0091,exact,reordered,9,6,
06078496,Pattern14_0092,exact,same,4,4,
06078500,Pattern14_0093,exact,same,4,4,
06078598,Pattern14_0094,exact,same,4,4,
06078602,Pattern14_0095,exact,same,4,4,
06078688,Pattern14_0096,exact,same,3,3,
060786D8,Pattern14_0097,exact,same,3,3,
06078728,Pattern14_0098,exact,same,3,3,
06078778,Pattern14_0099,exact,same,3,3,
060787C8,Pattern14_0100,exact,same,4,4,
0607884E,Pattern14_0101,exact,same,4,4,
060788C4,Pattern14_0102,exact,same,4,4,
0607895C,Pattern14_0103,exact,same,4,4,
060789D2,Pattern14_0104,exact,same,2,2,
06078A0C,Pattern14_0105,exact,same,2,2,
06078A66,Pattern14_0106,exact,same,2,2,
06078AA0,Pattern14_0107,exact,same,2,2,
06078ADA,Pattern14_0108,exact,same,5,5,
06078B7E,Pattern14_0109,exact,same,5,5,
06078C02,Pattern14_0110,exact,same,5,5,
06078CA4,Pattern14_0111,exact,same,5,5,
06078D28,Pattern14_0112,exact,same,2,2,
06078D5A,Pattern14_0113,exact,same,5,5,
06078DF0,Pattern14_0114,exact,same,6,6,
06078E9C,Pattern14_0115,exact,same,6,6,
06078F26,Pattern14_0116,exact,same,6,6,
06078FD0,Pattern14_0117,exact,same,6,6,
06079058,Pattern14_0118,exact,same,5,5,
060790F2,Pattern14_0119,exact,same,5,5,
0607916A,Pattern14_0120,exact,same,3,3,
060791BC,Pattern14_0121,exact,same,3,3,
06079204,Pattern14_0122,exact,same,3,3,
0607924C,Pattern14_0123,exact,same,3,3,
06079294,Pattern14_0124,exact,same,3,3,
060792DC,Pattern14_0125,exact,same,2,2,
06079316,Pattern14_0126,exact,same,2,2,
06079350,Pattern14_0127,exact,same,2,2,
0607938A,Pattern14_0128,exact,same,4,4,
060793F0,Pattern14_0129,exact,same,4,4,
06079444,Pattern14_0130,exact,same,2,2,
0607947E,Pattern14_0131,exact,same,2,2,
060794D0,Pattern14_0132,exact,same,3,3,
060794FC,Pattern14_0133,exact,same,3,3,
06079528,Pattern14_0134,exact,same,3,3,
06079554,Pattern14_0135,exact,same,3,3,
06079580,Pattern14_0136,exact,remapped,2,2,
060795E0,Pattern14_0137,exact,reordered,8,6,0xffffffff
06079668,Pattern14_0138,exact,reordered,8,6,0xffffffff
06079712,Pattern14_0139,exact,reordered,7,6,
060797A8,Pattern14_0140,exact,reordered,7,6,
06079818,Pattern14_0141,exact,same,2,2,0x89
06079854,Pattern14_0142,exact,same,5,5,
060798FA,Pattern14_0143,exact,same,4,4,
06079966,Pattern14_0144,exact,same,2,2,
060799C0,Pattern14_0145,exact,same,5,5,
06079A38,Pattern14_0146,exact,same,5,5,
06079AD0,Pattern14_0147,exact,same,5,5,
06079B48,Pattern14_0148,exact,same,5,5,
06079BE0,Pattern14_0149,exact,same,3,3,
06079C28,Pattern14_0150,exact,same,4,4,
0607D708,Computer15,manual,unknown,0,0,
0607D720,Pattern15_0000,exact,same,3,3,
0607D748,Pattern15_0001,exact,reordered,3,2,
0607D770,Pattern15_0002,exact,same,2,2,
0607D7A6,Pattern15_0003,exact,same,3,3,
0607D7D2,Pattern15_0004,events,same,2,2,
0607D830,Pattern15_0005,exact,same,3,3,
0607D876,Pattern15_0006,exact,same,2,2,
0607D894,Pattern15_0007,events,same,4,4,
0607D8E0,Pattern15_0008,exact,same,2,2,
0607D928,Pattern15_0009,exact,same,4,4,
0607D95E,Pattern15_0010,exact,same,2,2,
0607D97E,Pattern15_0011,exact,same,2,2,
0607D99E,Pattern15_0012,exact,same,2,2,
0607D9BE,Pattern15_0013,exact,same,2,2,
0607D9DE,Pattern15_0014,exact,same,2,2,
0607DA48,Pattern15_0015,exact,same,2,2,
0607DA6A,Pattern15_0016,exact,same,3,3,
0607DA9A,Pattern15_0017,events,same,2,2,
0607DACC,Pattern15_0018,exact,same,2,2,
0607DAFE,Pattern15_0019,exact,same,2,2,
0607DB40,Pattern15_0020,events,same,3,3,
0607DB88,Pattern15_0021,exact,same,2,2,
0607DBCA,Pattern15_0022,exact,same,2,2,
0607DBFC,Pattern15_0023,exact,same,2,2,
0607DC1C,Pattern15_0024,exact,same,2,2,
0607DC64,Pattern15_0025,exact,same,3,3,
0607DC94,Pattern15_0026,events,same,3,3,
0607DCD2,Pattern15_0027,exact,same,2,2,
0607DCF0,Pattern15_0028,exact,same,2,2,
0607DD10,Pattern15_0029,exact,reordered,4,2,
0607DD82,Pattern15_0030,exact,reordered,3,2,
0607DDAE,Pattern15_0031,exact,same,3,3,
0607DE02,Pattern15_0032,exact,same,3,3,
0607DE42,Pattern15_0033,exact,same,3,3,
0607DEAA,Pattern15_0034,exact,reordered,4,2,
0607DEE8,Pattern15_0035,exact,same,2,2,
0607DF08,Pattern15_0036,exact,same,2,2,
0607DF28,Pattern15_0037,events,same,3,3,
0607DF84,Pattern15_0038,exact,same,4,4,
0607DFBE,Pattern15_0039,events,same,3,3,
0607E006,Pattern15_0040,events,same,3,3,
0607E046,Pattern15_0041,events,same,3,3,
0607E0A2,Pattern15_0042,exact,reordered,4,2,
0607E0E2,Pattern15_0043,exact,reordered,7,5,
0607E17C,Pattern15_0044,exact,reordered,6,4,
0607E1CE,Pattern15_0045,exact,reordered,6,4,
0607E23A,Pattern15_0046,events,same,2,2,
0607E26C,Pattern15_0047,events,same,2,2,
0607E29E,Pattern15_0048,events,same,2,2,
0607E2D0,Pattern15_0049,events,same,2,2,
0607E302,Pattern15_0050,events,same,2,2,
0607E334,Pattern15_0051,events,same,2,2,
0607E38C,Pattern15_0052,exact,same,3,3,
0607E3DA,Pattern15_0053,events,same,3,3,
0607E422,Pattern15_0054,events,same,5,5,
0607E4A8,Pattern15_0055,exact,same,3,3,
0607E4D0,Pattern15_0056,exact,same,2,2,
0607E502,Pattern15_0057,events,same,2,2,
0607E534,Pattern15_0058,events,same,2,2,
0607E566,Pattern15_0059,events,same,2,2,
0607E5B0,Pattern15_0060,exact,same,2,2,
0607E5E2,Pattern15_0061,exact,same,3,3,
0607E622,Pattern15_0062,exact,same,2,2,
0607E644,Pattern15_0063,exact,same,2,2,
0607E666,Pattern15_0064,events,same,2,2,
0607E6B0,Pattern15_0065,events,same,2,2,
0607E6E2,Pattern15_0066,events,same,2,2,
0607E714,Pattern15_0067,events,same,2,2,
0607E736,Pattern15_0068,events,same,2,2,
0607E780,Computer16,manual,unknown,0,0,
0607E798,Pattern16_0000,exact,same,3,3,
0607E7C0,Pattern16_0001,exact,reordered,3,2,
0607E7E4,Pattern16_0002,events,same,3,3,
0607E824,Pattern16_0003,exact,same,3,3,
0607E850,Pattern16_0004,events,same,2,2,
0607E8AE,Pattern16_0005,exact,same,3,3,
0607E8F6,Pattern16_0006,exact,same,2,2,
0607E914,Pattern16_0007,events,same,4,4,
0607E960,Pattern16_0008,exact,same,2,2,
0607E9A8,Pattern16_0009,exact,same,4,4,
0607E9DE,Pattern16_0010,exact,same,2,2,
0607E9FE,Pattern16_0011,exact,same,2,2,
0607EA1E,Pattern16_0012,exact,same,2,2,
0607EA3E,Pattern16_0013,exact,same,2,2,
0607EA60,Pattern16_0014,exact,same,2,2,
0607EAC6,Pattern16_0015,exact,same,2,2,
0607EAE8,Pattern16_0016,exact,same,2,2,
0607EB0A,Pattern16_0017,events,same,2,2,
0607EB3C,Pattern16_0018,events,same,2,2,
0607EB84,Pattern16_0019,exact,same,2,2,
0607EBCC,Pattern16_0020,exact,reordered,4,2,
0607EC10,Pattern16_0021,exact,same,2,2,
0607EC52,Pattern16_0022,exact,same,2,2,
0607EC84,Pattern16_0023,exact,same,2,2,
0607ECA4,Pattern16_0024,exact,same,2,2,
0607ECEC,Pattern16_0025,exact,same,2,2,
0607ED0E,Pattern16_0026,events,same,3,3,
0607ED4C,Pattern16_0027,exact,same,2,2,
0607ED6A,Pattern16_0028,exact,same,2,2,
0607ED8A,Pattern16_0029,exact,reordered,4,3,
0607EDF0,Pattern16_0030,exact,reordered,3,2,
0607EE1C,Pattern16_0031,exact,same,3,3,
0607EE70,Pattern16_0032,events,same,3,3,
0607EEB0,Pattern16_0033,events,same,3,3,
0607EF12,Pattern16_0034,exact,reordered,4,2,
0607EF50,Pattern16_0035,exact,same,2,2,
0607EF70,Pattern16_0036,exact,same,2,2,
0607EF90,Pattern16_0037,events,same,3,3,
0607EFF0,Pattern16_0038,exact,same,4,4,
0607F02A,Pattern16_0039,events,same,4,4,
0607F080,Pattern16_0040,events,same,3,3,
0607F0C0,Pattern16_0041,events,same,3,3,
0607F11C,Pattern16_0042,exact,reordered,4,2,
0607F158,Pattern16_0043,exact,reordered,7,5,
0607F1D2,Pattern16_0044,exact,reordered,6,4,
0607F224,Pattern16_0045,exact,reordered,6,4,
0607F290,Pattern16_0046,events,same,2,2,
0607F2E4,Pattern16_0047,exact,reordered,5,3,
0607F348,Pattern16_0048,events,same,3,3,
0607F388,Pattern16_0049,events,same,2,2,
0607F3BA,Pattern16_0050,events,same,2,2,
0607F3EC,Pattern16_0051,events,same,2,2,
0607F41E,Pattern16_0052,events,same,5,5,
0607F492,Pattern16_0053,events,same,6,6,
0607F54C,Pattern16_0054,events,same,3,3,
0607F594,Pattern16_0055,exact,same,3,3,
0607F5BC,Pattern16_0056,events,same,2,2,
0607F5EE,Pattern16_0057,events,same,2,2,
0607F620,Pattern16_0058,events,same,2,2,
0607F652,Pattern16_0059,exact,same,2,2,
0607F6A2,Pattern16_0060,exact,same,2,2,
0607F6D4,Pattern16_0061,exact,same,2,2,
0607F71E,Pattern16_0062,exact,same,2,2,
0607F740,Pattern16_0063,exact,same,2,2,
0607F762,Pattern16_0064,exact,same,2,2,
0607F7BC,Pattern16_0065,exact,same,2,2,
0607F7F2,Pattern16_0066,exact,same,2,2,
0607F826,Pattern16_0067,exact,same,2,2,
0607F846,Pattern16_0068,events,same,2,2,
0607F878,Pattern16_0069,exact,same,2,2,
0607F8B4,Computer17,manual,unknown,0,0,
0607F8CC,Pattern17_0000,exact,same,3,3,
0607F8F4,Pattern17_0001,exact,reordered,3,2,
0607F918,Pattern17_0002,exact,same,3,3,
0607F958,Pattern17_0003,exact,same,3,3,
0607F984,Pattern17_0004,exact,same,2,2,
0607F9E2,Pattern17_0005,exact,same,3,3,
0607FA28,Pattern17_0006,exact,same,2,2,
0607FA46,Pattern17_0007,exact,same,4,4,
0607FA92,Pattern17_0008,exact,same,2,2,
0607FAD8,Pattern17_0009,exact,same,4,4,
0607FB0E,Pattern17_0010,exact,same,2,2,
0607FB2E,Pattern17_0011,exact,same,2,2,
0607FB4E,Pattern17_0012,exact,same,2,2,
0607FB6E,Pattern17_0013,exact,same,2,2,
0607FB8E,Pattern17_0014,exact,same,2,2,
0607FBF8,Pattern17_0015,exact,same,2,2,
0607FC1A,Pattern17_0016,exact,same,2,2,
0607FC3C,Pattern17_0017,exact,same,2,2,
0607FC6E,Pattern17_0018,exact,same,2,2,
0607FCA0,Pattern17_0019,exact,same,2,2,
0607FCC2,Pattern17_0020,exact,same,3,3,
0607FD28,Pattern17_0021,exact,same,2,2,
0607FD6A,Pattern17_0022,exact,same,2,2,
0607FD9C,Pattern17_0023,exact,same,2,2,
0607FDBC,Pattern17_0024,exact,same,2,2,
0607FDDE,Pattern17_0025,exact,same,2,2,
0607FE24,Pattern17_0026,exact,same,3,3,
0607FE62,Pattern17_0027,exact,same,2,2,
0607FE80,Pattern17_0028,exact,same,2,2,
0607FEA0,Pattern17_0029,exact,reordered,4,2,
0607FEE4,Pattern17_0030,exact,reordered,3,2,
0607FF34,Pattern17_0031,exact,same,3,3,
0607FF84,Pattern17_0032,exact,same,3,3,
0607FFC4,Pattern17_0033,exact,same,3,3,
06080024,Pattern17_0034,exact,reordered,4,2,
06080062,Pattern17_0035,exact,same,2,2,
06080082,Pattern17_0036,exact,same,2,2,
060800A2,Pattern17_0037,exact,same,3,3,
060800E2,Pattern17_0038,exact,same,4,4,
06080138,Pattern17_0039,exact,same,4,4,
06080184,Pattern17_0040,exact,same,3,3,
060801C4,Pattern17_0041,exact,reordered,3,2,
06080208,Pattern17_0042,exact,reordered,4,2,
06080244,Pattern17_0043,exact,reordered,7,5,
060802D8,Pattern17_0044,exact,reordered,6,4,
0608032A,Pattern17_0045,exact,reordered,6,4,
06080396,Pattern17_0046,exact,same,2,2,
060803C8,Pattern17_0047,exact,same,2,2,
060803FA,Pattern17_0048,exact,same,2,2,
0608042C,Pattern17_0049,exact,same,2,2,
0608045E,Pattern17_0050,exact,same,2,2,
06080490,Pattern17_0051,exact,same,2,2,
060804EC,Pattern17_0052,exact,same,4,4,
0608054E,Pattern17_0053,exact,reordered,7,5,
060805DC,Pattern17_0054,exact,same,3,3,
06080624,Pattern17_0055,exact,same,3,3,
0608064C,Pattern17_0056,exact,same,2,2,
0608067E,Pattern17_0057,exact,same,2,2,
060806B0,Pattern17_0058,exact,same,2,2,
06080708,Pattern17_0059,exact,same,2,2,
0608073A,Pattern17_0060,exact,same,2,2,
0608076C,Pattern17_0061,exact,same,2,2,
0608079E,Pattern17_0062,exact,same,2,2,
060807C0,Pattern17_0063,exact,same,2,2,
060807E2,Pattern17_0064,exact,same,2,2,
0608081C,Pattern17_0065,exact,same,2,2,
0608083E,Pattern17_0066,exact,same,3,3,
0608087E,Pattern17_0067,exact,same,2,2,
060808B0,Pattern17_0068,exact,same,5,5,
06080908,Pattern17_0069,exact,same,4,4,
06080952,Pattern17_0070,exact,same,5,5,
060809B4,Pattern17_0071,exact,same,4,4,
06080A24,Pattern17_0072,exact,remapped,5,5,
06080A8C,Pattern17_0073,exact,same,7,7,
06080B4E,Pattern17_0074,exact,same,6,6,
06080BCE,Pattern17_0075,exact,reordered,7,6,0xffffffff
06080C82,Pattern17_0076,exact,reordered,5,4,
06080CD4,Pattern17_0077,exact,reordered,5,4,0xffffffff
06080D48,Pattern17_0078,exact,same,5,5,0xffffffff
06080DA2,Pattern17_0079,exact,same,6,6,0xffffffff
06080E50,Pattern17_0080,exact,reordered,5,4,
06080EA2,Pattern17_0081,exact,reordered,5,4,0xffffffff
06080F14,Pattern17_0082,exact,reordered,7,6,0xffffffff
06080FC8,Computer18,manual,unknown,0,0,
06080FE0,Pattern18_0000,exact,same,3,3,
06081008,Pattern18_0001,exact,reordered,3,2,
0608102C,Pattern18_0002,exact,same,2,2,
06081076,Pattern18_0003,exact,same,3,3,
060810A2,Pattern18_0004,exact,same,2,2,
06081102,Pattern18_0005,exact,same,3,3,
06081148,Pattern18_0006,exact,same,2,2,
06081166,Pattern18_0007,exact,same,4,4,
060811B2,Pattern18_0008,exact,same,2,2,
060811F8,Pattern18_0009,exact,same,4,4,
0608122E,Pattern18_0010,exact,same,2,2,
0608124E,Pattern18_0011,exact,same,2,2,
0608126E,Pattern18_0012,exact,same,2,2,
0608128E,Pattern18_0013,exact,same,2,2,
060812AE,Pattern18_0014,exact,same,2,2,
06081318,Pattern18_0015,exact,same,2,2,
0608133A,Pattern18_0016,exact,same,2,2,
0608135C,Pattern18_0017,exact,same,2,2,
0608138E,Pattern18_0018,exact,same,2,2,
060813D8,Pattern18_0019,medium,same,2,2,
06081418,Pattern18_0020,exact,same,3,3,
06081464,Pattern18_0021,exact,same,2,2,
060814A6,Pattern18_0022,exact,same,2,2,
060814D8,Pattern18_0023,exact,same,2,2,
060814F8,Pattern18_0024,exact,same,2,2,
06081544,Pattern18_0025,exact,same,2,2,
06081566,Pattern18_0026,exact,same,3,3,
060815A4,Pattern18_0027,exact,same,2,2,
060815C2,Pattern18_0028,exact,same,2,2,
060815E2,Pattern18_0029,exact,reordered,4,2,
06081650,Pattern18_0030,exact,reordered,3,2,
0608167C,Pattern18_0031,exact,same,3,3,
060816CC,Pattern18_0032,exact,same,3,3,
0608170C,Pattern18_0033,exact,same,3,3,
06081778,Pattern18_0034,exact,reordered,4,2,
060817B6,Pattern18_0035,exact,same,2,2,
060817D6,Pattern18_0036,exact,same,2,2,
060817F6,Pattern18_0037,exact,same,3,3,
06081836,Pattern18_0038,exact,same,3,3,
06081880,Pattern18_0039,exact,same,3,3,
060818C4,Pattern18_0040,exact,same,3,3,
06081908,Pattern18_0041,exact,same,3,3,
06081948,Pattern18_0042,exact,reordered,4,2,
060819A0,Pattern18_0043,exact,reordered,7,5,
06081A1A,Pattern18_0044,exact,reordered,6,4,
06081A84,Pattern18_0045,exact,reordered,6,4,
06081AF0,Pattern18_0046,exact,same,2,2,
06081B22,Pattern18_0047,exact,same,2,2,
06081B6A,Pattern18_0048,exact,same,2,2,
06081B9C,Pattern18_0049,exact,same,2,2,
06081BE4,Pattern18_0050,exact,same,2,2,
06081C2C,Pattern18_0051,exact,same,2,2,
06081C74,Pattern18_0052,exact,same,4,4,
06081CFE,Pattern18_0053,exact,same,3,3,
06081D4A,Pattern18_0054,exact,same,3,3,
06081D96,Pattern18_0055,exact,same,3,3,
06081DBE,Pattern18_0056,exact,same,2,2,
06081DF0,Pattern18_0057,exact,same,2,2,
06081E22,Pattern18_0058,exact,same,2,2,
06081E58,Pattern18_0059,exact,same,2,2,
06081E8E,Pattern18_0060,exact,same,2,2,
06081EC0,Pattern18_0061,exact,same,2,2,
06081F24,Pattern18_0062,exact,same,2,2,
06081F46,Pattern18_0063,exact,same,2,2,
06081F68,Pattern18_0064,exact,same,2,2,
06081F88,Pattern18_0065,exact,same,2,2,
06081FBA,Pattern18_0066,exact,same,2,2,
06082010,Pattern18_0067,exact,same,2,2,
06082042,Pattern18_0068,exact,same,2,2,
0608208C,Pattern18_0069,exact,same,3,3,
060820CC,Pattern18_0070,exact,same,3,3,
0608210C,Pattern18_0071,exact,same,2,2,
0608212A,Pattern18_0072,exact,same,2,2,
0608215C,Pattern18_0073,exact,same,2,2,
0608218E,Pattern18_0074,exact,same,2,2,
060821C0,Pattern18_0075,exact,same,2,2,
060821E0,Pattern18_0076,exact,same,2,2,
06082202,Pattern18_0077,exact,same,2,2,
06082248,Pattern18_0078,exact,same,2,2,
06082268,Pattern18_0079,exact,same,2,2,
06082288,Pattern18_0080,exact,same,2,2,
060822C2,Pattern18_0081,exact,same,2,2,
0608230C,Pattern18_0082,exact,same,2,2,
06082374,Pattern18_0083,exact,same,2,2,
060823BE,Pattern18_0084,exact,same,2,2,
060823F8,Pattern18_0085,exact,same,2,2,
06082442,Pattern18_0086,exact,same,2,2,
060824A4,Pattern18_0087,exact,same,2,2,
060824EE,Pattern18_0088,exact,same,2,2,
06082528,Pattern18_0089,exact,same,2,2,
06082572,Pattern18_0090,exact,same,2,2,
060825D4,Pattern18_0091,exact,same,2,2,
0608261E,Pattern18_0092,exact,same,3,3,
0608265E,Pattern18_0093,exact,same,3,3,
0608269E,Pattern18_0094,exact,same,3,3,
060826FE,Pattern18_0095,exact,same,3,3,
0608273E,Pattern18_0096,exact,same,3,3,
0608277E,Pattern18_0097,exact,same,3,3,
060827BE,Pattern18_0098,exact,same,3,3,
06082810,Pattern18_0099,exact,same,3,3,
06082850,Pattern18_0100,exact,same,3,3,
06082890,Pattern18_0101,exact,same,3,3,
060828D0,Pattern18_0102,exact,reordered,4,2,
06082928,Pattern18_0103,exact,reordered,4,2,
06082978,Pattern18_0104,exact,reordered,5,3,
060829D6,Pattern18_0105,exact,same,3,3,
06082A34,Pattern18_0106,exact,same,2,2,
06082A6E,Pattern18_0107,exact,same,3,3,
06082AB6,Pattern18_0108,exact,same,4,4,
06082B24,Computer19,manual,unknown,0,0,
06082B3C,Pattern19_0000,exact,same,3,3,
06082B64,Pattern19_0001,exact,reordered,3,2,
06082B88,Pattern19_0002,exact,same,2,2,
06082BBA,Pattern19_0003,exact,same,3,3,
06082BE6,Pattern19_0004,exact,same,2,2,
06082C40,Pattern19_0005,exact,same,3,3,
06082C86,Pattern19_0006,exact,same,2,2,
06082CA4,Pattern19_0007,exact,same,4,4,
06082CF0,Pattern19_0008,exact,same,2,2,
06082D10,Pattern19_0009,exact,same,4,4,
06082D6C,Pattern19_0010,exact,same,2,2,
06082D8C,Pattern19_0011,exact,same,2,2,
06082DAC,Pattern19_0012,exact,same,2,2,
06082DCC,Pattern19_0013,exact,same,2,2,
06082DEE,Pattern19_0014,exact,same,2,2,
06082E30,Pattern19_0015,exact,same,2,2,
06082E80,Pattern19_0016,exact,same,2,2,
06082EA2,Pattern19_0017,exact,same,2,2,
06082ED4,Pattern19_0018,exact,same,2,2,
06082F06,Pattern19_0019,exact,same,2,2,
06082F28,Pattern19_0020,exact,same,3,3,
06082F88,Pattern19_0021,exact,same,2,2,
06082FCA,Pattern19_0022,exact,same,2,2,
06082FFC,Pattern19_0023,exact,same,2,2,
0608301C,Pattern19_0024,exact,same,2,2,
0608303E,Pattern19_0025,exact,same,2,2,
06083060,Pattern19_0026,exact,same,3,3,
060830BE,Pattern19_0027,exact,same,2,2,
060830DC,Pattern19_0028,exact,same,2,2,
060830FC,Pattern19_0029,exact,reordered,4,2,
06083140,Pattern19_0030,exact,reordered,3,2,
06083194,Pattern19_0031,exact,same,3,3,
060831E4,Pattern19_0032,exact,same,3,3,
0608322C,Pattern19_0033,exact,same,3,3,
0608328C,Pattern19_0034,exact,reordered,4,2,
060832CA,Pattern19_0035,exact,same,2,2,
060832EA,Pattern19_0036,exact,same,2,2,
0608330A,Pattern19_0037,exact,same,3,3,
06083336,Pattern19_0038,exact,same,4,4,
0608339A,Pattern19_0039,exact,reordered,4,2,
060833DA,Pattern19_0040,exact,same,3,3,
0608341A,Pattern19_0041,exact,reordered,3,2,
0608345C,Pattern19_0042,exact,reordered,4,2,
06083498,Pattern19_0043,exact,reordered,7,5,
0608352C,Pattern19_0044,exact,reordered,6,4,
0608357E,Pattern19_0045,exact,reordered,6,4,
060835EA,Pattern19_0046,exact,same,2,2,
0608361C,Pattern19_0047,exact,same,2,2,
0608364E,Pattern19_0048,exact,same,2,2,
06083680,Pattern19_0049,exact,same,2,2,
060836B2,Pattern19_0050,exact,same,2,2,
060836E4,Pattern19_0051,exact,same,2,2,
06083740,Pattern19_0052,exact,same,3,3,
0608378E,Pattern19_0053,exact,same,3,3,
060837D6,Pattern19_0054,exact,same,5,5,
0608385C,Pattern19_0055,exact,same,3,3,
06083884,Pattern19_0056,exact,same,2,2,
060838B6,Pattern19_0057,exact,same,2,2,
060838E8,Pattern19_0058,exact,same,2,2,
0608391A,Pattern19_0059,exact,same,2,2,
06083964,Pattern19_0060,exact,same,2,2,
06083996,Pattern19_0061,exact,same,2,2,
060839C8,Pattern19_0062,exact,same,2,2,
060839EA,Pattern19_0063,exact,same,2,2,
06083A0C,Pattern19_0064,exact,same,2,2,
06083A2C,Pattern19_0065,exact,same,2,2,
06083A82,Pattern19_0066,exact,same,2,2,
06083ABC,Pattern19_0067,exact,same,2,2,
06083AEE,Pattern19_0068,exact,same,2,2,
06083B20,Pattern19_0069,exact,same,2,2,
06083B52,Pattern19_0070,exact,same,2,2,
06083B84,Pattern19_0071,exact,same,2,2,
06083BB6,Pattern19_0072,exact,same,3,3,
06083BFE,Pattern19_0073,exact,same,4,4,
06083C50,Pattern19_0074,exact,same,4,4,
06083CB8,Pattern19_0075,exact,reordered,4,3,
06083CFC,Pattern19_0076,exact,reordered,5,4,
06083D6A,Pattern19_0077,exact,reordered,4,3,
06083DD6,Pattern19_0078,exact,reordered,4,3,
060840A4,Shell00_0000,events,same,1,1,
060840B8,Shell00_0001,exact,same,3,3,
060840F8,Shell00_0002,exact,same,3,3,
06084138,Shell00_0003,exact,same,2,2,
0608416A,Shell00_0004,exact,same,4,4,
060841F4,Shell00_0005,exact,same,4,4,
06084262,Shell00_0006,exact,same,3,3,
060842E0,Shell00_0007,exact,same,2,2,
06084312,Shell00_0008,exact,same,4,4,
06084380,Shell00_0009,exact,same,4,4,
060843CA,Shell00_0010,events,same,1,1,
06084424,Shell01_0000,events,same,1,1,
06084438,Shell01_0001,exact,same,3,3,
06084478,Shell01_0002,exact,same,3,3,
060844B8,Shell01_0003,exact,same,3,3,
06084534,Shell01_0004,exact,same,3,3,
0608458C,Shell01_0005,exact,same,3,3,
060845E4,Shell01_0006,exact,same,4,4,
0608466A,Shell01_0007,exact,same,4,4,
060846D2,Shell01_0008,exact,same,4,4,
0608473A,Shell01_0009,exact,same,4,4,
060847C4,Shell03_0000,events,same,1,1,
060847D8,Shell03_0001,exact,same,3,3,
06084818,Shell03_0002,exact,same,3,3,
06084858,Shell03_0003,exact,same,5,5,
060848F2,Shell03_0004,exact,same,4,4,
06084960,Shell03_0005,exact,same,4,4,
060849F4,Shell03_0006,exact,same,3,3,
06084A4C,Shell03_0007,exact,same,2,2,
06084A7E,Shell03_0008,exact,same,4,4,
06084B10,Shell03_0009,exact,same,4,4,
06084B5A,Shell03_0010,events,same,1,1,
06084BB0,Shell04_0000,events,same,1,1,
06084BC4,Shell04_0001,exact,same,3,3,
06084C04,Shell04_0002,exact,same,3,3,
06084C44,Shell04_0003,exact,same,5,5,
06084CDE,Shell04_0004,exact,same,4,4,
06084D4C,Shell04_0005,exact,same,4,4,
06084DE4,Shell04_0006,exact,same,3,3,
06084E3C,Shell04_0007,exact,same,3,3,
06084E88,Shell04_0008,exact,same,4,4,
06084F1E,Shell04_0009,exact,same,4,4,
06084F68,Shell04_0010,events,same,1,1,
06084F7C,Shell04_0011,exact,same,3,3,
06085010,Shell05_0000,events,same,1,1,
06085024,Shell05_0001,exact,same,3,3,
06085064,Shell05_0002,exact,same,3,3,
060850A4,Shell05_0003,exact,same,5,5,
0608513E,Shell05_0004,exact,same,4,4,
060851AC,Shell05_0005,exact,same,4,4,
06085244,Shell05_0006,exact,same,3,3,
0608529C,Shell05_0007,exact,same,2,2,
060852DE,Shell05_0008,exact,same,4,4,
06085374,Shell05_0009,exact,same,4,4,
060853BE,Shell05_0010,events,same,1,1,
06085414,Shell07_0000,events,same,1,1,
06085428,Shell07_0001,exact,same,3,3,
06085468,Shell07_0002,exact,same,3,3,
060854A8,Shell07_0003,exact,same,5,5,
06085542,Shell07_0004,exact,same,4,4,
060855B0,Shell07_0005,exact,same,4,4,
06085644,Shell07_0006,exact,same,3,3,
0608569C,Shell07_0007,exact,same,2,2,
060856CE,Shell07_0008,exact,same,4,4,
06085760,Shell07_0009,exact,same,4,4,
060857AA,Shell07_0010,events,same,1,1,
060857BE,Shell07_0011,exact,same,2,2,
06085848,Shell11_0000,events,same,1,1,
0608585C,Shell11_0001,exact,same,3,3,
0608589C,Shell11_0002,exact,same,3,3,
060858DC,Shell11_0003,exact,reordered,5,4,
0608596C,Shell11_0004,exact,same,4,4,
060859D8,Shell11_0005,exact,same,4,4,
06085A6E,Shell11_0006,exact,same,3,3,
06085AC6,Shell11_0007,exact,same,2,2,
06085AF8,Shell11_0008,exact,same,4,4,
06085B8C,Shell11_0009,exact,same,4,4,
06085BD6,Shell11_0010,events,same,1,1,
06085BEA,Shell11_0011,exact,same,2,2,
06085C1C,Shell11_0012,exact,same,2,2,
06085C62,Shell11_0013,exact,same,2,2,0xffffffff
06085CE8,Shell12_0000,events,same,1,1,
06085CFC,Shell12_0001,exact,same,3,3,
06085D3C,Shell12_0002,exact,same,3,3,
06085D7C,Shell12_0003,exact,same,5,5,
06085E16,Shell12_0004,exact,same,4,4,
06085E84,Shell12_0005,exact,same,4,4,
06085F1C,Shell12_0006,exact,same,3,3,
06085F74,Shell12_0007,exact,same,3,3,
06085FC0,Shell12_0008,exact,same,4,4,
0608604E,Shell12_0009,exact,same,4,4,
06086098,Shell12_0010,events,same,1,1,
060860EC,Shell13_0000,events,same,1,1,
06086100,Shell13_0001,exact,same,3,3,
06086140,Shell13_0002,exact,same,3,3,
06086180,Shell13_0003,exact,reordered,5,4,
06086210,Shell13_0004,exact,same,4,4,
0608627E,Shell13_0005,exact,same,4,4,
06086312,Shell13_0006,events,same,3,3,
0608636A,Shell13_0007,events,same,2,2,
0608639C,Shell13_0008,exact,same,4,4,
06086430,Shell13_0009,exact,same,4,4,
0608647A,Shell13_0010,events,same,1,1,
0608648E,Shell13_0011,exact,same,2,2,
060864F0,Shell14_0000,events,same,1,1,
06086504,Shell14_0001,exact,same,3,3,
06086544,Shell14_0002,exact,same,3,3,
06086584,Shell14_0003,exact,reordered,5,4,
06086614,Shell14_0004,exact,same,4,4,
06086682,Shell14_0005,exact,same,4,4,
06086716,Shell14_0006,exact,same,3,3,
0608676E,Shell14_0007,exact,same,2,2,
060867A0,Shell14_0008,exact,same,4,4,
06086834,Shell14_0009,exact,same,4,4,
0608687E,Shell14_0010,events,same,1,1,
06086892,Shell14_0011,exact,same,2,2,
060868D8,Shell14_0012,exact,same,2,2,0xffffffff
06087024,effect_05_init,low,differs,3,6,0x10 0x4200
060883EE,all_cgps_put_back,medium,unknown,0,2,
060884FA,sort_push_request,medium,unknown,2,5,
060887B4,sort_push_request4,medium,differs,2,5,0x46 0x48 0x4c
06088A0C,pp_screen_quake,medium,unknown,2,3,
060890E0,set_char_move_init,high,unknown,3,2,
060891E4,set_char_move_init2,high,unknown,2,1,
060892B8,exset_char_move_init,high,unknown,2,1,
06089350,char_move_z,events,same,1,1,
06089378,char_move_wca,events,same,1,1,
060893A2,char_move_wca_init,events,unknown,0,0,
060893CC,comm_wca,events,same,1,1,
060893D8,char_move_index,events,same,1,1,
06089432,char_move_cmja,events,same,2,2,
060894E8,char_move_cmj4,events,same,2,2,
060895DA,char_move_cmms,events,same,2,2,
0608961C,char_move_cmms2,high,unknown,2,1,
060896C0,char_move_cmms3,high,unknown,3,2,
06089812,char_move_cmhs,events,same,2,2,
06089848,char_move,low,unknown,1,2,
0608990C,comm_dummy,events,unknown,0,0,
06089910,comm_roa,high,same,1,1,
06089952,comm_end,events,unknown,0,0,
0608996E,comm_jmp,events,same,2,2,
0608999C,comm_jpss,events,same,2,2,
060899CA,comm_jsr,high,unknown,1,2,
06089A10,comm_ret,events,same,1,1,
06089A54,comm_sps,events,unknown,0,0,
06089A60,comm_setr,events,unknown,0,0,
06089A74,comm_addr,events,unknown,0,0,
06089A8C,comm_if_l,events,reordered,7,3,
06089B30,comm_djmp,events,reordered,4,2,
06089B8C,comm_for,medium,unknown,0,1,
06089BDA,comm_nex,high,same,1,1,
06089C1C,comm_for2,medium,unknown,0,1,
06089C6A,comm_nex2,high,same,1,1,
06089CCC,comm_rja,medium,unknown,0,0,
06089CE8,comm_uja,events,same,2,2,
06089D10,comm_rja2,medium,unknown,0,0,
06089D2C,comm_uja2,events,same,2,2,
06089D54,comm_rja3,medium,unknown,0,0,
06089D70,comm_uja3,events,same,2,2,
06089D98,comm_rja4,medium,unknown,0,0,
06089DB4,comm_uja4,events,same,2,2,
06089DDC,comm_rja5,medium,unknown,0,0,
06089DF8,comm_uja5,events,same,2,2,
06089E44,comm_rja6,medium,unknown,0,0,
06089E60,comm_uja6,events,same,2,2,
06089E88,comm_rja7,medium,unknown,0,0,
06089EA4,comm_uja7,events,same,2,2,
06089ECC,comm_rmja,medium,unknown,0,0,
06089EE8,comm_umja,events,same,2,2,
06089F10,comm_mdat,medium,unknown,0,0,
06089F2C,comm_ydat,medium,unknown,0,0,
06089F48,comm_mpos,medium,unknown,0,0,
06089F64,comm_cafr,medium,unknown,0,0,
06089F80,comm_care,medium,unknown,0,0,
06089FD0,comm_psxy,medium,unknown,0,0,
0608A004,comm_ps_x,medium,unknown,0,0,
0608A028,comm_ps_y,medium,unknown,0,0,0x14
0608A09A,comm_paxy,events,unknown,0,0,
0608A15A,comm_pa_x,events,unknown,0,0,
0608A1E4,comm_pa_y,events,unknown,0,0,
0608A226,comm_exec,events,unknown,0,0,
0608A244,comm_rngc,events,reordered,4,3,
0608A29A,comm_mxyt,events,same,2,2,
0608A2C4,comm_pjmp,events,reordered,3,2,
0608A2FE,comm_hjmp,events,reordered,3,2,
0608A35C,comm_hclr,events,unknown,0,0,
0608A388,comm_ixfw,events,unknown,0,0,
0608A3B8,comm_ixbw,events,unknown,0,0,
0608A3E8,comm_quax,medium,unknown,0,0,
0608A3F2,comm_quay,medium,differs,1,0,
0608A3FC,comm_if_s,high,differs,3,2,0x10 0x440
0608A45C,comm_rapp,events,same,4,4,
0608A51E,comm_rapk,events,same,4,4,
0608A5B2,comm_gets,medium,unknown,1,0,
0608A5CC,comm_s123,events,unknown,0,0,
0608A5E8,comm_s456,medium,unknown,0,0,
0608A604,comm_a123,medium,unknown,0,0,
0608A648,comm_a456,medium,unknown,0,0,
0608A676,comm_stop,high,same,2,2,
0608A6F2,comm_smhf,events,unknown,0,0,
0608A6FE,comm_ngme,medium,unknown,0,0,
0608A720,comm_ngem,medium,unknown,0,0,
0608A744,comm_iflb,events,reordered,3,2,
0608A7C6,comm_asxy,events,unknown,0,0,
0608A7FC,comm_schx,medium,unknown,0,3,
0608A85A,comm_schy,medium,unknown,0,3,
0608A8BE,comm_back,events,same,1,1,
0608A8E4,comm_mvix,events,unknown,0,0,
0608A900,comm_sajp,events,unknown,2,1,0x12
0608A966,comm_ccch,high,same,0,0,
0608A990,comm_wset,medium,unknown,0,1,
0608AA84,comm_wswk,medium,unknown,0,1,
0608AB8E,comm_wadd,events,unknown,0,0,
0608ABC0,comm_wceq,events,same,1,1,
0608ABE8,comm_wcne,events,same,1,1,
0608AC0E,comm_wcgt,events,same,1,1,
0608AC34,comm_wclt,events,same,1,1,
0608AC64,comm_wadd2,events,unknown,0,0,
0608AC9C,comm_wceq2,events,same,1,1,
0608ACCA,comm_wcne2,events,same,1,1,
0608ACF8,comm_wcgt2,events,same,1,1,
0608AD26,comm_wclt2,events,same,1,1,
0608AD54,comm_rapp2,events,same,4,4,
0608ADF8,comm_rapk2,events,same,4,4,
0608AE88,comm_iflg,events,reordered,2,1,
0608AED8,comm_mpcy,events,same,1,1,
0608AF30,comm_epcy,events,same,1,1,
0608AF8A,comm_imgs,medium,unknown,0,0,
0608AFD4,comm_imgc,medium,unknown,0,0,
0608AFF8,comm_rvxy,medium,unknown,0,0,
0608B0C0,comm_rv_x,events,unknown,0,0,
0608B156,comm_rv_y,medium,unknown,0,0,
0608B1A0,comm_ccfl,medium,unknown,0,0,
0608B1AA,comm_myhp,high,unknown,1,2,
0608B224,comm_emhp,high,unknown,1,2,
0608B294,comm_exbgs,medium,unknown,0,1,
0608B2AA,comm_exbgc,events,unknown,0,0,
0608B2B8,comm_atmf,medium,unknown,0,0,
0608B2CC,comm_chkwf,events,reordered,3,2,
0608B338,comm_retmj,medium,unknown,1,0,
0608B38A,comm_sstx,medium,unknown,0,3,
0608B52C,comm_ssty,medium,unknown,0,3,
0608B6BE,comm_ngda,medium,unknown,0,0,
0608B6DA,comm_flip,events,unknown,0,0,
0608B6E6,comm_kage,events,unknown,0,0,
0608B702,comm_dspf,events,unknown,0,0,
0608B70A,comm_ifrlf,events,reordered,4,1,
0608B74E,comm_srlf,events,unknown,0,0,
0608B77A,comm_bgrlf,events,reordered,4,1,
0608B7D6,comm_scmd,medium,unknown,0,0,
0608B7E2,comm_rljmp,events,reordered,2,1,
0608B802,comm_ifs2,events,reordered,3,2,
0608B85E,comm_abbak,events,same,1,1,
0608B884,comm_sse,high,same,2,2,
0608B908,comm_s_chg,events,reordered,3,2,
0608B964,comm_schg2,events,reordered,3,2,
0608B9C0,comm_rhsja,medium,unknown,0,0,
0608B9E2,comm_uhsja,events,same,2,2,
0608BA12,comm_ifcom,events,reordered,2,1,
0608BA44,comm_axjmp,events,reordered,3,2,
0608BA80,comm_ayjmp,events,reordered,3,1,
0608BAB2,comm_ifs3,events,reordered,3,2,
0608BB0E,decord_if_jump,high,same,0,0,
0608BBA4,get_comm_if_lever,events,unknown,0,0,
0608BBCE,get_comm_if_shot,events,same,0,0,
0608BBFA,get_comm_if_shot_now_off,high,same,0,0,
0608BC50,get_comm_if_shot_now,events,same,0,0,
0608BC94,get_comm_if_lvsh,events,same,0,0,
0608BCC0,get_comm_djmp_lever_dir,events,unknown,0,0,
0608BCF6,setup_comm_back,medium,unknown,0,1,
0608BD26,setup_comm_retmj,medium,unknown,0,0,
0608BD40,setup_comm_abbak,medium,unknown,0,1,
0608BD6A,check_cgd_patdat,high,differs,6,4,0x10 0x40 0x60 0xbf 0xf7 0x110
0608C028,check_xcopy_filter_se_req,events,unknown,0,0,0x600
0608C0DC,check_cgd_patdat2,high,same,3,3,
0608C2CC,set_new_attnum,high,differs,4,3,0x4000
0608C490,setup_metamor_kezuri,medium,unknown,0,0,
0608C4A4,set_jugde_area,medium,unknown,0,0,
0608C5B4,set_char_base_data,medium,unknown,0,0,
0608C7C0,hit_check_main_process,events,same,5,5,
0608C7F8,set_judge_result,events,unknown,2,2,0x100
0608C860,check_result_extra,medium,unknown,0,0,
0608C994,set_caught_status,high,unknown,18,24,
0608CD34,check_pat_status,events,same,0,0,
0608CD90,check_blocking_flag,events,unknown,0,0,
0608CDC4,setup_catch_atthit,events,same,2,2,
0608CDEA,set_catch_hit_mark_pos,high,same,1,1,
0608CE68,set_struck_status,events,same,4,4,
0608CF62,cal_hit_mark_pos,high,same,1,1,
0608D02C,plef_at_vs_player_damage_union,medium,unknown,23,25,
0608D300,dm_reaction_init_set,events,same,2,2,
0608D5F6,check_normal_attack,manual,unknown,0,0,
0608D638,hit_pattern_extdat_check,manual,differs,5,3,0x10 0x60 0xf7 0xf8 0x110 0xf99f
0608D6E4,check_dm_att_guard,manual,unknown,0,1,
0608D776,check_dm_att_blocking,medium,unknown,0,1,
0608D7FC,set_damage_and_piyo,high,unknown,5,7,
0608DA3C,remake_score_index,events,same,0,0,
0608DA62,same_dm_stop,medium,unknown,0,0,
0608DAE8,defense_sky,manual,same,5,5,
0608DBEC,blocking_point_count_up,manual,same,1,1,
0608DC44,defense_ground,manual,differs,8,15,
0608DF2A,setup_dm_rl,events,same,1,1,
0608DFCC,dm_status_copy,medium,unknown,0,0,
0608E098,add_combo_work,medium,same,0,0,
0608E148,nise_combo_work,medium,unknown,0,1,
0608E1FC,cal_combo_waribiki,events,unknown,0,0,0x100
0608E3E4,cal_combo_waribiki2,medium,same,0,0,
0608E43C,catch_hit_check,events,same,1,1,
0608E5C4,attack_hit_check,events,same,1,1,
0608E908,hit_check_subroutine,events,unknown,0,0,
0608E9D0,cal_hit_mark_position,medium,unknown,0,0,
0608EA60,get_target_att_position,events,unknown,0,0,
0608EAD6,get_att_head_position,events,unknown,0,0,
0608EB36,hit_push_request,events,same,0,0,
0608EB5C,clear_hit_queue,events,same,1,1,
0608EB96,change_damage_attribute,medium,unknown,0,0,0x20
0608EC8A,check_ttk_damage_request,events,unknown,0,0,0x20
0608ECC4,player_at_vs_player_dm,high,unknown,7,6,
0608EEA0,player_at_vs_effect_dm,high,differs,8,6,
0608F008,effect_at_vs_player_dm,high,unknown,10,12,
0608F240,setup_dm_rl_pldm,events,unknown,0,0,
0608F290,effect_at_vs_effect_dm,events,same,4,4,
0608F3FC,set_conclusion_slow,high,same,0,0,
0608FB34,Sound_SE,high,same,1,1,
0608FB6A,BGM_Request,high,unknown,1,2,
0608FBA2,BGM_Stop,medium,differs,1,1,
0608FBF0,Se_Shock,high,unknown,3,3,0x300
0608FCDE,end_d00_7000,low,differs,1,3,0x78
0608FD60,Se_Myself_Die,high,unknown,2,3,0x300
0608FDCC,Se_Let,high,unknown,3,4,0x300
0608FE58,Se_Let_SP,high,same,2,2,0x300
0608FEDE,Call_Se,high,same,2,2,
0608FF40,Se_Term,high,unknown,2,3,0x300
0608FFBA,Finish_SE,high,unknown,3,3,0x300
0609002C,Check_Finish_SE,events,unknown,0,0,
0609007E,Get_Position,events,differs,2,2,0x10 0x70 0xc0
060900F4,Check_Bonus_SE,events,same,0,0,0x14
06090270,caldir_pos_032,medium,unknown,1,1,
06090516,add_pos_dir_064,medium,unknown,0,0,
060907A4,cal_move_quantity2,events,unknown,0,0,0x80
0609083E,cal_move_quantity3,events,unknown,0,0,
060909D0,cmsd_y_initial_speed,medium,unknown,0,2,
06090A02,cmsd_x_delta_speed,medium,unknown,1,3,
06090A46,cmsd_y_delta_speed,medium,unknown,1,3,
06090A90,cal_all_speed_data,medium,unknown,2,2,
06090B50,cal_initial_speed,high,unknown,2,2,
06090C06,cal_initial_speed_y,high,same,1,1,
06090C70,cal_delta_speed,high,same,2,2,
06090D9C,cal_top_of_position_y,events,same,1,1,
06090DEC,cal_time_of_sign_change,medium,unknown,0,1,
06090E1C,cal_move_dir_forecast,events,same,1,1,
060910E0,Request_Fade,medium,unknown,1,1,
0609148A,SsBgmHalfVolume,medium,unknown,1,0,0x7f
06091C50,Button_Cut_EX,events,unknown,1,1,0xff0
06091CBC,Setup_Target_PL,events,unknown,0,0,
06091E80,effect_14_init,low,differs,2,12,
0609207C,setSeVolume,medium,unknown,1,2,
060920EC,Ck_Range_Out_S,events,same,0,0,
0609213A,Disp_Copyright,medium,differs,3,2,0xca 0xd0 0xd4 0x182
060921A8,Cut_Cut_Cut,medium,unknown,0,0,0xff0
06092208,Cut_Cut_Sub,medium,unknown,0,0,0xff0
06092270,Cut_Cut_C_Timer,events,same,1,1,
060923EC,Initialize_EM_Candidate,events,differs,4,6,
060924C8,Setup_Candidate_Buff,events,same,0,0,0x11
06092548,Check_EM_Buff,events,same,4,4,
060925E2,Check_EM_Sub,events,same,0,0,
0609265A,Check_Same_CPU,events,same,4,4,
06092820,grade_check_work_1st_init,events,same,2,2,
060928C2,grade_check_work_stage_init,events,unknown,0,0,
060929C0,grade_check_work_round_init,events,same,2,2,
0609300E,grade_final_grade_bonus,events,same,0,0,
06093066,makeup_spp_frdat,events,same,0,0,
0609317E,grade_makeup_round_parameter,high,unknown,9,8,
0609350A,grade_makeup_stage_parameter,medium,unknown,5,13,0x14
06093A26,grade_makeup_bonus_parameter,events,same,0,0,
06093AB4,get_offence_total,medium,unknown,3,4,
06093C54,get_defence_total,high,unknown,2,3,
06093E58,get_tech_pts_total,events,unknown,0,0,
06094120,get_ex_point_total,events,same,0,0,
060942B2,grade_add_clean_hits,events,unknown,0,0,
060942F8,grade_add_att_renew,events,unknown,0,0,
0609433E,grade_add_guard_success,events,unknown,0,0,
06094380,grade_add_em_stun,events,unknown,0,0,
060943D4,grade_max_combo_check,events,unknown,0,0,
06094404,grade_add_leap_attack,events,unknown,0,0,
06094458,grade_add_grap_def,events,same,0,0,
060944C0,grade_add_quick_stand,events,unknown,0,0,
06094518,grade_add_nml_nage,events,same,1,1,
0609458E,grade_add_reversal,events,unknown,0,0,
060945F8,grade_add_target_combo,events,same,0,0,
06094650,grade_add_command_waza,events,same,0,0,
060946A8,grade_add_super_arts,events,unknown,0,0,
06094702,grade_store_vitality,events,unknown,0,0,
06094744,grade_add_blocking,events,unknown,0,0,
0609485C,grade_get_first_attack,events,unknown,0,0,
06094894,grade_set_round_result,events,same,0,0,
06094908,grade_add_personal_action,events,unknown,0,0,
0609497C,grade_check_tairyokusa,events,unknown,0,0,
060949FA,grade_add_onaji_waza,events,same,0,0,
06094AD8,grade_get_my_grade,events,unknown,0,0,
06094CA8,check_guard_miss,medium,same,0,0,
06097BE8,Ranking_00_1st,medium,unknown,2,1,
06098064,Ranking_00_2nd,medium,differs,22,0,0x10 0x14 0x18 0x1e 0x20 0x23
0609807E,Ranking_00_4th,medium,same,0,0,
060980A6,Ranking_00_5th,high,same,0,0,
060980CA,Ranking_00_6th,high,same,1,1,
06098118,Ranking_01,medium,unknown,0,0,
06098152,Ranking_01_1st,high,unknown,7,4,0x39
06098188,Ranking_01_2nd,high,unknown,26,18,0x68
060984E6,Ranking_01_4th,medium,same,0,0,
06098504,Ranking_01_5th,low,differs,7,10,0x666
06099326,Game_Manage_1st,medium,differs,12,10,0x11
060994EA,Clear_1Stage_Work,events,unknown,0,0,
0609954E,Game_Manage_2nd,events,unknown,0,0,
06099580,Game_Manage_12th,medium,unknown,1,1,0x14
060995B6,Game_Manage_13th,medium,unknown,0,1,
060995D6,Game_Manage_2_2,high,same,3,3,
0609965E,Game_Manage_2_3,high,same,2,2,
06099770,Game_Manage_2_4,medium,unknown,9,8,0x28 0x32
0609989E,Game_Manage_3rd,medium,unknown,1,2,
060998D8,Update_BI_Term,events,same,0,0,
060999B0,Game_Manage_4th,high,differs,20,16,
06099B56,Setup_Win_Mark,manual,differs,12,7,
06099D5E,Game_Manage_5th,events,unknown,0,0,
06099D9C,Game_Manage_5_0,medium,same,0,0,
06099DD0,Game_Manage_5_1,high,differs,3,2,
06099E00,Game_Manage_5_2,events,same,0,0,
06099E54,Game_Manage_5_3,medium,differs,5,4,0x800
06099E8A,Game_Manage_5_4,medium,unknown,3,5,0xff
06099EFC,Game_Manage_5_5,medium,unknown,3,2,
06099F32,Game_Manage_5_6,medium,unknown,1,1,
06099F64,Game_Manage_5_7,medium,differs,5,3,
06099FE4,Game_Manage_6th,high,unknown,5,5,
0609A13C,Game_Manage_7th,events,unknown,0,0,
0609A182,Game_Manage_7_0,high,reordered,3,3,
0609A1E6,Game_Manage_7_1,events,unknown,0,0,
0609A204,Game_Manage_7_2,high,same,5,5,
0609A2A6,Check_Disp_Combo,events,unknown,0,0,
0609A2E6,Game_Manage_7_3,medium,unknown,0,1,
0609A3A4,Game_Manage_7_4,high,differs,3,2,
0609A3E4,Game_Manage_7_5,events,unknown,0,0,
0609A404,Game_Manage_7_6,medium,unknown,0,0,
0609A430,Game_Manage_7_7,events,unknown,0,0,
0609A450,Game_Manage_7_8,events,same,1,1,
0609A46E,Game_Manage_7_9,events,unknown,0,0,
0609A486,Game_Manage_8th,events,unknown,0,0,
0609A4E0,Game_Manage_8_0,high,same,8,8,
0609A58C,Game_Manage_8_1,events,unknown,0,0,
0609A5F8,Game_Manage_81_0,high,unknown,10,11,
0609A724,Game_Manage_81_1,medium,unknown,0,0,0x50
0609A798,Game_Manage_81_2,high,unknown,1,2,
0609A7EC,Game_Manage_81_3,medium,unknown,0,0,0x50
0609A80C,Game_Manage_8_2,medium,unknown,1,3,
0609A8B2,Game_Manage_8_3,medium,unknown,0,0,
0609A924,Pool_Score,high,unknown,0,1,
0609A98C,Additional_Bonus,high,same,1,1,
0609AA26,Setup_Comp_Bonus,events,same,0,0,
0609AAD0,Game_Manage_9th,low,differs,4,5,0x800
0609ABC8,Game_Manage_10th,medium,differs,11,11,
0609ADC8,Game_Manage_11th,medium,unknown,4,8,
0609AF1C,chkComWins,events,unknown,0,0,
0609AF52,Update_Level_Control,events,same,0,0,
0609AFAC,Game_Manage_12_0,high,unknown,2,4,0x14
0609B108,Game_Manage_12_1,medium,differs,1,2,
0609B14A,Game_Manage_12_2,high,unknown,6,7,
0609B1D0,Game_Manage_12_3,high,differs,5,6,
0609B2E4,Game_Manage_12_4,high,differs,13,15,
0609B64E,Game_Manage_12_5,medium,unknown,0,0,0x46
0609B6CC,Game_Manage_12_7,high,unknown,5,7,
0609B73E,Game_Manage_12_8,high,differs,11,12,0xff80
0609B9F6,Check_Bonus_Perfect,medium,same,0,0,
0609BA20,Disp_Bonus_Perfect,high,reordered,9,7,
0609BB3A,Flash_Bonus_Perfect,medium,unknown,0,2,
0609BBC0,Setup_Final_Score,high,same,0,0,0x15
0609BCA0,Bonus_Cut_Sub,high,same,7,7,0x15
0609BD84,Check_Time_Over,high,differs,2,3,
0609BE48,Ck_Win_Record,high,unknown,0,3,
0609C114,Check_Disp_Winner,medium,unknown,0,0,
0609C198,Disp_Winner,high,differs,6,8,
0609C274,request_center_message,medium,unknown,0,0,
0609C280,Judge_Next_Disposal,manual,unknown,0,0,
0609C2F0,Check_Perfect,manual,unknown,0,0,
0609C3A4,Check_Ending,high,unknown,4,3,
0609C4C8,Quick_Entry,medium,unknown,3,4,
0609C912,Check_Fade_Out_BGM,events,same,1,1,
0609C948,Control_Music_Fade,high,unknown,2,2,
0609CAEC,Setup_BGM_Fade_In,medium,unknown,0,0,
0609CB02,complete_victory_pause,medium,unknown,0,0,
0609CB0A,Check_Break_Into_CPU,events,differs,1,1,0x11 0x46 0x8000
0609CC2A,Check_BI_Grade,events,unknown,0,0,
0609D0BA,load_data_set_system,medium,unknown,8,8,
0609D1BE,load_data_set_sysdir,medium,unknown,1,0,
0609D1E2,load_data_set_replay,medium,unknown,0,0,
0609D302,Win_1st,high,differs,13,12,0x37 0x7f30
0609D3E8,Lose_2nd,medium,unknown,7,7,
0609D45E,Lose_3rd,low,unknown,4,7,
0609D548,Win_4th,high,same,0,0,
0609D56C,Win_5th,medium,differs,1,0,0x1000
0609D596,Win_6th,medium,unknown,0,0,
0609DDE4,Continue_1st,high,unknown,7,7,
0609DF14,Continue_2nd,medium,unknown,0,0,
0609DF2C,Continue_3rd,high,same,1,1,
0609DF4A,Continue_4th,medium,unknown,0,0,
0609DF6A,Continue_5th,medium,unknown,0,0,
0609DF72,Setup_Continue_OBJ,high,unknown,11,11,
0609DFE8,Check_Exit_Continue,events,same,0,0,
0609E36C,cal_damage_vitality,medium,unknown,0,3,
0609E488,Additinal_Score_DM,high,unknown,0,1,
0609EDC0,Sel_PL_1st,events,same,6,6,
0609EF2A,Sel_PL_2nd,events,unknown,0,0,
0609EF80,Sel_PL_3rd,high,differs,14,10,0x1d 0x1e 0xb4
0609F1EC,Sel_PL_4th,events,unknown,0,0,
0609F258,Sel_PL_5th,medium,differs,7,3,
0609F32A,Sel_PL_6th,events,unknown,0,0,
0609F32E,Disposal_Of_Diagonal,medium,unknown,0,0,
0609F39C,Sel_PL_Sub,high,same,10,10,0xff0
0609F590,Sel_PL_Sub_CR,events,unknown,0,0,
0609F5E6,Sel_PL_Sub_CL,events,unknown,0,0,
0609F652,Sel_PL_Sub_CU,events,unknown,0,0,
0609F6A8,Sel_PL_Sub_CD,events,unknown,0,0,
0609F6FA,Auto_Repeat_Sub,events,same,5,5,
0609F88C,Auto_Repeat_Sub_Wife,events,unknown,0,0,
0609F98C,Sel_Arts_Sub,high,same,6,6,0xff0
0609FB70,OBJ_1st,high,unknown,21,22,
0609FE5C,OBJ_2nd,high,differs,11,10,
060A003A,OBJ_3rd,events,unknown,0,0,
060A0072,Face_1st,medium,unknown,0,0,
060A008C,Face_2nd,high,same,0,0,
060A0148,Face_3rd,high,same,0,0,
060A0190,Face_4th,events,unknown,0,0,
060A0354,Check_Exit,events,unknown,0,0,
060A042A,Setup_Select_Status,medium,unknown,0,0,
060A0712,Setup_ID,medium,unknown,0,0,
060A07E2,Exit_1st,medium,unknown,2,1,
060A084E,Exit_2nd,medium,unknown,2,1,0x1f
060A0912,Exit_3rd,high,same,1,1,
060A0974,Exit_4th,high,unknown,13,12,0x33
060A0B08,Exit_5th,medium,unknown,1,0,
060A0B2E,Exit_7th,medium,unknown,0,0,
060A0B8E,Correct_Control_Time,medium,same,0,0,
060A0BFC,Check_Boss,medium,unknown,0,0,
060A0DB4,Handicap_1st,low,unknown,17,11,0x1c 0x1e 0x1f 0x5c 0x78 0x79
060A0F26,Handicap_3rd,medium,differs,1,1,0x1000
060A1A54,Select_CPU_First,events,unknown,0,0,
060A1AA6,Select_CPU_1st,high,differs,8,6,
060A1BB2,Select_CPU_2nd,high,unknown,4,4,
060A1C7C,Select_CPU_3rd,high,differs,19,12,0x1d 0x1e 0x33 0x1000
060A2028,Select_CPU_4th,medium,unknown,1,0,
060A2034,Next_Bonus_1st,high,same,7,7,0x38 0x39
060A2128,Next_Bonus_2nd,medium,differs,3,2,0x1000
060A2300,Next_Bonus_End,events,unknown,0,0,
060A23BC,Next_Q_1st,medium,differs,7,8,0x11
060A254C,Next_Q_2nd,low,differs,8,5,0x200
060A2644,Sel_CPU_Sub,high,reordered,5,5,0xff0
060A2794,Setup_EM_List,events,unknown,0,0,
060A27DC,Setup_Next_Fighter,high,differs,4,3,0x11 0x1f 0x20
060A2846,Setup_Com_Arts,events,same,1,1,
060A28C4,Setup_Com_Color,medium,same,0,0,
060A28FE,Setup_PL_Color,events,same,0,0,0x35 0x4000
060A2A76,Setup_Regular_OBJ,high,differs,10,9,
060A2B0C,Regular_OBJ_Sub,events,same,6,6,
060A2B86,Setup_History_OBJ,high,same,13,13,0x28
060A2D4C,Setup_VS_OBJ,high,same,10,10,
060A2F2A,Setup_Next_Stage,events,differs,1,2,
060A2F8C,check2_A6_shortcut,events,unknown,0,0,0x4000
060B299C,cmd_data_set,medium,unknown,1,0,
060B2AF0,cmd_init,events,same,1,1,
060B2EBC,check_init,medium,unknown,0,0,
060B2F32,check_next,medium,unknown,0,0,
060B2F76,check_0,high,reordered,7,5,
060B3036,check_1,high,reordered,5,4,
060B3154,check_2,high,same,2,2,
060B31DC,check_3,high,same,2,2,
060B33AA,check_4,medium,same,0,0,
060B361C,check_5,high,same,3,3,
060B3674,check_6,high,same,2,2,
060B38C0,check_7,high,same,2,2,
060B3AE2,paring_miss_init,medium,unknown,0,0,
060B3B30,check_10,medium,unknown,0,0,
060B4162,check_11,high,same,3,3,
060B41D4,check_12,medium,unknown,0,0,
060B4764,check_13,medium,same,0,0,
060B483A,check_14,medium,same,0,0,
060B49FE,check_15,high,reordered,7,5,
060B4B1A,check_16,high,same,2,2,
060B4BBA,check_18,high,same,1,1,
060B4D2C,check_19,high,same,4,4,
060B4E5A,check_20,events,unknown,0,0,
060B4E84,check_21,high,reordered,9,6,
060B4F94,check_22,high,unknown,2,6,
060B510C,check_23,medium,unknown,0,0,
060B531C,check_24,high,reordered,7,5,
060B53D2,check_25,high,reordered,7,5,
060B5488,check_26,high,same,3,3,
060B550C,command_ok,medium,unknown,0,0,
060B5558,command_ok_move,events,same,1,1,
060B55A6,dead_lvr_check,medium,unknown,0,0,
060B55F8,pl_lvr_set,high,remapped,1,1,
060B59BE,sw_pick_up,high,same,1,1,
060B5C9E,dash_flag_clear,events,same,2,2,
060B5CD6,hi_jump_flag_clear,events,same,1,1,
060B5D5E,waza_flag_clear_only_1,events,same,1,1,
060B5D94,waza_compel_init,events,unknown,0,0,
060B5DF0,waza_compel_all_init,events,same,7,7,
060B6168,waza_compel_all_init2,events,same,0,0,
060B630E,sync_fam_set3,medium,differs,2,1,0xffff
060B6404,range_x_check,high,same,0,0,0xffb3
060B64FC,range_x_check3,medium,same,0,0,
060B6572,range_y_check,medium,unknown,0,0,0x20
060B669C,add_x_sub,events,unknown,0,0,
060B66BC,add_x_sub2,events,unknown,0,0,
060B6720,add_y_sub,events,unknown,0,0,
060B6740,add_y_sub2,events,unknown,0,0,
060B6768,obr_no_disp_check,events,unknown,0,0,
060B6786,disp_pos_trans_entry,medium,differs,2,1,0xffff
060B67C2,disp_pos_trans_entry5,medium,differs,2,1,0xffff
060B67FE,disp_pos_trans_entry_r,high,differs,3,2,0xffff
060B68B6,disp_pos_trans_entry_r4,high,differs,3,2,0xffff
060B696C,disp_pos_trans_entry_s,high,differs,3,2,
060B69AA,disp_pos_trans_entry_rs,high,differs,4,3,
060B6A14,pl_eff_trans_entry,medium,differs,2,1,0xffff
060B6ABE,eff_hit_check,events,same,4,4,
060B6B62,eff_hit_check_sub,events,same,1,1,
060B6BEE,eff_hit_check2,events,same,4,4,
060B6C9E,eff_hit_check_sub2,events,same,1,1,
060B6D04,hit_check_subroutine_yu,events,same,0,0,
060B6DB0,eff_hit_flag_clear,events,unknown,0,0,
060B6E68,compel_dead_check,events,unknown,0,0,
060B71EA,ta0_init00,medium,unknown,1,2,
060B720A,ta0_init01,high,same,1,1,
060B7228,ta0_init02,medium,unknown,0,1,
060B7246,ta0_move,medium,unknown,0,0,
060B8140,Bg_mv_tw,medium,unknown,0,0,
060B81A8,x_right_check,medium,unknown,0,0,
060B81CC,x_left_check,medium,unknown,0,0,
060B81F0,scr_x_dummy,events,unknown,0,0,
060B81F4,scr_10_20,events,unknown,0,0,
060B8220,scr_10_21,events,unknown,1,1,0x40
060B8242,scr_10_22,events,same,1,1,
060B8264,scr_11_20,events,unknown,1,1,0x40
060B8286,scr_11_21,events,unknown,1,1,0x40
060B82CE,scr_11_22,events,same,2,2,
060B8354,scr_12_20,events,same,1,1,
060B8376,scr_12_21,events,same,2,2,
060B83E0,scr_12_22,events,same,1,1,
060B8510,bg_base_x_move_sub,events,unknown,0,0,0x40 0x180
060B8620,bg_base_x_move_check,high,unknown,4,4,
060B87B8,bg_base_y_move_check,high,same,0,0,0x58
060B886E,bg_x_move_check,medium,unknown,0,0,
060B8926,bg_y_move_check,medium,same,0,0,
060B8A34,zoom_ud_check,high,same,5,5,
060B964C,suzi_offset_set_sub,medium,same,0,0,
060B96A8,suzi_sync_pos_set,high,unknown,1,1,0xffff
060B96EE,Bg_Family_Set,events,unknown,2,2,0xffff
060B975E,Bg_Family_Set_appoint,events,unknown,2,2,0xffff
060B97AA,Bg_Family_Set_2,events,unknown,2,2,0xffff
060B9832,Bg_Family_Set_2_appoint,events,unknown,2,2,0xffff
060B98B4,ake_Family_Set2,events,same,2,2,0xffff
060B98FC,bg_pos_hosei_sub2,events,unknown,0,0,0xffff
060B9996,bg_pos_hosei_sub3,events,unknown,0,0,0xffff
060B9A2A,bg_pos_hosei2,medium,unknown,0,0,0xffff
060B9B18,get_center_position,events,unknown,0,0,0x15
060B9B30,get_height_position,events,unknown,0,0,
060B9C06,oh_bg_blk_w,medium,differs,1,1,0x259 0xffffffff
060BACB4,bg_base_move_common,high,unknown,3,4,
060BACE4,bg_move_common,events,same,2,2,
060BB48C,akebono_initialize,high,differs,2,17,
060BBD76,bg0001_init00,high,unknown,6,5,0x10
060BBEAE,bg0000,events,unknown,0,0,
060BBEDA,bg0000_init00,high,differs,0,1,
060BBFCA,bg0000_demo,high,same,0,0,
060BC150,bg0101_init00,high,unknown,4,5,
060BC2FC,BG020,medium,differs,9,5,
060BC3BC,bg0201,events,unknown,0,0,
060BC41A,bg0202,events,unknown,0,0,
060BC470,bg0202_init00,high,differs,2,3,
060BC4BE,bg020_sync_common,events,unknown,0,0,
060BC4E6,bg020_sync_init,high,same,1,1,
060BC548,bg020_sync_move,events,same,3,3,
060BC71C,BG040,medium,differs,5,3,
060BC782,bg0401,events,unknown,0,0,
060BC7AE,bg0401_init00,high,unknown,4,5,
060BC808,bg0401_init01,medium,unknown,0,0,
060BC814,bg0402,events,unknown,0,0,
060BC840,bg0402_init00,medium,same,0,0,
060BC876,bg0402_init01,medium,unknown,0,0,
060BC9D2,bg1001_init00,high,unknown,3,3,
060BCE68,bg0601_init00,medium,same,0,0,
060BD240,bg0301_init00,high,unknown,4,4,
060BD464,bg1000_init00,high,same,1,1,
060BD58C,bg080_sync_init,high,same,1,1,
060BD624,bg080_sync_move,events,same,3,3,
060BD684,BG090,events,same,8,8,
060BD6DC,bg0901,events,same,1,1,
060BD718,bg0901_init00,high,same,1,1,
060BD74A,bg0902,events,same,1,1,
060BD7B0,bg0902_init00,high,unknown,4,5,
060BD800,bg_fam0900,high,reordered,9,7,
060BD91E,bg090_demo_check,medium,same,0,0,
060BD964,demo90_base,medium,unknown,0,0,
060BDA52,jijii_win_bg,high,same,0,0,
060BDAA8,jijii_win_bg2,medium,unknown,0,0,
060BDF10,bg1201_init00,medium,same,0,0,
060BE1F4,bg0801_init00,medium,same,0,0,
060BE39C,bg0602_init00,medium,unknown,5,5,
060BE428,bg0501_init00,medium,same,0,0,
060BE8FC,bg0300_init00,medium,same,0,0,
060BEB54,bg0201_init00,medium,same,0,0,
060BEBD4,bg1502_init00,medium,differs,9,9,
060BFFB0,appear_work_clear,medium,unknown,0,0,
060BFFCE,home_visitor_check,events,unknown,0,0,
060C0022,appear_data_set,events,unknown,0,0,
060C00E8,appear_data_init_set,events,same,2,2,
060C018C,appear_player,medium,unknown,0,1,0x2a
060C01C2,Appear_00000,medium,unknown,0,0,
060C01D8,Appear_01000,high,reordered,9,7,
060C0314,Appear_03000,high,same,2,2,
060C0454,Appear_04000,high,reordered,9,8,
060C06A0,Appear_05000,high,same,8,8,
060C085C,Appear_06000,high,differs,14,11,
060C0A50,Appear_07000,high,reordered,11,10,0xffffa000
060C0BF6,Appear_08000,high,same,4,4,
060C0CA2,sean_appear_check,events,unknown,0,0,
060C0CC8,Appear_09000,high,same,7,7,
060C0DF4,Appear_10000,high,same,5,5,
060C0EEE,Appear_11000,high,same,3,3,
060C0F88,Appear_12000,high,differs,9,8,
060C10BA,Appear_13000,high,same,5,5,
060C11AE,Appear_14000,high,unknown,5,6,
060C12C4,Appear_15000,high,reordered,5,4,
060C1380,Appear_16000,high,reordered,3,2,
060C13F8,gill_appear_check,events,same,0,0,
060C1478,Appear_17000,high,unknown,9,9,0x2e 0x3c
060C1588,Appear_18000,high,reordered,12,10,
060C17AE,Appear_19000,high,differs,11,10,
060C199A,Appear_20000,high,same,2,2,
060C19FC,Appear_21000,high,unknown,5,4,0x18
060C1AAA,Appear_22000,high,same,4,4,
060C1B34,Appear_23000,high,same,5,5,
060C1C00,Appear_24000,high,same,0,0,
060C1C52,Appear_25000,medium,unknown,0,0,
060C1C94,Appear_26000,high,reordered,15,10,
060C1EAC,Appear_28000,high,same,5,5,
060C1FE6,Appear_29000,high,differs,18,19,0xffff8000
060C233A,don_appear_check,events,same,1,1,
060C236E,Appear_30000,high,unknown,4,4,0x18
060C23E0,Appear_31000,high,same,4,4,
060C2494,Appear_32000,high,same,3,3,
060C2506,Appear_33000,high,reordered,8,7,
060C2622,Appear_34000,high,same,3,3,
060C26DC,Appear_36000,high,same,10,10,
060C289E,Appear_37000,medium,differs,14,7,
060C2ACA,Appear_38000,high,reordered,3,2,
060C2B3A,Appear_39000,high,differs,8,9,
060C2C98,Appear_41000,high,same,3,3,
060C2D42,gouki_appear,high,same,4,4,
060C5018,Flash_1P_or_2P,medium,differs,2,0,0x14 0x1e 0x3c
060C5C16,op_work_clear,medium,unknown,0,0,
060C5C6C,oh_opening_demo,events,same,1,1,
060C63FE,opening_move,high,differs,4,1,0x30 0xffffff8f
060C645C,op_100_move,medium,unknown,3,4,
060C64CC,op_101_move,high,unknown,8,8,0xff
060C6550,op_102_move,high,reordered,13,11,
060C6630,op_103_move,low,differs,41,1,0x16 0x17 0x67
060C68FC,op_104_move,high,reordered,24,23,
060C6A7C,op_105_move,high,differs,5,7,
060C6AD2,op_106_move,high,same,18,18,
060C6C08,op_107_move,low,differs,39,1,0x1d 0x1e 0x1f 0x20 0x21 0x22
060C6EB8,op_108_move,low,differs,48,0,0x29 0x2a 0x2b 0x2c 0x2d 0x2e
060C71A8,op_109_move,high,unknown,13,14,
060C72D2,op_110_move,high,differs,17,14,
060C745A,op_111_move,high,same,14,14,
060C7542,op_112_move,high,reordered,30,29,
060C778A,op_113_move,high,unknown,13,14,
060C78C0,op_114_move,high,differs,17,14,0x40
060C7A1C,op_115_move,high,unknown,7,6,0x40
060C7AAE,op_116_move,medium,differs,10,14,0x10 0x8000
060C7B52,op_117_move,high,same,11,11,
060C7BC2,op_118_move,high,differs,6,6,
060C7CF0,op_bg_move,high,unknown,3,3,
060C7D10,op_bg0_move,medium,unknown,0,1,0x5e
060C96FC,opening_title_01,high,differs,11,14,
060C97DC,op_scrn_pos_set2,events,same,1,1,
060C9880,Bg_Family_Set_op,high,differs,2,3,
060CA514,end_fam_set,events,differs,1,1,0x10 0xffff
060CA54E,end_fam_set2,events,differs,1,1,0x10 0xffff
060CA602,end_bg_pos_hosei,events,unknown,0,0,0xffff
060CA6F8,end_scn_pos_set2,events,unknown,1,1,0xffff
060CA802,end_reset_etc,events,same,0,0,
060CA852,end_X_com01,high,unknown,1,2,
060CA8AC,end_fade_bgm,medium,differs,0,1,
060CA8D0,end_fade_complete,medium,unknown,1,2,
060CAB0C,end_100_0000,high,unknown,7,5,0x17 0xffffffff
060CAC94,end_100_0001,high,unknown,5,4,0x17 0xffffffff
060CAD1C,end_100_0002,high,reordered,3,2,
060CADA0,end_100_0004,high,same,2,2,0x78
060CB01C,end_200_0000,high,same,2,2,0x2000000
060CB0B6,end_200_1000,high,unknown,2,3,
060CB1C4,end_200_2000,high,same,5,5,
060CB21A,end_200_3000,high,differs,2,3,0x78
060CB2D4,end_201_move,events,unknown,0,0,
060CB30C,end_201_1000,high,unknown,1,2,
060CB43E,end_201_3000,high,same,1,1,
060CB4A4,end_202_move,events,unknown,0,0,
060CB508,end_202_1000,high,same,1,1,
060CB57A,end_202_3000,high,same,1,1,
060CB5F4,end_202_4000,high,same,1,1,
060CB870,end_300_0000,high,same,5,5,
060CB8EA,end_300_0002,high,unknown,5,3,0xffffffff
060CB9D0,end_300_0003,high,differs,6,4,0x17 0xb3 0xffffffff
060CBACC,end_300_0004,high,unknown,3,8,
060CBBB0,end_300_0005,high,unknown,2,3,0x78
060CBC56,end_301_move,events,unknown,0,0,
060CBC92,end_301_0003,medium,same,0,0,
060CBEC4,end_400_0000,high,same,2,2,
060CBF48,end_400_1000,high,same,1,1,
060CC060,end_401_move,medium,unknown,0,0,
060CC074,end_401_0000,high,same,2,2,
060CC0FA,end_401_1000,high,same,1,1,
060CC20C,end_401_2000,high,differs,5,6,
060CC326,end_401_3000,high,reordered,4,3,
060CC426,end_401_4000,high,reordered,4,3,
060CC52E,end_402_move,medium,unknown,0,0,
060CC542,end_402_0000,medium,same,0,0,
060CC5E4,end_402_1000,high,same,1,1,
060CC770,end_1100_3,low,differs,3,15,0x200 0xfffd0000
060CC8D4,end_500_comm,medium,reordered,8,5,
060CC966,end_500_0001,high,same,4,4,
060CCAD4,end_500_0006,high,differs,4,2,0x17 0xff000000
060CCB50,end_500_quake_y_sub,medium,unknown,0,0,
060CCBA8,end_500_0007,high,unknown,8,7,0x17 0xff000000
060CCCAC,end_500_0008,high,unknown,15,15,
060CCDC6,end_500_0011,high,same,2,2,
060CCE98,end_501_move,events,unknown,0,0,
060CCEF0,end_501_0007,high,unknown,5,5,0x17 0xff000000
060CCFC8,end_501_0008,medium,unknown,1,2,
060CCFF2,end_501_0009,medium,unknown,1,2,
060CD03C,end_501_0010,high,unknown,5,4,0xffffffff
060CD0A6,end_501_0011,high,unknown,4,7,0xffffffff
060CD1A0,end_501_0012,high,differs,1,1,0x78 0x100
060CD504,end_600_0000,high,unknown,2,3,
060CD590,end_600_1000,high,unknown,2,3,
060CD6E6,end_600_2000,high,same,2,2,
060CD8CC,end_600_3000,high,same,4,4,
060CD976,end_600_4000,high,same,1,1,
060CD9C2,end_600_5000,high,unknown,1,2,0x78
060CDAC0,end_601_move,events,unknown,0,0,
060CDAFC,end_601_0000,high,unknown,1,2,
060CDBAC,end_601_1000,high,unknown,1,2,
060CDC84,end_601_2000,high,unknown,3,4,
060CDDFC,end_601_3000,high,unknown,1,2,
060CE0BE,end_700_0000,high,differs,7,7,0x78
060CE1D0,end_700_2000,high,same,2,2,
060CE40A,end_8000_0000,high,same,3,3,
060CE4DA,end_8000_0001,high,same,1,1,
060CE55A,end_8000_0002,high,same,4,4,0x78
060CEB58,end_1000_0000,high,unknown,3,4,
060CEC12,end_1000_1000,high,same,1,1,
060CED06,end_1000_2000,high,differs,10,10,0x78
060CEE00,end_1000_4000,high,unknown,3,4,
060CEF36,end_1002_1000,high,same,1,1,0xb000
060CF05A,end_1001_1000,high,unknown,1,1,0x4d 0x8000 0x1900000
060CF180,end_1003_1000,medium,reordered,7,4,
060CF27C,end_1003_2000,high,same,2,2,
060CF354,end_1100_6,low,differs,3,14,0x78 0x200
060CF49E,end_b00_0000,high,reordered,19,16,0x78
060CF5B0,end_b00_1000,high,same,3,3,
060CF632,end_b00_3000,high,same,4,4,
060CF73A,end_b01_move,events,unknown,0,0,
060CF77A,end_b01_0000,high,unknown,1,1,0x21 0x120
060CF828,end_b01_3000,medium,differs,1,3,
060CFB28,end_C00_0000,high,same,3,3,
060CFC58,end_C00_1000,high,unknown,2,3,
060CFCCA,end_C00_2000,high,differs,4,2,0x17 0xffffffff
060CFD22,end_C00_3000,high,differs,5,3,0x17 0xffffffff
060CFDC6,end_C00_4000,high,unknown,2,3,
060CFE28,end_C00_5000,high,same,3,3,
060CFE9C,end_C00_6000,high,same,2,2,
060CFF16,end_C01_move,events,unknown,0,0,
060CFF56,end_C01_0000,high,same,1,1,
060D0372,end_d00_3000,high,differs,6,4,0x17 0xffffffff
060D03F6,end_d00_4000,high,unknown,4,5,
060D04E2,end_d00_6000,high,unknown,4,5,
060D0758,end_d01_4000,medium,same,0,0,
060D098C,end_e00_0000,medium,unknown,4,7,0x111 0x2c9 0x2f0 0xff21 0x2c80000
060D0C1C,end_e00_1000_col_sub,medium,unknown,0,1,
060D0C80,end_e00_1000,high,same,2,2,
060D0D30,end_e00_2000,high,unknown,0,1,
060D0E40,end_e00_3000,high,differs,10,6,0x10 0x17 0xffffffff
060D0F44,end_e00_4000,high,unknown,7,5,0x17 0xffffffff
060D1016,end_e00_5000,high,same,2,2,
060D10A6,end_e00_6000,high,unknown,8,6,0x17 0xffffffff
060D11C2,end_e00_7000,high,unknown,6,8,0x14 0x17 0x78 0xffffffff
060D1348,end_e01_move,events,unknown,0,0,
060D138C,end_e01_0000,high,differs,3,7,0x14 0x111 0xfec9 0xfec80000
060D14D0,end_e01_7000,high,same,1,1,
060D157C,end_e02_move,events,unknown,0,0,
060D15C0,end_e02_0000,high,same,5,5,0xfffde000
060D1682,end_e02_1000,high,same,1,1,
060D16EE,end_e02_2000,high,same,0,0,
060D175C,end_e02_3000,high,same,0,0,0xfffe8000
060D17F4,end_e02_4000,high,same,1,1,
060D1840,end_e02_7000,high,same,3,3,
060D247C,end_1101_2,medium,same,0,0,
060D2798,end_1800_0001,high,differs,10,11,
060D2890,end_1800_0005,high,differs,5,5,
060D2944,end_1800_0006,high,unknown,2,3,
060D29F0,end_1800_0008,high,unknown,2,3,
060D2A72,end_1800_0009,high,same,1,1,
060D2B02,end_1800_0010,high,unknown,2,3,0x78
060D31DE,end_2000_0000,high,same,2,2,
060D325C,end_2000_0001,high,same,4,4,
060D333C,end_2000_0002,high,same,5,5,
060D33BC,end_2000_0003,high,same,7,7,
060D3490,end_2000_0005,high,same,4,4,0x78
060D35AC,end_2001_move,events,unknown,0,0,
060D35E8,end_2001_0000,high,unknown,2,4,
060D3650,end_2001_0002,high,same,1,1,
060D36E6,end_2001_0003,low,unknown,3,2,
060D380C,end_2001_0004,medium,differs,1,2,
060D3832,end_2001_0005,medium,same,0,0,
060D5D52,effect_08_init,low,differs,2,0,0x10
060D7396,pulpul_stop,medium,unknown,2,1,
060D7DF8,bcount_cont_main,high,unknown,2,4,0x18
060D7E9A,bcounter_down,medium,unknown,0,2,
060DA628,combo_rp_clear_check,events,same,1,1,
060DB542,effect_work_init,high,same,1,1,
060DB610,effect_work_quick_init,events,differs,1,2,
060DB6CA,effect_work_list_init,events,same,2,2,
060DB770,pull_effect_work,events,unknown,0,0,
060DB87A,search_effect_index,events,unknown,0,0,
060DB8DC,push_effect_work,high,remapped,1,1,
060DB9E4,effect_work_kill,events,unknown,0,0,
060DBA4A,work_init_zero,events,unknown,0,0,
060DBAE0,write_my_shell_ix,events,unknown,0,0,
060DBB08,erase_my_shell_ix,medium,unknown,0,0,
060DBB52,get_my_shell_ix,events,unknown,0,0,
060DBB8A,get_vs_shell_adrs,events,unknown,0,0,
060DBBCE,clear_my_shell_ix,medium,unknown,0,0,
060DBBF6,setup_shell_hit_stop,events,differs,1,4,
060DBCB0,shell_live_check,events,same,0,0,
060DBDFA,Pause_Sleep,medium,unknown,0,0,
060DBE00,Pause_Die,medium,unknown,0,0,
060DBE24,effect_00_move,medium,unknown,7,6,0xff 0x100
060DC418,effect_01_move,high,differs,5,6,
060DC6DA,get_new_parts_data,medium,same,0,0,
060DC7B4,set_parts_disp_flag,events,unknown,0,0,
060DC890,effect_02_move,high,differs,13,10,0x3f 0x4b 0x7f
060DCC32,urian_guard_se_check,high,same,0,0,
060DCC7E,effect_02_init,high,same,1,1,
060DCE3C,effect_03_move,high,unknown,5,6,0x3f 0x7f
060DD116,effe8_zanzou_process,medium,unknown,1,0,
060DD160,effect_03_init,events,same,1,1,
060DD248,effect_04_move,medium,differs,3,3,
060DD410,effect_05_move,events,differs,5,6,
060DD59C,effect_06_move,events,differs,5,6,
060DD612,effect_06_init,medium,differs,3,2,
060DD728,effect_07_move,events,differs,5,6,
060DD888,effect_08_move,medium,unknown,2,10,0x63
060DDCF0,effect_09_move,events,same,1,1,
060DDD1C,eff09_0000,high,differs,5,6,
060DDDE8,eff09_1000,high,differs,16,13,0xffff
060DDFA0,eff09_2000,high,differs,23,20,0x300 0x311 0x4000
060DE41E,ball_bound_set,high,same,0,0,
060DE45A,eff09_3000,high,differs,12,12,0x300
060DE5A2,eff09_4000,high,differs,11,12,
060DE732,eff09_5000,high,differs,6,7,
060DE7D8,eff09_6000,high,differs,8,9,
060DE8BC,eff09_7000,high,differs,7,8,
060DE98C,eff09_8000,high,differs,4,5,
060DEA50,eff09_9000,high,differs,4,5,
060DEB20,eff09_10000,high,differs,4,5,
060DEBDE,eff09_11000,high,differs,10,10,
060DEDB2,eff09_12000,high,differs,14,13,
060DEEF2,eff09_13000,high,differs,11,11,
060DF07A,eff09_14000,high,differs,4,5,
060DF1AE,eff09_15000,high,differs,5,6,
060DF29E,eff09_16000,high,differs,5,6,
060DF382,eff09_17000,high,differs,5,6,
060DF4C2,eff09_18000,high,differs,8,9,
060DF658,eff09_19000,high,differs,10,9,
060DF7EE,eff09_20000,high,differs,5,6,0x63
060DF90C,eff09_21000,high,differs,10,10,
060DFB14,eff09_22000,high,differs,7,8,
060DFC48,eff09_23000,high,differs,10,9,0x63
060DFD94,eff09_24000,high,differs,11,10,
060DFF1C,eff09_25000,high,differs,9,9,0x300
060E0080,eff09_26000,high,differs,15,11,0x63
060E01E8,jijii_win_tama_sub,events,unknown,0,0,
060E0216,eff09_27000,high,differs,10,11,
060E0628,effect_10_move,low,differs,3,8,0x11 0x16
060E098C,effect_11_move,high,unknown,5,6,
060E0A06,quake_level_middle,high,differs,10,6,
060E0F34,effect_11_init,medium,differs,3,2,
060E1020,effect_12_move,high,differs,6,7,
060E11C0,effect_13_move,high,differs,14,13,0x47 0x7f
060E1582,tama_display,high,same,2,2,
060E15AC,screen_x_range_check,events,same,1,1,
060E15F4,screen_range_check,events,same,2,2,
060E165C,tama15_screen_check,events,unknown,2,2,0x120
060E16F6,set_tengu_init_pos,events,same,1,1,
060E172A,kotp_00000,medium,differs,17,11,
060E19A8,kotp_01000,high,reordered,7,6,
060E1AAE,kotp_02000,high,unknown,20,21,
060E1DBA,set_tengu_my_home,events,same,1,1,
060E1E30,check_tengu_attack,events,same,3,3,
060E1EB8,make_speed_xy_att,events,same,2,2,
060E1F6C,kotp_03000,high,differs,11,11,
060E2158,kotp_04000,events,unknown,0,0,
060E2166,kotp_05000,medium,differs,16,11,
060E239C,kotp_06000,high,differs,17,16,
060E2794,kotp_07000,high,differs,14,8,0x100
060E2A86,kotp_08000,high,differs,16,16,
060E2CE8,kotp_09000,high,differs,16,16,
060E2F3E,kotp_10000,events,same,1,1,
060E2F62,kotp_11000,events,same,7,7,
060E304C,kotp_12000,medium,differs,18,12,
060E32F4,kotp_13000,high,same,4,4,
060E3488,kotp_14000,high,same,1,1,
060E34C6,kotp_15000,high,differs,11,9,
060E361C,kotp_16000,high,differs,16,8,0x100 0xfffc8000
060E3A42,effect_14_move,medium,unknown,2,2,0x63
060E3F10,eff15_koishi,high,differs,11,11,
060E4174,effect_16_move,medium,unknown,5,5,
060E4520,effect_17_move,low,differs,3,6,
060E4770,effect_18_move,low,unknown,2,6,
060E4B4C,effect_19_move,events,differs,5,6,
060E4BC4,eff19_quake_sub,high,same,6,6,
060E4E5C,effect_20_move,high,differs,4,5,0xffff
060E505C,effect_21_move,high,differs,5,6,
060E5298,effect_22_move,high,differs,7,8,0x17
060E549C,effect_23_move,low,differs,5,7,0x17 0x5b 0x67 0xffd4
060E56EC,effect_24_move,high,unknown,5,6,
060E5B88,effect_25_move,high,differs,3,4,
060E5CFE,eff25_02,high,unknown,8,7,
060E5E56,eff25_06,high,unknown,9,9,
060E5F42,eff25_08,high,unknown,4,4,
060E5FE2,piece_set,events,same,1,1,
060E6130,effect_26_move,high,differs,5,6,
060E6202,eff26_00,events,same,2,2,
060E626C,eff26_01,events,same,4,4,
060E6330,eff26_02,high,same,6,6,
060E6418,eff26_03,high,same,7,7,
060E654A,eff26_04,high,same,8,8,
060E6694,eff26_05,high,same,11,11,
060E6978,effect_27_move,high,differs,5,6,
060E6A50,eff27_00,high,unknown,4,3,
060E6ADC,eff27_02,events,same,3,3,
060E6B18,eff27_03,high,unknown,10,8,
060E6BD8,eff27_04,high,unknown,6,5,
060E6C52,eff27_05,high,unknown,7,6,
060E6CE6,eff27_06,events,same,1,1,
060E6D2E,eff27_07,high,unknown,9,8,
060E6DF4,eff27_08,events,same,2,2,
060E6E34,eff27_09,events,same,3,3,
060E6F38,effect_27_init,medium,differs,3,2,
060E70C8,effect_28_move,low,differs,0,8,
060E729C,effect_29_move,high,differs,6,7,
060E7444,effect_30_move,events,reordered,16,12,
060E7764,effect_31_move,events,reordered,16,12,
060E7A88,effect_32_move,events,reordered,16,12,
060E7DB4,effect_33_move,high,differs,10,9,
060E8074,effect_34_move,high,differs,20,15,
060E83C0,effect_35_move,events,unknown,0,0,
060E8406,eff35_0000,events,differs,3,4,
060E846E,eff35_0001,high,differs,5,4,
060E85A2,eff35_0002,high,differs,4,5,
060E867A,eff35_0003,high,differs,4,5,
060E883A,eff35_0004,high,differs,9,8,
060E8944,eff35_0005,high,differs,3,4,0x49
060E8A64,eff35_0006,high,differs,3,4,0x49
060E8B68,effect_35_init,high,unknown,2,1,
060E8CC4,effect_36_move,low,unknown,8,23,
060E91CA,effect_36_init,high,unknown,3,2,0x30
060E92A8,effect_37_move,high,differs,4,5,
060E94DC,effect_38_move,high,unknown,1,1,0xffff
060E9510,EFF38_WAIT,events,unknown,0,0,
060E9534,EFF38_SUDDENLY,events,same,1,1,
060E9588,EFF38_SLIDE_IN,high,unknown,4,2,
060E97A6,EFF38_SLIDE_OUT,high,differs,2,3,
060E9854,EFF38_KILL,medium,differs,1,2,
060E98C4,EFF38_SHIFT,events,same,4,4,
060E9B02,Shift_38,events,same,2,2,
060E9B82,Move_X_Sub_38,events,unknown,0,0,
060E9BF2,Move_Y_Sub_38,events,unknown,0,0,
060E9C50,EFF38_MOVE,high,unknown,1,1,0x17
060E9E60,effect_38_init,high,unknown,2,1,0x15 0x17
060EA314,effect_39_move,high,unknown,1,1,0xffff
060EA348,EFF39_WAIT,events,unknown,0,0,
060EA36C,EFF39_SUDDENLY,events,same,1,1,
060EA44A,EFF39_SLIDE_IN,high,same,5,5,0x110
060EA6AE,EFF39_SLIDE_OUT,high,differs,2,3,
060EA780,EFF39_KILL,medium,differs,1,2,
060EA7C8,EFF39_MOVE,high,differs,4,5,
060EA96A,effect_39_init,high,unknown,5,4,0x2090
060EAA92,Get_Pos39,events,unknown,0,0,
060EAB04,effect_40_move,medium,differs,3,2,
060EACF0,effect_41_move,high,unknown,7,7,
060EB124,effect_42_move,high,unknown,1,1,0xffff
060EB15E,EFF42_SUDDENLY,events,same,2,2,
060EB284,EFF42_SLIDE_IN,events,same,1,1,
060EB3EA,EFF42_SLIDE_OUT,high,differs,2,3,
060EB494,EFF42_KILL,events,differs,1,2,
060EB500,EFF42_MOVE,high,same,2,2,
060EB56C,Setup_Char_Index,events,same,0,0,
060EB59E,effect_42_init,high,unknown,2,1,0x2090
060EB774,effect_43_move,high,differs,4,5,
060EB7F8,effect_43_init,high,unknown,2,1,0x2090
060EB8EC,effect_44_move,high,differs,6,7,
060EBAA4,effect_45_move,high,unknown,4,8,
060EBC5E,effect_29_init,high,differs,3,3,0x1d 0x52 0x78 0x12c 0x200 0x4200
060EBD10,effect_46_move,high,unknown,6,6,
060EBD82,eff46_move,events,reordered,10,9,
060EBE62,eff46_appear_check,events,same,0,0,
060EBFC0,effect_47_move,high,differs,6,7,
060EC1B4,effect_48_move,events,unknown,0,0,
060EC1EA,eff48_0000,high,differs,3,4,
060EC282,eff48_1000,medium,differs,9,7,
060EC3A6,effect_48_init,medium,unknown,4,2,
060EC4B8,effect_49_move,high,differs,7,8,0xffff
060EC5BA,effect_49_init,high,unknown,2,1,0x2090
060EC6BC,Setup_Char_49,events,same,0,0,
060EC718,effect_50_move,high,differs,7,8,
060ECAF4,effect_51_move,low,differs,3,6,
060ECF3C,effect_52_move,high,unknown,1,1,0xffff
060ECF70,EFF52_WAIT,events,unknown,0,0,
060ECF94,EFF52_SUDDENLY,high,unknown,2,3,
060ED074,EFF52_SLIDE_IN,high,same,1,1,
060ED152,EFF52_SLIDE_OUT,high,differs,2,3,
060ED21A,EFF52_KILL,medium,differs,1,2,
060ED262,effect_52_init,high,unknown,4,3,0x2090
060ED320,Setup_Char_52,events,same,1,1,
060ED394,Setup_Pos_52,events,same,1,1,
060ED49C,effect_53_move,high,differs,3,4,
060ED574,effect_53_init,events,same,2,2,
060ED5E8,effect_54_move,events,same,2,2,
060ED62A,effect_54_init,medium,differs,3,2,0x212c
060ED70C,effect_55_move,high,differs,7,5,
060ED956,effect_57_move,low,differs,2,2,0x6f86
060ED9E8,effect_58_move,low,differs,13,2,0x10 0x11 0x12 0x222 0x480
060EDB0C,effect_92_move,high,differs,2,1,0x1a 0x63
060EE152,effect_58_init,events,same,1,1,
060EE614,effect_59_move,medium,differs,9,8,0x10
060EE8FA,Check_Break_Into_59,high,same,1,1,
060EE990,effect_60_move,events,differs,6,6,
060EEDE8,effect_61_move,medium,unknown,3,4,0x2b 0x38 0x3b 0xffff
060EEFF8,effect_63_move,low,unknown,3,6,
060EF1C0,effect_64_move,medium,unknown,3,4,0xffff
060EF6D0,effect_65_move,low,differs,9,0,0x46 0x80
060EF710,effect_66_move,low,differs,5,6,0x4000 0x8000 0xc004 0xc005 0xc00a 0xffff
060EFA78,effect_67_move,medium,differs,10,5,
060F02A8,effect_68_move,high,differs,27,23,
060F057E,effect_68_init,medium,differs,3,2,0x212c
060F069C,effect_69_move,high,unknown,1,1,0xffff
060F06D0,EFF69_WAIT,events,unknown,0,0,
060F06F0,EFF69_SLIDE_IN,events,same,2,2,
060F084E,EFF69_SLIDE_OUT,high,differs,2,3,
060F0920,EFF69_SUDDENLY,events,same,1,1,
060F09EE,effect_69_init,high,unknown,2,1,0x2090
060F0AB0,Setup_Clear_OBJ,medium,unknown,1,1,
060F0AFC,effect_70_move,high,differs,9,8,
060F0CE4,effect_70_init,events,same,2,2,0x50
060F0D48,Setup_Eff70,medium,unknown,1,0,0x2090
060F0DA8,effect_71_move,high,differs,5,6,
060F0EE8,effect_72_move,high,differs,5,6,
060F0F76,effect_72_init,high,differs,3,2,0x212c
060F1070,effect_73_move,high,differs,15,14,
060F1384,effect_74_move,medium,differs,4,11,
060F16F8,effect_75_move,high,unknown,1,1,0xffff
060F172C,EFF75_WAIT,events,unknown,0,0,
060F174C,EFF75_SLIDE_IN,events,unknown,0,0,
060F1750,EFF75_CHAR_CHANGE,events,same,1,1,
060F17A4,EFF75_SUDDENLY,events,same,1,1,
060F18CE,effect_75_init,high,unknown,2,1,
060F1970,effect_76_move,high,differs,3,1,0x30 0x38 0x42
060F199E,EFF76_WAIT,high,same,1,1,
060F1A24,EFF76_WAIT_BREAK_INTO,medium,unknown,0,0,
060F1A72,EFF76_SLIDE_IN,events,same,1,1,
060F1B8C,EFF76_SLIDE_OUT,events,unknown,0,0,
060F1B90,EFF76_SUDDENLY,high,unknown,2,2,0x2b 0x3b
060F1D08,EFF76_BEFORE,high,same,1,1,
060F1D66,EFF57_KILL,medium,differs,1,2,
060F1DAE,EFF76_SHIFT,events,same,1,1,
060F2984,Check_Range_Out,events,same,1,1,
060F2A02,chkNameAkuma,events,unknown,0,0,
060F2A30,effect_77_move,medium,unknown,9,14,0x46
060F2CE4,Pause_Move,medium,unknown,1,1,
060F2E0C,crow_fuss_check,events,same,0,0,
060F2E98,crow_fuss_move,events,reordered,20,18,
060F314E,effect_78_init,high,unknown,2,1,0x212c
060F3214,effect_79_move,high,differs,25,2,0x2000 0x6000 0x8000 0xa000 0xffff 0x18000
060F46F4,effect_80_move,high,differs,4,5,
060F47E8,effect_80_init,high,unknown,2,1,0x3c
060F48EC,effect_81_move,high,differs,4,5,0x18
060F4B38,effect_82_move,high,differs,18,13,0x300
060F4E20,effect_83_move,high,differs,18,13,0x300
060F5104,effect_84_move,high,differs,7,9,0x14 0x5a
060F536C,effect_84_init,events,same,1,1,
060F53A8,effect_85_move,events,unknown,0,0,
060F53DE,eff85_0000,events,unknown,0,0,
060F53FE,eff85_0100,events,same,1,1,
060F5462,eff85_1000,high,reordered,4,3,
060F5512,eff85_common,high,same,2,2,
060F556C,eff85_3000,high,same,5,5,
060F562C,eff85_5000,high,same,3,3,
060F568E,eff85_7000,high,same,5,5,
060F571C,eff85_8000,high,same,2,2,
060F5794,eff85_9000,high,reordered,5,4,
060F5890,swallow_sprize_check,events,unknown,0,0,
060F58B2,eff85_0200,events,differs,1,2,
060F5974,effect_86_move,high,differs,2,3,
060F59D6,eff86_0000,events,same,2,2,
060F5A56,effect_86_init,high,unknown,2,1,
060F5B30,effect_87_move,low,differs,0,7,
060F6124,effect_90_move,low,unknown,5,7,0xff
060F6230,effect_91_move,medium,differs,3,3,0x31 0xcd
060F64D6,effect_92_init,events,same,1,1,
060F6558,effect_93_move,events,unknown,0,0,
060F656C,Eff93_SLIDE_L,high,same,2,2,
060F66E0,Eff93_SLIDE_R,high,same,1,1,
060F6808,Eff93_SLIDE_L_OUT,high,same,1,1,
060F68BE,Eff93_SLIDE_R_OUT,high,same,1,1,0xd0
060F6A6C,effect_94_move,events,differs,4,5,
060F6B16,eff94_0000,high,same,3,3,
060F6BB8,eff94_1000,high,same,9,9,
060F6CEA,eff94_2000,events,unknown,0,0,
060F6D26,eff94_2000_0,events,same,0,0,
060F6D5A,eff94_2000_1,events,same,5,5,
060F6E04,eff94_2000_2,events,same,2,2,
060F6E38,eff94_2000_3,events,same,1,1,
060F6E80,eff94_2000_4,events,unknown,0,0,
060F6E98,eff94_3000,events,unknown,0,0,
060F6ED0,eff94_3000_0,events,same,2,2,
060F6F2E,eff94_3000_4,events,same,0,0,
060F6F60,eff94_4000,high,same,3,3,
060F6FF8,effect_94_init,high,unknown,2,1,
060F70EC,effect_95_move,high,differs,13,13,
060F739E,effect_95_init,high,unknown,2,1,0x2090
060F74E4,effect_96_move,high,differs,4,5,
060F75A8,effect_96_init,events,same,1,1,
060F7690,effect_97_move,high,differs,12,9,
060F7856,effect_97_init,high,differs,3,2,0x47
060F7948,effect_98_move,high,unknown,1,1,0xffff
060F797C,EFF98_WAIT,events,unknown,0,0,
060F799C,EFF98_SLIDE_IN,events,same,2,2,
060F7B72,EFF98_SLIDE_OUT,events,unknown,0,0,
060F7B76,EFF98_SUDDENLY,events,same,1,1,
060F7C64,EFF98_KILL,medium,differs,1,2,
060F858C,effect_99_move,high,unknown,4,5,
060F867C,effect_A0_move,high,unknown,2,3,
060F8908,effect_A1_move,medium,differs,2,2,
060F8A00,effect_A5_move,high,same,5,5,0x18
060F8B24,Check_Sleep_A5,events,unknown,0,0,
060F8BC4,effect_A6_move,medium,unknown,5,5,0x78 0x7f 0xba 0xd3 0x1a5 0x277
060F9194,effect_A7_move,high,differs,11,8,0x3f 0x4b 0x7f
060F94F8,effect_A7_init,high,same,1,1,
060F95E8,effect_A8_move,medium,differs,8,5,0x11 0x16 0x19 0x44 0xffa9 0xffe9
060F96BC,effect_A9_move,high,differs,9,10,0x62
060F985C,effect_A9_init,high,unknown,3,2,
060F99D4,effect_B0_move,high,differs,7,8,
060F9AAE,effect_B0_init,high,unknown,3,2,
060F9BD8,effect_B1_move,high,unknown,5,5,0x14
060F9EB8,effB1_mark_change,events,unknown,0,0,0x14
060FA0B0,effect_B2_move,high,differs,6,7,
060FA2EE,b3_Break_Into_check,events,same,0,0,
060FA320,fight_col_chg_sub,events,same,1,1,0x52
060FA3CC,effect_B2_init,high,differs,3,4,
060FA4F8,effect_B3_move,low,unknown,7,17,
060FA97C,effect_B4_move,high,differs,6,7,
060FAA5C,effect_B4_init,medium,differs,3,2,
060FAB24,effect_B5_move,high,unknown,10,15,
060FADC4,current_name_move,events,reordered,3,2,
060FAFB4,effect_B6_move,high,unknown,3,2,
060FB390,effect_B7_move,events,differs,3,4,
060FB52C,effect_B8_move,high,unknown,4,7,0x98
060FBD2C,effect_B9_move,high,differs,5,5,
060FBF3C,effect_C0_move,high,unknown,4,5,
060FC1B4,effect_C1_move,high,differs,19,11,0x300
060FC478,effect_C2_move,high,differs,33,27,0x11
060FC734,effC2_main_process_first,high,differs,13,12,
060FCB24,effC2_main_process_second,high,same,25,25,
060FCDFC,c2_last_char_and_mvxy,events,same,3,3,
060FCE4C,c2_last_dir_select,events,same,2,2,
060FCEA4,setup_demojump,events,same,0,0,
060FCF54,check_effc2_p2_rno,events,unknown,0,0,
060FCF7E,sean_ball_move,medium,unknown,0,0,
060FCFA4,player_hosei_data,high,same,2,2,
060FD044,set_c2_quake,events,unknown,0,0,
060FD080,get_bs2_parts_data,high,same,1,1,
060FD0DE,setup_prio_ix,events,unknown,0,0,
060FD10E,set_parts_priority,events,unknown,0,0,
060FD164,setup_vital_bonus2,events,unknown,0,0,
060FD1B0,c3_new_damage,medium,unknown,0,1,
060FD2E8,bs2_sync_bomb,events,unknown,0,0,
060FD2F2,bs2_get_parts_break,medium,unknown,0,0,
060FD314,setup_parts_break,medium,unknown,0,1,
060FD3A0,setup_parts_break2,medium,unknown,0,1,
060FD4EE,check_parts_break_level,events,same,1,1,
060FD5B6,bs2_score_add_next,events,same,1,1,
060FD5FA,set_1st_Bonus_Game_result,events,same,0,0,
060FD626,set_bs2_floor,events,same,1,1,
060FD728,get_shizumi_guai,medium,unknown,0,0,
060FD762,send_to_shizumi_guai,medium,unknown,0,0,
060FD77A,effect_C2_init,high,differs,2,1,
060FD808,effect_C3_move,high,unknown,17,17,0x11
060FD9CA,set_display_car_parts,high,same,1,1,
060FDA5C,clear_parts_hit_data,medium,unknown,0,0,
060FDB0C,effC3_main_process,high,same,10,10,
060FDBE8,get_efffC3_nsc,medium,unknown,0,0,0x7daa
060FDCC0,effect_C4_move,low,unknown,3,11,
060FDF40,effect_C5_move,events,differs,17,12,0x300
060FE39C,effect_C6_move,high,differs,10,9,0x10
060FE590,effect_C7_move,medium,unknown,5,6,
060FE7D4,effect_C8_move,high,differs,10,10,
060FE996,effect_C8_init,high,unknown,2,1,
060FEA58,effect_C9_move,high,differs,15,17,
060FEFB4,effect_D0_move,high,differs,15,16,
060FF19C,d0_speed_set,medium,unknown,0,0,
060FF2CC,effect_D1_move,high,differs,14,12,
060FF456,fall_data_set,events,same,1,1,
060FF614,effect_D3_move,medium,unknown,2,1,
0610007E,effect_D3_init,manual,same,1,1,
06100100,effect_D4_move,high,same,4,4,
06100364,distance2speed,high,same,0,0,
0610050C,effect_D5_move,high,differs,10,10,
06100676,effD5_main_process,high,differs,9,9,
0610086E,cal_speeds,high,unknown,1,3,
06100952,effect_D5_init,events,same,2,2,
06100A30,my_rose_live_check,events,same,2,2,
06100AD8,effect_D6_move,high,differs,9,10,
06100C58,effect_D6_init,high,unknown,1,3,
06100D50,setup_hana_extra,events,same,3,3,
06100E10,effect_D7_move,high,differs,9,10,
06100F72,effD7_main_process,high,differs,14,15,
061013CA,cal_speeds_to_me,events,same,1,1,
061013F6,cal_speeds_to_em,events,same,1,1,
0610143A,cal_speeds_effD7,events,same,1,1,
061014A6,ball_init_position_effD7,events,same,1,1,
0610150C,screen_range_check_effD7,events,same,1,1,
06101568,effect_D7_init,events,same,2,2,
061015EA,my_ball_live_check,events,same,2,2,
061016A0,effect_D8_move,high,unknown,11,13,
061018FA,effect_D8_init,high,unknown,4,3,
06101A44,effect_D9_move,high,same,1,1,
06101C2E,effect_D9_init,high,same,1,1,
06101CE8,effect_E0_move,high,differs,11,11,0x7f
06101F5E,Setup_Char_E0,events,same,0,0,
06101F8E,effect_E0_init,high,unknown,4,3,0x2090
061020DC,effect_E1_move,high,unknown,2,2,0xffff
06102138,effect_E1_init,events,same,1,1,
06102214,effect_E3_move,low,differs,9,9,0x10 0x14 0x40 0xc0 0x200 0x50000
061025DA,setup_accessories,medium,unknown,9,15,
0610287C,effect_E4_move,low,differs,9,11,0xf00 0x50000 0x90000 0xc0000 0xd0000 0xfff7ffff
06102AF0,effect_E5_move,high,unknown,7,6,
06102E1C,setup_illusion_data,medium,unknown,1,0,
06102EF2,check_new_after_image,events,unknown,0,0,
06102F28,effect_E5_init,high,same,1,1,
0610321C,effect_E6_move,medium,differs,1,3,0x22 0x1229
06103276,effe6_0000,high,differs,3,3,0x11 0x74 0x75 0x76 0x78 0xa2
061032C0,effe6_0001,events,same,4,4,
06103310,effe6_0002,events,same,3,3,
06103388,effe6_0003,events,same,3,3,
061033E0,effe6_0004,events,same,3,3,
06103468,effe6_0005,events,reordered,5,4,
061034E6,effe6_0006,low,remapped,3,3,0x2c0
06103594,effe6_0007,high,same,5,5,0x12c 0x12d 0x12e
0610366C,effe6_0009,high,reordered,6,4,0xfffe6000
06103706,effe6_0010,high,same,4,4,0x2149
061037BC,effe6_0010_sub,medium,unknown,0,0,
06103804,effe6_0011,events,reordered,4,3,
061038B8,effe6_0012,events,reordered,6,4,
0610393A,effe6_0013,events,same,4,4,
061039EC,effe6_0014,medium,reordered,8,4,0x3c
06103B6A,effe6_0015,high,same,7,7,
06103C58,effe6_0016,events,same,6,6,
06103D36,effe6_0017,events,reordered,5,3,
06103DB8,effe6_0018,events,same,3,3,
06103E4E,effe6_0019,events,reordered,9,7,
06103F44,effe6_0020,events,unknown,3,3,0xfffe8000
06103FCE,effe6_0021,events,same,4,4,
0610405E,effe6_0022,events,same,3,3,
0610411C,effe6_0023,events,reordered,3,2,
06104198,effe6_0024,events,reordered,5,3,
06104252,effe6_0025,high,differs,5,11,
06104452,effe6_0026,high,differs,5,6,
061044BE,effe6_0027,high,differs,6,6,
06104548,effe6_0028,high,differs,5,6,
061045B0,effe6_0029,high,differs,6,6,
0610469C,effe6_0030,high,differs,6,5,0x130 0x134 0x138 0x13c 0x147 0x148
06104748,effe6_init_common,events,same,1,1,
06104776,effect_E6_init,high,unknown,2,1,0x4f 0x1229
06104858,effect_E7_move,high,unknown,4,6,
06104B5C,effect_E9_move,medium,unknown,4,6,0xff000000
06104F10,effect_F0_move,low,differs,3,4,0x1b59 0x1b5e
06105770,effect_F2_move,high,differs,8,9,
061058E4,effect_F2_init,high,unknown,2,1,
06105BE8,effect_F4_move,low,differs,0,17,
06105D7C,effect_F5_move,events,unknown,0,0,
06106158,Lose_00000,low,unknown,2,3,
06106216,Lose_10000,low,differs,8,7,0x18
06106322,Lose_20000,low,differs,7,7,0x18
06106442,Lose_30000,low,differs,8,7,0x18 0x1c
0610655E,effect_F5_init,medium,differs,0,1,
06106628,effect_F6_move,low,unknown,3,8,
061066F4,efff6_move_common,events,same,12,12,
06106A2A,effect_F6_init,high,unknown,3,2,0x30
06106E9C,effect_F8_move,high,differs,5,6,
061070E8,effect_F9_move,medium,unknown,4,5,
0610748A,efff9_wk_set,high,same,0,0,0x37
061075B0,Rewrite_End_Message,high,same,2,2,
06107800,effect_G0_move,high,unknown,5,5,
06107910,Check_Die_G0,events,unknown,0,0,
06107960,Flash_G0,medium,unknown,0,0,
06107D30,effect_G3_move,high,differs,5,6,
06107F14,effect_G4_move,high,differs,4,5,
06108138,effect_G5_move,high,unknown,7,8,
061083E4,effect_G6_move,high,remapped,2,2,
06108658,effect_G6_init,events,same,1,1,
06108724,effect_G7_move,high,differs,5,5,
06108854,effect_G8_move,high,differs,7,8,
061089D2,effg8_range_check,events,unknown,0,0,0x40 0x58
06108AC8,effect_G9_move,high,unknown,7,8,
06108C18,effect_G9_init,events,same,1,1,
06108CB4,effect_H0_move,medium,unknown,3,4,0x7eea
06108EA0,eff_h1_move,high,differs,5,7,
06108FFE,effect_H1_init,high,unknown,2,1,
061090D4,effect_H2_move,high,differs,3,4,
061091E6,effect_H2_init,events,same,1,1,
06109AD0,effect_H6_move,high,unknown,3,4,0x1e 0x3c 0xff81 0xffff
0610AB48,effect_H9_move,medium,unknown,6,5,
0610ADC4,effect_I0_move,high,unknown,11,12,
0610AFE6,Pause_Check,low,unknown,4,7,
0610B1E4,effect_I3_move,high,same,1,1,
0610B310,effect_I3_init,events,same,1,1,
0610B398,effect_I4_move,high,unknown,5,6,
0610B8B8,effect_I6_move,medium,differs,4,4,
0610B91E,effi6_line_move,events,same,1,1,
0610B962,effect_I6_init,high,unknown,2,1,
0610BA40,effect_I7_move,high,differs,7,8,
0610BB86,effI7_pos_hosei,medium,unknown,0,0,
0610BC80,effect_I8_move,high,differs,9,10,
0610BDE6,effI8_main_process,high,differs,18,17,
0610C2A2,cal_speeds_to_me_effI8,events,same,2,2,
0610C2E4,cal_speeds_to_em_effI8,events,same,1,1,
0610C332,check_ball_mizushibuki,high,unknown,0,3,0x15 0x18f
0610C540,effect_I9_move,high,same,6,6,
0610C65C,push_image_buff,events,same,0,0,
0610C694,init_image_buff,events,same,0,0,
0610C6B6,effect_I9_init,events,same,3,3,
0610C7AC,effect_J0_move,medium,differs,3,3,
0610C8E8,effect_J0_init,high,same,1,1,
0610C9E0,effect_J2_move,medium,unknown,2,4,
0610CBD0,effect_78_move,high,differs,7,6,
0610CD40,effect_J4_move,medium,unknown,2,3,0xe0
0610D240,effect_J6_move,high,differs,9,7,
0610D344,effect_j6_hit_sub,events,same,2,2,
0610D424,effect_J7_move,high,unknown,7,7,0x10
0610D688,effect_J7_init,high,same,1,1,
0610D728,effect_J8_move,high,differs,6,7,
0610D7BC,dragonfly_move,events,unknown,0,0,
0610D804,dragonfly_l_move_0,high,same,1,1,
0610D87C,dragonfly_l_move_1,events,same,2,2,
0610D892,dragonfly_l_move_2,events,unknown,4,4,0x18
0610D8E4,dragonfly_l_move_3,events,unknown,6,6,0x18
0610D946,dragonfly_l_move_4,events,same,2,2,
0610D994,dragonfly_l_move,high,differs,8,9,
0610DA3C,dragonfly_r_move_0,high,unknown,1,1,0x20
0610DA7A,dragonfly_r_move_1,events,same,2,2,
0610DAA8,dragonfly_r_move_2,events,same,4,4,
0610DAFA,dragonfly_r_move_3,events,same,6,6,
0610DB5C,dragonfly_r_move_4,events,same,2,2,
0610DB8E,dragonfly_r_move,high,differs,8,9,
0610DC52,dragonfly_move_0000,high,same,5,5,0xcd3b
0610DD36,dragonfly_move_0001,high,differs,10,11,
0610DE26,dragonfly_move_0004,high,same,5,5,
0610DEF0,dragonfly_move_0005,high,differs,9,10,
0610DFC4,dragonfly_stop_timer,high,same,1,1,
0610E000,dragonfly_line_set,high,same,1,1,
0610E058,dragonfly_move_next,medium,unknown,0,0,
0610E17C,effect_J9_move,high,differs,9,7,0x11 0x21ff
0610E2C0,get_c2_quake,medium,same,0,0,
0610E2DC,effect_J9_init,high,same,1,1,
0610E7CC,effect_K2_move,high,unknown,7,7,
0610E9C8,effK2_parts_move_type_0,events,same,5,5,
0610EA48,effK2_parts_move_type_1,high,unknown,7,9,
0610EBD2,effK2_parts_move_type_2,high,same,6,6,
0610EC48,effK2_parts_move_type_3,high,same,6,6,
0610ECE8,effK2_parts_move_type_4,events,same,3,3,
0610ED5E,effK2_parts_move_type_5,events,same,1,1,
0610ED86,effK2_parts_move_type_6,events,same,4,4,
0610EE0C,effK2_parts_move_type_7,events,same,1,1,
0610EE54,effK2_parts_move_type_8,high,unknown,7,9,
0610F034,effect_K2_init,events,same,2,2,
0610F0F0,setup_effK2,events,same,1,1,
0610F158,setup_effK2_sync_bomb,events,same,1,1,
0610F230,illegal_setup_effK2,events,same,1,1,
0610F278,effect_K3_move,high,differs,8,9,
0610F3A4,set_init_posspeed_effK3,high,same,7,7,0x20
0610F4B2,effect_K3_init,events,same,1,1,
0610F554,setup_effK3,events,same,1,1,
0610F5C4,effect_K4_move,high,differs,9,10,
0610F70E,get_init_position_effK4,events,same,2,2,
0610F76A,get_init_speed_and_timer_effK4,high,same,5,5,
0610F8F6,setup_effK4,events,unknown,0,0,
0610F910,effect_K5_move,high,unknown,11,11,
0610FA6E,get_okuri_time,high,unknown,1,5,
0610FCD0,K5_decode_new_hit_index,events,same,6,6,
06110042,decode_mvsw,medium,same,0,0,
061100AA,get_table_adrs_K5,medium,unknown,0,0,
06110114,init_K5_work,medium,unknown,0,0,
06110160,get_master_table_address,medium,unknown,0,0,
06110174,K5_init_data,events,same,2,2,
06110210,K5_init_data_copy,events,unknown,0,0,
06110254,K5_init_data_copy2,events,unknown,0,0,
0611028E,get_cal_work,high,same,1,1,
061103C4,effect_K6_move,high,unknown,2,1,0xffff
061103F8,EFFK6_WAIT,events,unknown,0,0,
06110418,EFFK6_SLIDE_IN,high,reordered,3,2,0x19
061105BE,EFFK6_SLIDE_OUT,high,differs,2,3,
0611067A,EFFK6_SUDDENLY,high,same,4,4,
06110780,EFFK6_KILL,medium,differs,1,2,
061107EC,EFFK6_MOVE,high,differs,3,4,
0611097E,effect_K6_init,high,unknown,4,3,0x2090
06110A54,Setup_1st_PosK6,high,reordered,4,3,
06110B68,Get_PosK6,high,differs,3,2,
06110CAA,Setup_CharK6,medium,same,0,0,
06110D02,Setup_K6_Index,events,same,0,0,
06110D74,chkNameSuv,events,unknown,0,0,0x14
06110DA8,effect_K7_move,low,unknown,3,13,
061112BE,K7_mt0_rebirth_check,events,unknown,0,0,
06111328,effect_K7_init,high,same,1,1,
061113B8,effect_K8_move,high,differs,10,4,0x62
06111564,effect_K9_move,high,unknown,5,4,0x36 0x70 0x7f
06111704,effect_L0_move,high,same,1,1,
061117F4,effect_L0_init,events,same,2,2,
0611186C,effect_L1_move,medium,unknown,4,4,0x90
06111A98,effL1_w_win_init,high,same,1,1,
06111B6A,effL1_w_grade_init,high,unknown,2,2,0x6ed7
06111C30,effL1_k_grade_init,high,same,0,0,
06111CEC,effL1_w_score_init,high,same,1,1,
06111DC4,effL1_w_graph_init,high,unknown,1,3,
06111F3C,effL1_k_graph_init,high,unknown,2,4,
061120E4,effL1_f_stage_p_init,medium,unknown,0,0,
061122A8,effL1_f_stage_r_init,medium,differs,0,0,0x12 0x14 0x15
06112450,effL1_f_grade_init,high,differs,0,0,0x40 0x6ed7
061124F0,effL1_f_mk_spp_init,low,differs,0,0,0x6f0f 0x6f10 0x6f11
061128FA,effL1_f_mk_all_init,medium,unknown,0,0,
061129E8,effL1_f_kz_cont_init,high,same,1,1,
06112A6E,effL1_f_kz_spp_init,high,same,1,1,
06112B34,effL1_f_score_init,high,same,1,1,
06112BDA,effL1_suuchi_bunkai_sub,medium,unknown,0,2,
06112C94,effect_L2_move,high,differs,8,8,
06112DE4,effl2_dir_check,high,same,1,1,
06112FC8,effect_L3_move,events,differs,2,3,
0611303A,effl3_0000,events,same,8,8,
0611314A,effl3_0001,events,same,10,10,0x20
06113264,effl3_tobi,high,differs,7,10,
061135B4,effect_L4_move,medium,differs,6,5,0xd0 0xffff
061136F8,effect_L5_move,medium,differs,5,4,
06113760,hukuromoji_move,high,same,3,3,
0611386E,effect_L5_init,high,unknown,2,1,0x52
06113938,effect_L6_move,high,differs,5,6,
0611398E,effl6_flont,events,same,8,8,
06113A82,effl6_back,events,same,8,8,
06113D54,effect_L7_move,high,differs,3,4,
06113DD0,effl7_move,high,same,14,14,
061141AC,effect_L8_move,high,unknown,5,5,
0611433A,get_new_color_data_L8,medium,unknown,1,0,
0611438A,save_old_color_data,events,unknown,0,0,
061143AC,load_old_color_data,events,unknown,0,0,
061143CE,effect_L8_init,high,same,1,1,
06114460,effect_L9_move,high,differs,4,5,
06114668,animal_init,low,differs,0,4,
061147E0,animal_control,events,unknown,0,0,
06114826,animal_0000,events,same,7,7,
061148F4,animal_0001,events,same,4,4,
06114984,animal_0002,events,same,6,6,
06114A34,animal_0004,events,same,6,6,
06114B24,animal_0005,events,same,10,10,
06114C44,mouse_run_set,events,same,1,1,
06114C72,mouse_stand_set,events,same,1,1,
06114C92,cat_run_set,events,same,1,1,
06114CC0,cat_run_set2,events,same,1,1,
06114CEE,cat_walk_set,events,same,1,1,
06114D4A,don_run_set,events,same,1,1,
06114D78,effect_M0_init,high,unknown,2,1,0x3a
06114E08,effect_M1_move,high,differs,4,5,
06114E9E,effm1_move,high,same,9,9,
06115110,effect_M2_move,high,differs,5,6,
061151A6,effm2_move,events,same,6,6,
061152AC,effm2_move2,events,reordered,10,9,
061154E8,effect_M3_move,medium,unknown,3,5,0x10 0x3c 0x90
06115724,effect_M3_init,events,same,1,1,
061158F4,effect_M5_move,events,differs,17,12,0x300
06115D34,effect_M6_move,high,differs,9,9,
06115EFC,effect_M7_move,events,differs,3,4,
06115F3E,effm7_move,high,same,9,9,
06116114,effect_M7_init,high,unknown,2,1,
0611626C,effect_M8_move,high,unknown,4,5,
061163AC,effm8_move_win,high,unknown,2,1,
061163F8,effect_M8_init,high,unknown,7,4,
06116980,plcnt_init,events,same,1,1,
061169C0,init_app_10000,high,unknown,2,2,
06116A52,init_app_20000,high,unknown,2,3,
06116C6C,pli_0000,high,unknown,3,4,
06116DF0,plcnt_move,high,differs,9,8,0x19 0x1a 0x1b 0x1c
06116F64,plcnt_die,high,same,1,1,
06116FA4,settle_type_00000,high,same,4,4,
06117164,settle_type_10000,high,same,3,3,
0611721A,settle_type_20000,high,same,4,4,
06117352,settle_type_30000,high,same,2,2,
06117446,settle_type_40000,high,differs,5,6,
061177C6,move_player_work,medium,unknown,11,15,
06117A4A,check_damage_hosei,high,reordered,4,3,
06117B1C,check_damage_hosei_nage,high,same,2,2,
06117BF4,check_damage_hosei_dageki,medium,unknown,0,0,
06117C26,time_over_check,high,differs,3,4,
06117C9E,will_die,events,unknown,0,0,
06117CCC,setup_settle_rno,events,unknown,0,0,
06117D28,settle_check,high,same,10,10,
06117E66,check_sa_resurrection,high,same,1,1,
06117E8C,check_sa_type_rebirth,medium,differs,0,0,0x40000000 0x80000000
06117EAE,nekorobi_check,events,unknown,0,0,
06117EE2,footwork_check,manual,unknown,0,0,
06117F6E,set_quake,events,unknown,0,0,
06117FA4,add_next_position,medium,unknown,0,0,
06117FD0,setup_gouki_wins,medium,unknown,0,0,
06118290,setup_base_and_other_data,high,differs,16,9,
06118312,setup_any_data,high,differs,9,9,
061183A0,set_base_data,high,differs,4,3,
06118460,set_base_data_metamorphose,high,same,3,3,
061184D0,set_base_data_tiny,high,same,3,3,
0611853E,set_player_shadow,events,same,0,0,
0611856C,setup_other_data,medium,unknown,4,7,
061185CE,clear_chainex_check,events,unknown,0,0,0x24
06118654,clear_kizetsu_point,medium,unknown,0,0,
06118680,remake_sa_gauge_len,events,remapped,0,0,
061186F8,clear_super_arts_point,medium,unknown,0,0,
06118A80,plcnt_b_init,high,differs,7,11,
06118BF6,plcnt_b_move,high,same,3,3,
06118CFC,plcnt_b_die,high,same,4,4,
06118DAE,footwork_check_bns,events,unknown,0,0,0x14
06118E18,setup_bs_scrrrl_bs,medium,same,0,0,
06118EEC,setup_bs_scrrrl_bs2,high,same,1,1,
06118F3C,move_player_work_bonus,medium,unknown,6,16,0x14
06119468,plcnt_b2_move,high,same,1,1,
061194CA,plcnt_b2_die,high,same,4,4,
061197BC,player_mv_0000,low,differs,11,7,0x20000 0x40000 0x60000
061198D6,player_mv_1000,high,unknown,9,8,
061199A0,plmv_1010,medium,unknown,0,0,
061199C8,plmv_1020,high,unknown,3,2,
06119A12,player_mv_2000,high,unknown,2,1,
06119A58,player_mv_3000,high,unknown,3,2,
06119A6C,player_mv_4000,high,unknown,6,5,
06119B02,check_hit_stop,high,same,4,4,
06119C6C,select_hit_stop,events,unknown,0,0,
06119D4A,look_after_timers,medium,differs,1,1,
0611A032,mpg_union,medium,unknown,1,0,
0611A14E,eag_union,medium,unknown,1,0,
0611A4A8,demo_set_sa_full,medium,unknown,0,0,
0611A4D2,get_saikinnno_idouryou,high,same,1,1,
0611A550,clear_attack_num,medium,unknown,0,0,
0611A57A,clear_tk_flags,medium,unknown,0,0,
0611A750,player_mvbs_0000,high,unknown,8,8,
0611A86E,player_mvbs_1000,high,same,6,6,0x14
0611A956,plmv_b_1010,events,unknown,0,0,0x14
0611A984,plmv_b_1020,events,same,2,2,
0611A9E8,player_mvbs_2000,events,unknown,1,1,0x14
0611AA22,player_mvbs_3000,events,same,1,1,
0611AA28,player_mvbs_4000,high,unknown,5,6,
0611AAF8,check_lever_data,events,unknown,0,0,
0611AB2E,TO_nm_01000,events,same,1,1,
0611AB44,TO_nm_36000,events,same,1,1,
0611AB5A,TO_nm_09000,events,same,1,1,
0611AB70,TO_nm_37000,events,same,1,1,
0611AB9E,TO_nm_18000_01,events,same,1,1,
0611ABB6,nm_00000,events,unknown,0,0,
0611ABC4,nm_01000,high,unknown,17,18,
0611AC84,nm_02000,high,unknown,17,18,
0611ADE8,nm_03000,high,unknown,16,17,
0611AEAE,nm_05000,events,same,2,2,
0611AF18,nm_07000,high,unknown,17,18,
0611B02C,nm_08000,high,unknown,17,19,
0611B10E,nm_09000,high,unknown,16,18,
0611B218,nm_10000,high,unknown,15,16,
0611B328,nm_16000,events,same,8,8,
0611B3C0,nm_17000,high,same,7,7,0x800000
0611B474,check_jump_rl_dir,events,same,1,1,
0611B4A8,set_new_jpdir,events,unknown,0,0,
0611B4F4,nm_18000,events,same,11,11,
0611B5AC,jumping_cg_type_check,high,differs,80,74,
0611BB00,jumping_guard_type_check,events,same,0,0,
0611BB2A,nm_27000,high,unknown,17,21,
0611BCD8,nm_29000,high,unknown,16,17,
0611BE08,nm_31000,events,same,12,12,
0611BF00,nm_34000,events,same,3,3,
0611BF48,nm_36000,high,same,2,2,
0611BFBA,nm_37000,high,same,1,1,
0611BFF8,nm_38000,high,differs,11,9,
0611C068,nm_39000,high,same,1,1,
0611C0A0,nm_40000,events,same,0,0,
0611C0E8,nm_42000,high,unknown,1,2,
0611C120,nm_45000,events,same,13,13,
0611C214,nm_48000,events,same,1,1,
0611C22A,nm_49000,events,same,1,1,
0611C22E,nm_51000,events,unknown,0,0,
0611C232,nm_52000,events,same,4,4,
0611C266,nm_55000,events,same,1,1,
0611C278,nm_57000,events,same,1,1,
0611C28A,process_normal,events,unknown,0,0,
0611C2AA,dm_00000,events,same,2,2,
0611C2EA,dm_04000,high,differs,6,4,
0611C39C,dm_08000,high,unknown,2,3,
0611C3FA,dm_17000,events,same,1,1,
0611C41A,dm_18000,high,same,3,3,
0611C4CA,dm_25000,events,same,2,2,
0611C504,process_catch,events,same,4,4,
0611C5C6,process_caught,events,unknown,0,0,
0611C5CE,process_attack,events,same,12,12,
0611C6F6,check_cg_cancel_data,high,differs,10,9,0x19 0x9f 0xbf 0xf8 0x400000
0611C87C,sa_stop_check,events,unknown,0,0,
0611C89C,check_my_tk_power_off,events,same,0,0,
0611C8E8,check_em_tk_power_off,medium,unknown,0,0,
0611C958,check_ukemi_flag,events,unknown,0,0,
0611C962,check_rl_flag,events,unknown,0,0,
0611C988,set_rl_waza,medium,unknown,0,0,0x14
0611C9FC,check_rl_on_car,medium,unknown,0,0,0x14
0611CA98,saishin_bs2_area_car,medium,unknown,0,0,
0611CB00,saishin_bs2_on_car,events,unknown,0,0,
0611CB22,check_air_jump,events,same,1,1,
0611CBE0,check_sankaku_tobi,high,same,1,1,
0611CC86,check_extra_jump_timer,medium,same,0,0,
0611CCE2,remake_sankaku_tobi_mvxy,high,unknown,1,3,0xffff7800
0611CDA0,check_F_R_dash,manual,unknown,1,1,0x14
0611CEA4,check_jump_ready,manual,same,1,1,
0611CF04,check_hijump_only,manual,same,1,1,
0611CF76,check_bend_myself,manual,unknown,0,0,
0611CF9C,check_F_R_walk,manual,unknown,0,0,
0611D03E,check_turn_to_back,manual,differs,2,1,
0611D0BA,check_hurimuki,manual,unknown,0,0,
0611D0E4,check_walking_lv_dir,manual,same,0,0,
0611D1B0,check_stand_up,events,unknown,0,0,
0611D1D6,check_defense_lever,high,same,2,2,0x10
0611D226,check_em_catt,events,unknown,0,0,
0611D284,check_attbox_dir,events,same,3,3,
0611D344,check_defense_kind,events,same,5,5,
0611D41C,jumping_union_process,events,unknown,6,6,0x14
0611D51E,check_floor,events,unknown,0,0,
0611D55C,check_ashimoto,events,same,1,1,
0611D58C,check_floor_2,medium,unknown,1,1,
0611D5D6,check_ashimoto_ex,events,same,1,1,
0611D610,add_to_mvxy_data,events,same,0,0,
0611D66E,setup_move_data_easy,events,unknown,0,0,
0611D6B0,setup_mvxy_data,medium,unknown,1,0,
0611D7A4,setup_butt_own_data,medium,unknown,1,0,0x30
0611D82C,get_weight_point,events,unknown,0,0,
0611D83C,cal_mvxy_speed,events,unknown,0,0,
0611D928,add_mvxy_speed,events,unknown,0,0,
0611D95C,add_mvxy_speed_exp,medium,unknown,0,2,
0611D9AA,add_mvxy_speed_no_use_rl,events,unknown,0,0,
0611D9CA,add_mvxy_speed_direct,events,unknown,0,0,
0611D9F2,reset_mvxy_data,medium,unknown,0,0,
0611DAA0,remake_mvxy_PoSB,medium,unknown,0,1,
0611DBA4,check_body_touch,high,same,3,3,
0611DCBE,meri_case_switch,high,unknown,0,1,0x20 0x40
0611DD34,check_body_touch2,events,same,5,5,
0611DEDA,hoseishitemo_eenka,events,same,1,1,
0611DF72,get_sel_hosei_tbl_ix,events,unknown,0,0,
0611DF7C,check_work_position_bonus,events,unknown,0,0,
0611DFB8,set_field_hosei_flag,medium,unknown,0,0,
0611E056,check_work_position,events,unknown,0,0,
0611E0D6,random_32,manual,same,0,0,
0611E0EE,random_16,manual,same,0,0,
0611E106,random_32_ex,manual,same,0,0,
0611E11E,random_16_ex,manual,unknown,0,0,
0611E136,get_guard_direction,medium,unknown,0,0,0x4000000
0611E186,cal_attdir,events,unknown,0,0,
0611E19E,cal_attdir_flip,events,unknown,0,0,
0611E1D0,get_kind_of_head_dm,events,unknown,0,0,
0611E1E8,get_kind_of_trunk_dm,events,unknown,0,0,
0611E200,setup_vitality,medium,unknown,0,1,
0611E27C,cal_dm_vital_gauge_hosei,medium,unknown,0,5,
0611E396,set_hit_stop_hit_quake,medium,unknown,0,0,
0611E3C4,add_sp_arts_gauge_init,high,unknown,2,2,0x20000000
0611E478,add_sp_arts_gauge_guard,events,same,2,2,
0611E510,add_sp_arts_gauge_hit_dm,high,unknown,3,5,
0611E5D8,cal_sa_gauge_waribiki,events,same,0,0,
0611E652,add_sp_arts_gauge_paring,medium,differs,2,1,
0611E6CE,add_sp_arts_gauge_tokushu,high,same,1,1,
0611E752,add_sp_arts_gauge_ukemi,high,same,1,1,
0611E7B4,add_sp_arts_gauge_nagenuke,high,same,1,1,
0611E834,add_super_arts_gauge,medium,unknown,0,2,
0611E926,check_buttobi_type,events,same,2,2,
0611E974,check_buttobi_type2,events,same,2,2,
0611E996,setup_saishin_lvdir,medium,unknown,0,0,0x2000
0611E9F6,setup_lvdir_after_autodir,events,unknown,0,0,
0611EA24,dead_voice_request,events,same,2,2,
0611EA78,dead_voice_request2,events,same,0,0,
0611EBF0,hissatsu_setup_union,medium,unknown,0,0,
0611EC1A,check_full_gauge_attack,high,unknown,10,6,0x14 0x26 0x800000
0611F0E0,check_full_gauge_attack2,high,unknown,10,6,0x14 0x26 0x800000
0611F5C8,check_super_arts_attack,low,unknown,3,6,
0611FA18,execute_super_arts,high,unknown,8,6,0x14 0x26
0611FC74,check_special_attack,high,unknown,19,13,0x14 0x200 0x400000
061202AE,check_leap_attack,high,same,2,2,0x14
06120378,check_nm_attack,high,unknown,24,14,
0612080E,check_chouhatsu,high,same,2,2,
06120982,check_catch_attack,high,same,2,2,
06120B62,set_attack_routine_number,events,unknown,0,0,
06120B7E,get_nearing_range,events,same,1,1,
06120C00,waza_select,low,differs,2,0,
06120D8A,decode_wst_data,high,same,10,10,
06120F7E,get_em_body_range,events,unknown,1,1,0x14
0612100E,cmd_ex_check,events,unknown,0,0,
0612103A,shot_data_convert,events,unknown,0,0,
061210DC,renbanshot_conpaneshot,events,unknown,0,0,
061210EC,datacmd_conpanecmd,medium,same,0,0,
06121100,check_renda_cancel,high,same,1,1,
0612125C,check_meoshi_cancel,high,same,7,7,
06121476,get_meoshi_lever,medium,unknown,0,0,
06121482,get_meoshi_shot,medium,same,0,0,
061214A4,Player_normal,medium,differs,4,4,
061214FC,setup_normal_process_flags,medium,same,0,0,
06121582,Normal_00000,events,same,1,1,
06121588,Normal_01000,events,same,2,2,
061215EC,Normal_02000,events,same,2,2,
0612162C,Normal_03000,events,same,6,6,
061216A2,Normal_04000,events,same,6,6,
06121724,Normal_05000,events,same,1,1,
06121760,nm_05_0000,events,same,6,6,
061217DC,nm_05_0100,events,same,9,9,
061218C4,Normal_06000,events,same,1,1,
06121900,nm_06_0000,events,same,2,2,
06121950,nm_06_0100,events,same,6,6,
061219CC,nm_06_0200,events,same,9,9,
06121AA2,Normal_07000,events,same,2,2,
06121ADE,Normal_08000,events,same,2,2,
06121B1A,Normal_09000,events,same,2,2,
06121B68,Normal_10000,events,same,2,2,
06121CCE,Normal_16000,events,same,2,2,
06121D16,Normal_17000,events,same,2,2,
06121D70,Normal_18000,events,unknown,6,6,0x12
06121DFE,Normal_18000_init_unit,events,same,3,3,
06121E50,Normal_27000,events,same,2,2,
06121EC0,Normal_31000,manual,unknown,5,5,0x1b
06122046,Normal_35000,high,differs,9,7,
06122148,Normal_36000,events,same,1,1,
06122160,Normal_37000,events,same,1,1,
06122178,Normal_38000,events,same,3,3,
061221C0,Normal_39000,events,same,2,2,
061221F0,Normal_40000,low,differs,3,1,
061221FC,Normal_41000,low,differs,3,1,
0612222C,Normal_42000,high,same,10,10,
0612238C,Normal_47000,high,same,10,10,0x2f
061224EA,Normal_48000,high,same,10,10,
061225D8,Normal_50000,high,same,7,7,
0612268C,Normal_51000,events,same,1,1,
061226CC,Normal_52000,high,same,7,7,
06122768,Normal_53000,high,unknown,8,10,0x12
06122888,Normal_54000,high,same,3,3,
0612293A,Normal_55000,events,same,6,6,
061229DC,make_nm55_init_sp,high,unknown,2,4,
06122A7C,Normal_56000,events,same,4,4,
06122B08,nm56_char_select,events,same,4,4,0xcb
06122B90,Normal_57000,events,same,8,8,
06122C60,nm57_dir_select,events,unknown,2,2,0xcb
06122CB8,Normal_58000,events,same,4,4,
06122E00,Damage_00000,high,same,2,2,
06122E98,Damage_01000,high,same,9,9,
06122F7C,Damage_04000,high,unknown,10,9,
061230D0,Damage_07000,medium,differs,12,12,
06123396,Damage_12000,high,same,11,11,
06123542,Damage_14000,high,same,6,6,
06123616,Damage_16000,events,same,9,9,
06123716,Damage_17000,high,unknown,12,12,0x200000
061238A8,Damage_18000,events,same,13,13,
061239AE,Damage_19000,events,same,11,11,
06123AAE,Damage_20000,events,same,9,9,
06123B70,Damage_21000,high,same,6,6,
06123C1C,Damage_23000,events,same,9,9,
06123CC8,Damage_24000,high,reordered,8,7,
06123DFC,Damage_25000,high,differs,8,6,
06123F68,Damage_26000,high,unknown,10,12,0x50
0612409E,Damage_27000,high,same,5,5,
06124144,Damage_28000,events,same,9,9,
061241D0,Damage_29000,high,same,11,11,
061243F4,Damage_30000,high,differs,19,18,
06124576,Damage_31000,high,same,14,14,
061247AC,first_flight_union,high,unknown,4,5,
0612483A,first_TtktV_union,high,unknown,6,7,
061248EE,buttobi_chakuchi_cg_type_check,high,remapped,7,6,
061249E8,buttobi_add_y_check,events,unknown,0,0,
06124A14,setup_smoke_type,events,same,1,1,0xff
06124A6C,add_dm_step_tbl,events,unknown,0,0,
06124AA4,check_dmpat_to_dmpat,events,unknown,0,0,
06124AA8,set_dm_hos_flag_sky,medium,same,0,0,0x3b
06124B2A,set_dm_hos_flag_grd,medium,unknown,0,0,0x3b
06124B64,get_sky_dm_timer,medium,unknown,0,0,
06124BC4,subtract_dm_vital,manual,same,3,3,
06124D16,subtract_dm_vital_aiuchi,high,unknown,4,2,
06124E4C,get_damage_reaction_data,high,unknown,5,4,0x2000000
06124FF4,setup_kuzureochi,high,same,1,1,
06125044,setup_kuuchuu_nmdm,events,same,3,3,
061252C2,Catch_00000,events,unknown,0,0,
061252C6,Catch_01000,events,same,3,3,
06125306,Catch_02000,events,same,3,3,
0612534E,Catch_03000,events,same,4,4,
061253B0,Catch_04000,high,reordered,12,11,
0612549C,Catch_05000,high,reordered,10,9,
061255A8,Catch_06000,high,unknown,5,4,
06125602,Catch_07000,high,reordered,17,16,
06125734,cat07_running_check,events,same,2,2,
06125784,Catch_08000,events,same,3,3,
06125800,subtract_cu_vital,high,unknown,5,3,
0612590C,catch_cg_type_check,high,unknown,10,8,
06125A44,set_char_move_init_ca,high,unknown,1,1,0xff
06125E90,scdmd_12000,events,same,3,3,
06125EF4,scdmd_14000,events,same,1,1,
06125F14,scdmd_16000,events,same,2,2,
06125F42,scdmd_17000,events,same,2,2,
06125F72,scdmd_18000,events,same,4,4,
06126004,scdmd_19000,events,same,2,2,
06126032,scdmd_20000,events,same,1,1,
06126038,scdmd_21000,events,same,1,1,
06126058,scdmd_23000,events,same,1,1,
0612606C,scdmd_24000,medium,unknown,0,0,
0612607A,scdmd_25000,events,unknown,0,0,
0612607E,scdmd_26000,events,same,1,1,
06126084,scdmd_27000,events,same,1,1,
061260A4,scdmd_28000,events,same,2,2,
061260D4,scdmd_29000,events,unknown,0,0,
061260D8,scdmd_30000,events,same,2,2,
06126106,scdmd_31000,events,same,1,1,
0612621A,Attack_00000,high,same,5,5,
061262AA,Attack_01000,high,same,9,9,
06126364,Attack_02000,high,same,11,11,
06126410,Attack_03000,high,same,11,11,
06126550,ja_nmj_rno_change,medium,same,0,0,
061265D2,check_ja_nmj_dummy_RTNM,high,same,1,1,
061266BC,get_cjdR,medium,same,0,0,
06126746,Attack_04000,events,same,5,5,
061267DC,Attack_05000,events,same,8,8,
06126884,Attack_06000,events,same,1,1,
0612688E,Attack_07000,events,same,4,4,
0612691C,Attack_08000,events,same,8,8,
06126A38,Attack_09000,high,same,8,8,
06126B10,Attack_10000,high,unknown,8,10,
06126CA8,Attack_14000,events,same,4,4,
06126D0E,Attack_15000,events,same,7,7,
06126DF4,get_cancel_timer,events,unknown,0,0,
06126E14,hoken_muriyari_chakuchi,events,unknown,0,0,0x14
06126E6C,Att_DUMMY,events,unknown,0,0,
06126E70,Att_METAMOR_WAIT,high,same,4,4,
06126F00,Att_METAMOR_REBIRTH,high,same,6,6,
0612707A,Att_HADOUKEN,events,same,1,1,
06127084,Att_HADOUKEN2,events,same,3,3,
061270F6,Att_NM_OKIAGARI,events,same,2,2,
06127130,Att_SHOURYUUKEN,high,same,11,11,
06127236,Att_SENPUUKYAKU,events,same,9,9,
06127334,Att_SENPUUKYAKU2,events,same,8,8,
061273D8,Att_ABISEGERI,events,same,10,10,
061274E6,Att_SHOURYUUREPPA,high,same,10,10,
06127640,Att_SHINSHOURYUUKEN,high,same,7,7,
06127700,Att_KUUCHUUNICHIRINSHOU,events,same,5,5,
061279F0,Att_TENSHINSENKYUUTAI,high,same,19,19,
06127BF4,Att_CHOUCHUURENGEKI,events,same,8,8,
06127C8E,Att_SLIDE_and_JUMP,events,same,15,15,
06127E60,Att_JINNCHUUWATARI,medium,unknown,7,11,
06127F2A,Att_HOMING_JUMP,medium,unknown,6,9,
06128176,Att_MOONSALT_KNEE_DROP,events,same,7,7,
061282B4,Att_RESURRECTION,events,same,7,7,
06128390,get_life_add_point,events,unknown,0,0,0x14
061283AC,Att_PL00_TOKUSHUKOUDOU,events,same,6,6,
061284AA,Att_JYOUKA,medium,differs,26,12,0x58 0xffffa000
0612864A,Att_PL01_DDT,high,same,8,8,
06128774,Att_PL01_TOKUSHUKOUDOU,events,same,5,5,
06128872,Att_DENJINHADOUKEN,high,differs,4,3,
0612891C,Att_PL02_TOKUSHUKOUDOU,high,unknown,6,7,
06128A22,Att_PL03_TOKUSHUKOUDOU,events,same,5,5,
06128B26,Att_PL04_TOKUSHUKOUDOU,events,same,5,5,
06128BFA,Att_PL05_TOKUSHUKOUDOU,events,same,5,5,
06128CD2,Att_PL06_HASHIRI_NAGE,events,reordered,21,19,
06128F0E,Att_PL06_TOKUSHUKOUDOU,events,same,5,5,
06129188,Att_PL07_SA2,events,same,9,9,
06129368,Att_PL07_AT1,high,same,12,12,
06129484,Att_PL07_AT2,high,same,9,9,
06129534,Att_PL07_AT3,events,same,4,4,
061295C6,Att_PL07_SA3,events,same,5,5,
06129658,Att_PL07_TOKUSHUKOUDOU,events,same,12,12,
061297F2,Att_PL08_HEALING,high,differs,4,3,
06129900,Att_PL08_TOKUSHUKOUDOU,events,same,6,6,
061299D2,Att_SP_YAGYOUDAMA,high,same,8,8,
06129B00,set_tenguiwa,high,differs,6,4,
06129CF6,Att_PL09_TOKUSHUKOUDOU,high,unknown,6,7,
06129E0E,Att_JINNCHUUWATARI_EX,high,same,8,8,
06129F04,mvxy_table_reader,high,same,6,6,
0612A120,Att_PL09_EX_TENGUIWA,events,same,3,3,
0612A1A0,Att_PL09_EX_KISHINRIKI,events,same,8,8,
0612A28E,Att_PL10_TOKUSHUKOUDOU,high,same,5,5,
0612A4B4,Att_PL10_MACH_SLIDE2,events,same,11,11,
0612A656,Att_PL11_TOKUSHUKOUDOU,events,same,5,5,
0612A72E,Att_PL12_TOKUSHUKOUDOU,high,reordered,13,11,
0612A8B0,Att_PL12_BONUS_STAGE,high,same,5,5,
0612A9AA,Att_MOONSALT_KNEE_DROP2,events,same,7,7,
0612ABE0,Att_PL13_TOKUSHUKOUDOU,events,same,5,5,
0612ACE6,Att_PL14_AT1,events,same,13,13,
0612AE9A,Att_KUUCHUUJINNCHUUWATARI,events,reordered,7,6,
0612AF8A,Att_PL14_AT3,events,same,17,17,
0612B238,Att_PL14_TOKUSHUKOUDOU,events,same,5,5,
0612B33A,Att_PL16_TOKUSHUKOUDOU,high,unknown,6,7,
0612B472,Att_PL17_AT1,high,same,26,26,
0612B79E,set_kabe_move_spd,events,same,2,2,
0612B802,kabe_check,events,same,1,1,
0612B86A,Att_PL17_AT2,events,same,4,4,
0612B8E4,Att_PL17_TOKUSHUKOUDOU,high,unknown,6,7,
0612BA2E,Att_PL18_NINGENBAKUDAN,high,same,3,3,0x14
0612BB94,Att_PL18_TOKUSHUKOUDOU,high,unknown,6,7,
0612BCB2,Att_METAMORPHOSE,high,same,7,7,
0612BD5C,Att_SA__D_R_A,high,reordered,15,14,
0612BF9C,Att_EX__D_R_A,events,reordered,12,11,
0612C168,Att_KUUCHUUHISSATU,events,same,10,10,
0612C2C4,Att_AIRDASH,high,reordered,19,17,
0612C544,kabe_check3,events,same,1,1,
0612C580,Att_pl19_TOKUSHUKOUDOU,high,reordered,9,8,
0612C662,Att_AIR_A_X_E,high,same,7,7,0x40
0612C76C,get_lever_dir,events,unknown,0,0,
0612C7C2,Att_PL20_AT1,high,same,13,13,
0612C926,Att_PL20_AT2,events,same,14,14,
0612CA7E,Att_PL20_AT3,high,same,13,13,
0612CBE2,Att_PL20_TOKUSHUKOUDOU,events,same,6,6,
0612DB8C,sbcd,medium,same,0,0,
0612DD48,Family_Set_W,events,unknown,0,0,
0612E0A8,Bg_On_W,medium,unknown,0,1,
0612E118,Bg_Off_W,medium,unknown,0,1,
0612E51C,Scrn_Move_Set,events,same,0,0,
061376C6,suzi_offset_set,events,differs,1,0,
061394D0,SsRequest,medium,unknown,3,1,
0613A182,SsRequestPan,medium,differs,3,2,0x3f 0x40
0613A2BC,SsBgmOff,medium,unknown,1,1,0x7f
0613A300,SsBgmFadeOut,medium,differs,1,0,0x7f 0x8000
